term,estimate,std.error,statistic,p.value,conf.low,conf.high,model,resolution,hr,hr_lower,hr_upper
(Intercept),-8.12316429082099,0.504679395095844,-16.0956923737263,2.73494815852259e-58,-9.11233590520885,-7.13399267643314,grid_M1,100km,0.000296588681200519,0.000110296771179765,0.00079752874789866
year_c,0.230173397552093,0.0114261437031527,20.1444514905395,3.01025840789255e-90,0.207778155893913,0.252568639210272,grid_M1,100km,1.25881826701234,1.23094006245859,1.28732785428962
temp_grad_prov_z,0.277752128504359,0.0409326756804201,6.78558447224157,1.15617477900994e-11,0.197524084170736,0.357980172837982,grid_M1,100km,1.32015892688259,1.21838240834623,1.43043725868745
log_effort_visits_z,-1.08715040373219,0.0870464047353166,-12.4893200016464,8.53802533453203e-36,-1.25776135701341,-0.916539450450974,grid_M1,100km,0.337175941342334,0.284289737896751,0.399900524940433
temp_grad_prov_z:log_effort_visits_z,0.24201692047371,0.0302619748151067,7.99739349306759,1.27080615851417e-15,0.182703449836101,0.301330391111319,grid_M1,100km,1.27381574619969,1.20045835916709,1.35165584284996
(Intercept),-8.08043181427416,0.507309054135083,-15.9280260196629,4.04940023680264e-57,-9.07475756037893,-7.0861060681694,grid_M2,100km,0.000309537343912265,0.000114520402808253,0.000836648884624385
year_c,0.208941498544242,0.0111516353258772,18.7363998587181,2.49979655574351e-78,0.187084293305522,0.230798703782961,grid_M2,100km,1.23237290081263,1.20572891564234,1.25960566007347
climate_velocity_z,-0.557242048483931,0.411223542097521,-1.35508304228308,0.175391100848472,-1.36324019099507,0.24875609402721,grid_M2,100km,0.572786605143715,0.255830492881188,1.28242920277854
log_effort_visits_z,-0.591228573607315,0.0754908088275936,-7.83179545681603,4.80951543769928e-15,-0.739190558909398,-0.443266588305232,grid_M2,100km,0.553646671040288,0.477500267472633,0.641936051630716
climate_velocity_z:log_effort_visits_z,-0.42420386869819,0.0489321254303537,-8.66923038734481,4.35050892889779e-18,-0.520110834541683,-0.328296902854696,grid_M2,100km,0.654290478962794,0.594454658209237,0.720149173615661
(Intercept),-7.95954584180976,0.491153750393402,-16.2058130176841,4.58779385502254e-59,-8.92220719258082,-6.99688449103869,grid_M3,100km,0.000349311724221324,0.000133393494494349,0.000914727372133154
year_c,0.19542332072608,0.0112221692589156,17.4140414582344,6.45611205178056e-68,0.173427868978605,0.217418772473554,grid_M3,100km,1.21582556172644,1.1893748928496,1.24286447060081
bio1_z,0.0945975346579121,0.0447375803719901,2.11449823328261,0.0344727355025746,0.00691187712881142,0.182283192187013,grid_M3,100km,1.09921636959731,1.00693581928149,1.19995396335476
log_effort_visits_z,-0.531297912367221,0.0764689652964469,-6.94788938633524,3.70791538546162e-12,-0.681177084348257,-0.381418740386185,grid_M3,100km,0.587841507569434,0.506021012261554,0.682891875333613
bio1_z:log_effort_visits_z,-0.195076545121482,0.032998091306767,-5.91175238918977,3.38487111598053e-09,-0.259752804082745,-0.130400286160218,grid_M3,100km,0.822771676487655,0.771242210167381,0.877744011811008
(Intercept),-8.07815640010828,0.507738819561036,-15.9100625929926,5.39595206242274e-57,-9.07332448644791,-7.08298831376865,grid_M4,100km,0.000310242471493883,0.000114684636663607,0.00083926142087326
year_c,0.20893852597383,0.0111516478360018,18.7361122810295,2.5133404943911e-78,0.187081296215266,0.230795755732393,grid_M4,100km,1.23236923750285,1.20572530196937,1.25960194669776
bio1_z,-0.00378764655211242,0.0407581444516707,-0.0929298083381509,0.925959324578854,-0.0836736096773869,0.0760983165731621,grid_M4,100km,0.996219517533227,0.919731398538552,1.07906865927502
climate_velocity_z,-0.558121400173643,0.411117912348663,-1.35757013598646,0.174600124492566,-1.36391250837702,0.247669708029737,grid_M4,100km,0.572283145666051,0.255658551400091,1.28103674615953
log_effort_visits_z,-0.591206815776058,0.0754909430059483,-7.83149331873459,4.82108973883035e-15,-0.739169064067716,-0.443244567484399,grid_M4,100km,0.553658717322183,0.477510531375595,0.641950187745139
climate_velocity_z:log_effort_visits_z,-0.424190827648879,0.0489322313743954,-8.66894510498134,4.36142158861473e-18,-0.520098001142694,-0.328283654155064,grid_M4,100km,0.654299011652831,0.594462287131999,0.720158714718957
(Intercept),-7.97919499137267,0.493046018132521,-16.1834690838696,6.59703720672619e-59,-8.94556518691241,-7.01282479583293,grid_M5,100km,0.000342515039124766,0.000130313797796305,0.000900261937036163
year_c,0.199409369756346,0.0113526191526535,17.5650541143836,4.56258963673843e-69,0.177158236217145,0.221660503295547,grid_M5,100km,1.22068157374915,1.19381998374026,1.24814756394201
mahalanobis_dist_z,0.24235509213021,0.0372749591441173,6.50182046325483,7.93537742909362e-11,0.16929617220774,0.31541401205268,grid_M5,100km,1.2742465874257,1.18447089433918,1.37082673227856
log_effort_visits_z,-0.543050815154202,0.0826800199248072,-6.56810213214844,5.09605851338595e-11,-0.705103654206824,-0.38099797610158,grid_M5,100km,0.580973104375615,0.4940573604781,0.683179272303951
mahalanobis_dist_z:log_effort_visits_z,-0.129465030650929,0.0259696355895906,-4.98524633525556,6.18829192309255e-07,-0.180365516406526,-0.0785645448953313,grid_M5,100km,0.878565310736107,0.834964962235308,0.924442389968578
(Intercept),-3.28093406287032,0.190510887314178,-17.2217667406043,1.82336218540953e-66,-3.65433540200611,-2.90753272373454,prov_prov_M1,province,0.0375931260593354,0.0258786906951661,0.0546103024901898
year_c,-0.0167564682108539,0.0436628168312001,-0.383769747967343,0.701149111948781,-0.102335589200006,0.0688226527782982,prov_prov_M1,province,0.983383140531794,0.902726555548007,1.07124620976185
temp_grad_z,0.0372307842550844,0.138296456600663,0.269209965101202,0.787768112222753,-0.233830270682215,0.308291839192384,prov_prov_M1,province,1.03793253168558,0.791496144596154,1.361098152766
log_effort_visits_z,0.00899936395469726,0.255374391558637,0.0352398840767513,0.971888459074575,-0.491534443500231,0.509533171409626,prov_prov_M1,province,1.00903997997852,0.611687074446627,1.66451397083412
temp_grad_z:log_effort_visits_z,0.163948319962993,0.128905372977003,1.27185016556479,0.203426361019128,-0.0887062110719336,0.41660285099792,prov_prov_M1,province,1.17815342650669,0.915114384559771,1.5167999976934
(Intercept),-3.29321230021834,0.189243228130847,-17.4020086887407,7.96598635114067e-68,-3.6641290273548,-2.92229557308188,prov_prov_M2,province,0.0371343708508852,0.0256264815309009,0.0538100205768902
year_c,-0.00914076663510783,0.0440331634880861,-0.207588233754339,0.835550492342366,-0.0954457670717566,0.077164233801541,prov_prov_M2,province,0.990900883171901,0.908967656294642,1.08021947037528
climate_velocity_z,-0.171643796173862,0.198239655672718,-0.86583986231915,0.386577985711295,-0.56019352129239,0.216905928944666,prov_prov_M2,province,0.842279142793503,0.571098533427894,1.24222723901379
log_effort_visits_z,-0.041203481903835,0.256487498850273,-0.160645185783062,0.872372863949484,-0.543918979650369,0.461512015842699,prov_prov_M2,province,0.959633841958541,0.580468943032323,1.58647094161734
climate_velocity_z:log_effort_visits_z,0.159764998127424,0.186426342210693,0.856987248866701,0.391451931676974,-0.205630632605534,0.525160628860382,prov_prov_M2,province,1.17323512614119,0.814133735209221,1.69073040666689
