term,estimate,std.error,statistic,p.value,conf.low,conf.high,climate_spec,climate_label,climate_var,effort_spec,effort_label,effort_var,hr,hr_lower,hr_upper
temp_grad_z:log_effort_record_z,0.192555867701931,0.0447502431862075,4.30290103454183,1.68576161411112e-05,0.104845391056964,0.280266344346897,clim_orig,"Temp gradient
(legacy)",temp_grad_z,spec_A,Record-based,log_effort_record_z,1.21234423270172,1.11053889783671,1.32348226741829
temp_grad_z:log_effort_visits_z,0.255955465386821,0.0452367484662596,5.65813136586791,1.53029987790919e-08,0.167291438392952,0.34461949238069,clim_orig,"Temp gradient
(legacy)",temp_grad_z,spec_B,Observer visits,log_effort_visits_z,1.29169520151261,1.18209872406412,1.41145274895009
temp_grad_z:effort_pc1_z,0.162605452594193,0.0404401638801524,4.02089005069532,5.79786630401298e-05,0.0833427313890944,0.241868173799292,clim_orig,"Temp gradient
(legacy)",temp_grad_z,spec_C,PCA composite,effort_pc1_z,1.17657238451723,1.08691426435409,1.27362628443488
temp_grad_z:log_effort_days_z,0.268271682917988,0.0478529776891516,5.60616487986716,2.06858914457279e-08,0.174479846647251,0.362063519188725,clim_orig,"Temp gradient
(legacy)",temp_grad_z,spec_D,Birding days,log_effort_days_z,1.30770237215383,1.1906267470224,1.43629017104936
climate_velocity_z:log_effort_record_z,-0.0214437713501972,0.0533089615602559,-0.402254531369159,0.687496713546677,-0.125929336008299,0.0830417933079044,clim_velocity,"Climate
velocity",climate_velocity_z,spec_A,Record-based,log_effort_record_z,0.978784511653422,0.881677147408812,1.08658721967353
climate_velocity_z:log_effort_visits_z,-0.0700647603269388,0.0571546855211838,-1.22587955279659,0.220244004438523,-0.182087943948459,0.0419584232945815,clim_velocity,"Climate
velocity",climate_velocity_z,spec_B,Observer visits,log_effort_visits_z,0.932333439732476,0.833528033445918,1.04285111953561
climate_velocity_z:effort_pc1_z,-0.127728847339104,0.0611216823520436,-2.0897469183427,0.0366405399266972,-0.24752734474911,-0.00793034992909887,clim_velocity,"Climate
velocity",climate_velocity_z,spec_C,PCA composite,effort_pc1_z,0.880091986077587,0.780728871683915,0.99210101233656
climate_velocity_z:log_effort_days_z,-0.0662740282197846,0.0586983792589857,-1.12906061558146,0.258872264032501,-0.181322851567397,0.0487747951278273,clim_velocity,"Climate
velocity",climate_velocity_z,spec_D,Birding days,log_effort_days_z,0.9358743731619,0.83416600341557,1.04998386263032
mahalanobis_dist_z:log_effort_record_z,0.115257387706797,0.0432569939985942,2.66447982285922,0.00771074919142467,0.0304736794695521,0.200041095944041,clim_mahal,"Mahalanobis
distance",mahalanobis_dist_z,spec_A,Record-based,log_effort_record_z,1.12216223116772,1.03094275473151,1.22145295389098
mahalanobis_dist_z:log_effort_visits_z,0.103512701718109,0.0462180304635018,2.23966059739072,0.0251129654471874,0.0129253620096456,0.194100041426573,clim_mahal,"Mahalanobis
distance",mahalanobis_dist_z,spec_B,Observer visits,log_effort_visits_z,1.10905988024157,1.01300925556304,1.21421774895609
mahalanobis_dist_z:effort_pc1_z,0.122758048227613,0.0398272976527977,3.0822590399625,0.0020543597805138,0.0446965448281296,0.200819551627096,clim_mahal,"Mahalanobis
distance",mahalanobis_dist_z,spec_C,PCA composite,effort_pc1_z,1.13061083455617,1.0457104855016,1.2224041710767
mahalanobis_dist_z:log_effort_days_z,0.125673595768123,0.0559060770401953,2.24794159099675,0.0245799146408042,0.0160976847693405,0.235249506766906,clim_mahal,"Mahalanobis
distance",mahalanobis_dist_z,spec_D,Birding days,log_effort_days_z,1.13391199419964,1.01622795055062,1.26522441140606
climate_exposure_z:log_effort_record_z,0.00540054901098277,0.055780015480529,0.0968187076403362,0.922870367180863,-0.103928281330854,0.11472937935282,clim_exposure,"Climate
exposure",climate_exposure_z,spec_A,Record-based,log_effort_record_z,1.00541515826328,0.901289934417948,1.121569876533
climate_exposure_z:log_effort_visits_z,-0.0171057690139026,0.060329280173529,-0.2835400814447,0.776762861156685,-0.135351158154019,0.101139620126214,clim_exposure,"Climate
exposure",climate_exposure_z,spec_B,Observer visits,log_effort_visits_z,0.983039703995923,0.873409153084893,1.10643111103103
climate_exposure_z:effort_pc1_z,0.0142571377141916,0.0539527868599434,0.264252109000446,0.791585660416748,-0.0914903245312975,0.120004599959681,clim_exposure,"Climate
exposure",climate_exposure_z,spec_C,PCA composite,effort_pc1_z,1.01435925542706,0.912570145653179,1.12750203803136
climate_exposure_z:log_effort_days_z,-0.0674713234772168,0.0669051696459205,-1.00846203416406,0.313232705142386,-0.198605455983221,0.0636628090287874,clim_exposure,"Climate
exposure",climate_exposure_z,spec_D,Birding days,log_effort_days_z,0.934754525741141,0.819873305635791,1.06573298262951
warming_rate_z:log_effort_record_z,0.00436535835175918,0.0496535850692234,0.0879162772571872,0.929943219318847,-0.0929556683839187,0.101686385087437,clim_warming,"Warming
rate",warming_rate_z,spec_A,Record-based,log_effort_record_z,1.00437490040831,0.911233895871965,1.10703623420955
warming_rate_z:log_effort_visits_z,-0.0569654296306079,0.0557769583230686,-1.02130756755604,0.307108742185241,-0.166288267943822,0.0523574086826065,clim_warming,"Warming
rate",warming_rate_z,spec_B,Observer visits,log_effort_visits_z,0.944626724896881,0.846802093103863,1.05375229543742
warming_rate_z:effort_pc1_z,-0.0616752258531041,0.0514182102990656,-1.19948215805996,0.230340518301834,-0.162454918039273,0.0391044663330644,clim_warming,"Warming
rate",warming_rate_z,spec_C,PCA composite,effort_pc1_z,0.940188186027795,0.850054411481188,1.03987911033363
warming_rate_z:log_effort_days_z,-0.0982251082818388,0.0631420846052907,-1.55562029501966,0.119798409812647,-0.221983594108209,0.0255333775445309,clim_warming,"Warming
rate",warming_rate_z,spec_D,Birding days,log_effort_days_z,0.906444832546887,0.800928504173246,1.02586214645849
precip_velocity_z:log_effort_record_z,-0.114144985245932,0.0498219309126548,-2.2910590407675,0.0219599991695741,-0.211795969834735,-0.0164940006571283,clim_precip_vel,"Precipitation
velocity",precip_velocity_z,spec_A,Record-based,log_effort_record_z,0.89212860102074,0.809129767606499,0.983641280574276
precip_velocity_z:log_effort_visits_z,-0.136822092823372,0.0524118277716124,-2.61051939305728,0.00904048459443954,-0.239549275255733,-0.034094910391012,clim_precip_vel,"Precipitation
velocity",precip_velocity_z,spec_B,Observer visits,log_effort_visits_z,0.872125369693311,0.786982493622897,0.966479771311352
precip_velocity_z:effort_pc1_z,-0.146802658916886,0.0559996895817389,-2.6214905834899,0.00875461808006432,-0.256562050497094,-0.0370432673366777,clim_precip_vel,"Precipitation
velocity",precip_velocity_z,spec_C,PCA composite,effort_pc1_z,0.86346435759582,0.773706984166981,0.963634440551275
precip_velocity_z:log_effort_days_z,-0.11062273015722,0.0580081270017856,-1.90702123779681,0.0565178373674325,-0.224318659080719,0.00307319876628004,clim_precip_vel,"Precipitation
velocity",precip_velocity_z,spec_D,Birding days,log_effort_days_z,0.895276446027598,0.799060465921804,1.00307792588282
