province,year,climate_scenario,effort_scenario,hazard_mean
Hainan,2030,current,baseline,0.0503746047616005
Guangdong,2030,current,baseline,0.0856037586927414
Yunnan,2030,current,baseline,0.0192420091480017
Guangxi,2030,current,baseline,0.0344646796584129
Guizhou,2030,current,baseline,0.221927285194397
Fujian,2030,current,baseline,0.0216995142400265
Hunan,2030,current,baseline,0.0155808385461569
Jiangxi,2030,current,baseline,0.0217745471745729
Sichuan,2030,current,baseline,0.202341750264168
Tibet,2030,current,baseline,0.15326651930809
Zhejiang,2030,current,baseline,0.0144040891900659
Chongqing,2030,current,baseline,0.102338187396526
Hubei,2030,current,baseline,0.0267897006124258
Anhui,2030,current,baseline,0.0474686846137047
Shaanxi,2030,current,baseline,0.158420071005821
Qinghai,2030,current,baseline,0.1220967695117
Henan,2030,current,baseline,0.0573702044785023
Jiangsu,2030,current,baseline,0.0304173231124878
Shanghai,2030,current,baseline,0.0305352471768856
Gansu,2030,current,baseline,0.107303753495216
Shanxi,2030,current,baseline,0.236601561307907
Ningxia,2030,current,baseline,0.107820875942707
Shandong,2030,current,baseline,0.149762764573097
Hebei,2030,current,baseline,0.212589412927628
Xinjiang,2030,current,baseline,0.277350187301636
Inner Mongolia,2030,current,baseline,0.0432942733168602
Tianjin,2030,current,baseline,0.0968052074313164
Beijing,2030,current,baseline,0.111239202320576
Liaoning,2030,current,baseline,0.159969091415405
Jilin,2030,current,baseline,0.0418970435857773
Heilongjiang,2030,current,baseline,0.142421826720238
Hainan,2030,current,trend,0.0667662024497986
Guangdong,2030,current,trend,0.0709960907697678
Yunnan,2030,current,trend,0.0129377553239465
Guangxi,2030,current,trend,0.0392767153680325
Guizhou,2030,current,trend,0.10092993080616
Fujian,2030,current,trend,0.0234307330101728
Hunan,2030,current,trend,0.0139827243983746
Jiangxi,2030,current,trend,0.0166652910411358
Sichuan,2030,current,trend,0.0800656154751778
Tibet,2030,current,trend,0.0892344862222672
Zhejiang,2030,current,trend,0.0200176034122705
Chongqing,2030,current,trend,0.0882946476340294
Hubei,2030,current,trend,0.0246044248342514
Anhui,2030,current,trend,0.0402090772986412
Shaanxi,2030,current,trend,0.101036705076694
Qinghai,2030,current,trend,0.0959490016102791
Henan,2030,current,trend,0.0494463555514813
Jiangsu,2030,current,trend,0.0298440307378769
Shanghai,2030,current,trend,0.02647740021348
Gansu,2030,current,trend,0.154770448803902
Shanxi,2030,current,trend,0.178355664014816
Ningxia,2030,current,trend,0.0668083429336548
Shandong,2030,current,trend,0.130948856472969
Hebei,2030,current,trend,0.188927471637726
Xinjiang,2030,current,trend,0.365411341190338
Inner Mongolia,2030,current,trend,0.04437455534935
Tianjin,2030,current,trend,0.138515070080757
Beijing,2030,current,trend,0.104491084814072
Liaoning,2030,current,trend,0.305666893720627
Jilin,2030,current,trend,0.0630304515361786
Heilongjiang,2030,current,trend,0.127298668026924
Hainan,2030,current,doubled,0.0534191429615021
Guangdong,2030,current,doubled,0.068601556122303
Yunnan,2030,current,doubled,0.0335065610706806
Guangxi,2030,current,doubled,0.0700838714838028
Guizhou,2030,current,doubled,0.045569434762001
Fujian,2030,current,doubled,0.025552861392498
Hunan,2030,current,doubled,0.0326410494744778
Jiangxi,2030,current,doubled,0.0325219221413136
Sichuan,2030,current,doubled,0.0809899121522903
Tibet,2030,current,doubled,0.11090149730444
Zhejiang,2030,current,doubled,0.0204806607216597
Chongqing,2030,current,doubled,0.0827633067965508
Hubei,2030,current,doubled,0.063206747174263
Anhui,2030,current,doubled,0.0407111421227455
Shaanxi,2030,current,doubled,0.0886059626936913
Qinghai,2030,current,doubled,0.0961391255259514
Henan,2030,current,doubled,0.0498987622559071
Jiangsu,2030,current,doubled,0.0541202686727047
Shanghai,2030,current,doubled,0.0435698293149471
Gansu,2030,current,doubled,0.220131143927574
Shanxi,2030,current,doubled,0.192709133028984
Ningxia,2030,current,doubled,0.189179837703705
Shandong,2030,current,doubled,0.134560108184814
Hebei,2030,current,doubled,0.0764740332961083
Xinjiang,2030,current,doubled,0.133010908961296
Inner Mongolia,2030,current,doubled,0.172799646854401
Tianjin,2030,current,doubled,0.076122984290123
Beijing,2030,current,doubled,0.0910917147994041
Liaoning,2030,current,doubled,0.185927763581276
Jilin,2030,current,doubled,0.0532477460801601
Heilongjiang,2030,current,doubled,0.0894396901130676
Hainan,2030,ssp245,baseline,0.05217594653368
Guangdong,2030,ssp245,baseline,0.0596419312059879
Yunnan,2030,ssp245,baseline,0.0146275898441672
Guangxi,2030,ssp245,baseline,0.0323222205042839
Guizhou,2030,ssp245,baseline,0.108742162585258
Fujian,2030,ssp245,baseline,0.032178919762373
Hunan,2030,ssp245,baseline,0.0194218773394823
Jiangxi,2030,ssp245,baseline,0.0277859326452017
Sichuan,2030,ssp245,baseline,0.0868514254689217
Tibet,2030,ssp245,baseline,0.188544511795044
Zhejiang,2030,ssp245,baseline,0.015394788235426
Chongqing,2030,ssp245,baseline,0.0560689531266689
Hubei,2030,ssp245,baseline,0.0173240434378386
Anhui,2030,ssp245,baseline,0.0371516570448875
Shaanxi,2030,ssp245,baseline,0.0750196799635887
Qinghai,2030,ssp245,baseline,0.0822863802313805
Henan,2030,ssp245,baseline,0.0285760536789894
Jiangsu,2030,ssp245,baseline,0.0157389938831329
Shanghai,2030,ssp245,baseline,0.0247561745345593
Gansu,2030,ssp245,baseline,0.293455302715302
Shanxi,2030,ssp245,baseline,0.319070070981979
Ningxia,2030,ssp245,baseline,0.29539966583252
Shandong,2030,ssp245,baseline,0.0478257760405541
Hebei,2030,ssp245,baseline,0.0974389016628265
Xinjiang,2030,ssp245,baseline,0.15767477452755
Inner Mongolia,2030,ssp245,baseline,0.175978943705559
Tianjin,2030,ssp245,baseline,0.0657949298620224
Beijing,2030,ssp245,baseline,0.0534932389855385
Liaoning,2030,ssp245,baseline,0.177656099200249
Jilin,2030,ssp245,baseline,0.0430842414498329
Heilongjiang,2030,ssp245,baseline,0.0601186901330948
Hainan,2030,ssp245,trend,0.0357775203883648
Guangdong,2030,ssp245,trend,0.0852128118276596
Yunnan,2030,ssp245,trend,0.0131841842085123
Guangxi,2030,ssp245,trend,0.0271557494997978
Guizhou,2030,ssp245,trend,0.093161441385746
Fujian,2030,ssp245,trend,0.0180643703788519
Hunan,2030,ssp245,trend,0.0243575982749462
Jiangxi,2030,ssp245,trend,0.0312530621886253
Sichuan,2030,ssp245,trend,0.101358652114868
Tibet,2030,ssp245,trend,0.119914770126343
Zhejiang,2030,ssp245,trend,0.023120578378439
Chongqing,2030,ssp245,trend,0.045371450483799
Hubei,2030,ssp245,trend,0.0174580030143261
Anhui,2030,ssp245,trend,0.0245200544595718
Shaanxi,2030,ssp245,trend,0.0982105433940887
Qinghai,2030,ssp245,trend,0.129165083169937
Henan,2030,ssp245,trend,0.0276720859110355
Jiangsu,2030,ssp245,trend,0.0138002363964915
Shanghai,2030,ssp245,trend,0.0215844269841909
Gansu,2030,ssp245,trend,0.185994401574135
Shanxi,2030,ssp245,trend,0.179942801594734
Ningxia,2030,ssp245,trend,0.206305384635925
Shandong,2030,ssp245,trend,0.0396872982382774
Hebei,2030,ssp245,trend,0.10759100317955
Xinjiang,2030,ssp245,trend,0.124929942190647
Inner Mongolia,2030,ssp245,trend,0.150988325476646
Tianjin,2030,ssp245,trend,0.0570815838873386
Beijing,2030,ssp245,trend,0.051753468811512
Liaoning,2030,ssp245,trend,0.183179944753647
Jilin,2030,ssp245,trend,0.176226913928986
Heilongjiang,2030,ssp245,trend,0.0813591703772545
Hainan,2030,ssp245,doubled,0.0447121039032936
Guangdong,2030,ssp245,doubled,0.0584404729306698
Yunnan,2030,ssp245,doubled,0.0268511101603508
Guangxi,2030,ssp245,doubled,0.0293057877570391
Guizhou,2030,ssp245,doubled,0.0244447384029627
Fujian,2030,ssp245,doubled,0.0260418057441711
Hunan,2030,ssp245,doubled,0.0222453474998474
Jiangxi,2030,ssp245,doubled,0.0558511801064014
Sichuan,2030,ssp245,doubled,0.0821513086557388
Tibet,2030,ssp245,doubled,0.199804380536079
Zhejiang,2030,ssp245,doubled,0.0238141920417547
Chongqing,2030,ssp245,doubled,0.0471341386437416
Hubei,2030,ssp245,doubled,0.0222046542912722
Anhui,2030,ssp245,doubled,0.0487686768174171
Shaanxi,2030,ssp245,doubled,0.0987127125263214
Qinghai,2030,ssp245,doubled,0.169691801071167
Henan,2030,ssp245,doubled,0.0371377542614937
Jiangsu,2030,ssp245,doubled,0.0156396254897118
Shanghai,2030,ssp245,doubled,0.0209662411361933
Gansu,2030,ssp245,doubled,0.223498627543449
Shanxi,2030,ssp245,doubled,0.102591916918755
Ningxia,2030,ssp245,doubled,0.178742125630379
Shandong,2030,ssp245,doubled,0.0409215725958347
Hebei,2030,ssp245,doubled,0.1191466152668
Xinjiang,2030,ssp245,doubled,0.0940895900130272
Inner Mongolia,2030,ssp245,doubled,0.137021958827972
Tianjin,2030,ssp245,doubled,0.0617499984800816
Beijing,2030,ssp245,doubled,0.0912418439984322
Liaoning,2030,ssp245,doubled,0.0990145653486252
Jilin,2030,ssp245,doubled,0.154447540640831
Heilongjiang,2030,ssp245,doubled,0.0476781390607357
Hainan,2030,ssp585,baseline,0.0143781462684274
Guangdong,2030,ssp585,baseline,0.0459158085286617
Yunnan,2030,ssp585,baseline,0.0239009242504835
Guangxi,2030,ssp585,baseline,0.0386636666953564
Guizhou,2030,ssp585,baseline,0.147163361310959
Fujian,2030,ssp585,baseline,0.0625007376074791
Hunan,2030,ssp585,baseline,0.0281786099076271
Jiangxi,2030,ssp585,baseline,0.0597060360014439
Sichuan,2030,ssp585,baseline,0.0377377383410931
Tibet,2030,ssp585,baseline,0.214235752820969
Zhejiang,2030,ssp585,baseline,0.023298529908061
Chongqing,2030,ssp585,baseline,0.0290205087512732
Hubei,2030,ssp585,baseline,0.0203570630401373
Anhui,2030,ssp585,baseline,0.0427246540784836
Shaanxi,2030,ssp585,baseline,0.0430900417268276
Qinghai,2030,ssp585,baseline,0.198719814419746
Henan,2030,ssp585,baseline,0.0294999815523624
Jiangsu,2030,ssp585,baseline,0.0256793554872274
Shanghai,2030,ssp585,baseline,0.0340488441288471
Gansu,2030,ssp585,baseline,0.449683398008347
Shanxi,2030,ssp585,baseline,0.102790057659149
Ningxia,2030,ssp585,baseline,0.203781813383102
Shandong,2030,ssp585,baseline,0.031274002045393
Hebei,2030,ssp585,baseline,0.0527711845934391
Xinjiang,2030,ssp585,baseline,0.0798225626349449
Inner Mongolia,2030,ssp585,baseline,0.270254582166672
Tianjin,2030,ssp585,baseline,0.0252149384468794
Beijing,2030,ssp585,baseline,0.0149044310674071
Liaoning,2030,ssp585,baseline,0.0800382792949677
Jilin,2030,ssp585,baseline,0.143527805805206
Heilongjiang,2030,ssp585,baseline,0.204936295747757
Hainan,2030,ssp585,trend,0.0234746560454369
Guangdong,2030,ssp585,trend,0.0596583820879459
Yunnan,2030,ssp585,trend,0.0668635666370392
Guangxi,2030,ssp585,trend,0.0751351565122604
Guizhou,2030,ssp585,trend,0.100548803806305
Fujian,2030,ssp585,trend,0.0496591627597809
Hunan,2030,ssp585,trend,0.0431602969765663
Jiangxi,2030,ssp585,trend,0.0387689210474491
Sichuan,2030,ssp585,trend,0.0274689830839634
Tibet,2030,ssp585,trend,0.239333271980286
Zhejiang,2030,ssp585,trend,0.0274852756410837
Chongqing,2030,ssp585,trend,0.0284922197461128
Hubei,2030,ssp585,trend,0.0275614056736231
Anhui,2030,ssp585,trend,0.0351202376186848
Shaanxi,2030,ssp585,trend,0.0324867404997349
Qinghai,2030,ssp585,trend,0.242983132600784
Henan,2030,ssp585,trend,0.0292549151927233
Jiangsu,2030,ssp585,trend,0.0302806664258242
Shanghai,2030,ssp585,trend,0.0414624251425266
Gansu,2030,ssp585,trend,0.212821915745735
Shanxi,2030,ssp585,trend,0.118322275578976
Ningxia,2030,ssp585,trend,0.155016422271729
Shandong,2030,ssp585,trend,0.0341441929340363
Hebei,2030,ssp585,trend,0.0469195656478405
Xinjiang,2030,ssp585,trend,0.0797455459833145
Inner Mongolia,2030,ssp585,trend,0.166480958461761
Tianjin,2030,ssp585,trend,0.0251400545239449
Beijing,2030,ssp585,trend,0.0182095095515251
Liaoning,2030,ssp585,trend,0.0961820632219315
Jilin,2030,ssp585,trend,0.187069356441498
Heilongjiang,2030,ssp585,trend,0.261468410491943
Hainan,2030,ssp585,doubled,0.0184551682323217
Guangdong,2030,ssp585,doubled,0.051372341811657
Yunnan,2030,ssp585,doubled,0.0305474735796452
Guangxi,2030,ssp585,doubled,0.0513853579759598
Guizhou,2030,ssp585,doubled,0.061652421951294
Fujian,2030,ssp585,doubled,0.0494513772428036
Hunan,2030,ssp585,doubled,0.0397223047912121
Jiangxi,2030,ssp585,doubled,0.0452168546617031
Sichuan,2030,ssp585,doubled,0.0699854046106339
Tibet,2030,ssp585,doubled,0.121632598340511
Zhejiang,2030,ssp585,doubled,0.0246841572225094
Chongqing,2030,ssp585,doubled,0.060426976531744
Hubei,2030,ssp585,doubled,0.028431348502636
Anhui,2030,ssp585,doubled,0.0519976057112217
Shaanxi,2030,ssp585,doubled,0.0368757732212544
Qinghai,2030,ssp585,doubled,0.148225545883179
Henan,2030,ssp585,doubled,0.0312084965407848
Jiangsu,2030,ssp585,doubled,0.0272026304155588
Shanghai,2030,ssp585,doubled,0.0410889647901058
Gansu,2030,ssp585,doubled,0.13859336078167
Shanxi,2030,ssp585,doubled,0.0702360942959786
Ningxia,2030,ssp585,doubled,0.168769970536232
Shandong,2030,ssp585,doubled,0.0611820407211781
Hebei,2030,ssp585,doubled,0.0445082038640976
Xinjiang,2030,ssp585,doubled,0.0771735981106758
Inner Mongolia,2030,ssp585,doubled,0.0952581912279129
Tianjin,2030,ssp585,doubled,0.0491255670785904
Beijing,2030,ssp585,doubled,0.0172694213688374
Liaoning,2030,ssp585,doubled,0.0533724613487721
Jilin,2030,ssp585,doubled,0.179250165820122
Heilongjiang,2030,ssp585,doubled,0.116459608078003
Hainan,2035,current,baseline,0.0503746047616005
Guangdong,2035,current,baseline,0.0856037586927414
Yunnan,2035,current,baseline,0.0192420091480017
Guangxi,2035,current,baseline,0.0344646796584129
Guizhou,2035,current,baseline,0.221927285194397
Fujian,2035,current,baseline,0.0216995142400265
Hunan,2035,current,baseline,0.0155808385461569
Jiangxi,2035,current,baseline,0.0217745471745729
Sichuan,2035,current,baseline,0.202341750264168
Tibet,2035,current,baseline,0.15326651930809
Zhejiang,2035,current,baseline,0.0144040891900659
Chongqing,2035,current,baseline,0.102338187396526
Hubei,2035,current,baseline,0.0267897006124258
Anhui,2035,current,baseline,0.0474686846137047
Shaanxi,2035,current,baseline,0.158420071005821
Qinghai,2035,current,baseline,0.1220967695117
Henan,2035,current,baseline,0.0573702044785023
Jiangsu,2035,current,baseline,0.0304173231124878
Shanghai,2035,current,baseline,0.0305352471768856
Gansu,2035,current,baseline,0.107303753495216
Shanxi,2035,current,baseline,0.236601561307907
Ningxia,2035,current,baseline,0.107820875942707
Shandong,2035,current,baseline,0.149762764573097
Hebei,2035,current,baseline,0.212589412927628
Xinjiang,2035,current,baseline,0.277350187301636
Inner Mongolia,2035,current,baseline,0.0432942733168602
Tianjin,2035,current,baseline,0.0968052074313164
Beijing,2035,current,baseline,0.111239202320576
Liaoning,2035,current,baseline,0.159969091415405
Jilin,2035,current,baseline,0.0418970435857773
Heilongjiang,2035,current,baseline,0.142421826720238
Hainan,2035,current,trend,0.0452477969229221
Guangdong,2035,current,trend,0.121631808578968
Yunnan,2035,current,trend,0.00940378196537495
Guangxi,2035,current,trend,0.033021055161953
Guizhou,2035,current,trend,0.0875980705022812
Fujian,2035,current,trend,0.0205643102526665
Hunan,2035,current,trend,0.0151228783652186
Jiangxi,2035,current,trend,0.0143394367769361
Sichuan,2035,current,trend,0.109601512551308
Tibet,2035,current,trend,0.10649199783802
Zhejiang,2035,current,trend,0.0180823989212513
Chongqing,2035,current,trend,0.072600744664669
Hubei,2035,current,trend,0.0420805402100086
Anhui,2035,current,trend,0.0396872982382774
Shaanxi,2035,current,trend,0.12149665504694
Qinghai,2035,current,trend,0.0833994448184967
Henan,2035,current,trend,0.0269259810447693
Jiangsu,2035,current,trend,0.0293440353125334
Shanghai,2035,current,trend,0.0199001748114824
Gansu,2035,current,trend,0.120462618768215
Shanxi,2035,current,trend,0.42634117603302
Ningxia,2035,current,trend,0.131715714931488
Shandong,2035,current,trend,0.0887881889939308
Hebei,2035,current,trend,0.130749389529228
Xinjiang,2035,current,trend,0.214330509305
Inner Mongolia,2035,current,trend,0.167217016220093
Tianjin,2035,current,trend,0.11274091899395
Beijing,2035,current,trend,0.0749532133340836
Liaoning,2035,current,trend,0.530290246009827
Jilin,2035,current,trend,0.0362165868282318
Heilongjiang,2035,current,trend,0.12244538217783
Hainan,2035,current,doubled,0.0534191429615021
Guangdong,2035,current,doubled,0.068601556122303
Yunnan,2035,current,doubled,0.0335065610706806
Guangxi,2035,current,doubled,0.0700838714838028
Guizhou,2035,current,doubled,0.045569434762001
Fujian,2035,current,doubled,0.025552861392498
Hunan,2035,current,doubled,0.0326410494744778
Jiangxi,2035,current,doubled,0.0325219221413136
Sichuan,2035,current,doubled,0.0809899121522903
Tibet,2035,current,doubled,0.11090149730444
Zhejiang,2035,current,doubled,0.0204806607216597
Chongqing,2035,current,doubled,0.0827633067965508
Hubei,2035,current,doubled,0.063206747174263
Anhui,2035,current,doubled,0.0407111421227455
Shaanxi,2035,current,doubled,0.0886059626936913
Qinghai,2035,current,doubled,0.0961391255259514
Henan,2035,current,doubled,0.0498987622559071
Jiangsu,2035,current,doubled,0.0541202686727047
Shanghai,2035,current,doubled,0.0435698293149471
Gansu,2035,current,doubled,0.220131143927574
Shanxi,2035,current,doubled,0.192709133028984
Ningxia,2035,current,doubled,0.189179837703705
Shandong,2035,current,doubled,0.134560108184814
Hebei,2035,current,doubled,0.0764740332961083
Xinjiang,2035,current,doubled,0.133010908961296
Inner Mongolia,2035,current,doubled,0.172799646854401
Tianjin,2035,current,doubled,0.076122984290123
Beijing,2035,current,doubled,0.0910917147994041
Liaoning,2035,current,doubled,0.185927763581276
Jilin,2035,current,doubled,0.0532477460801601
Heilongjiang,2035,current,doubled,0.0894396901130676
Hainan,2035,ssp245,baseline,0.0172341987490654
Guangdong,2035,ssp245,baseline,0.0848315507173538
Yunnan,2035,ssp245,baseline,0.0272945687174797
Guangxi,2035,ssp245,baseline,0.0652538686990738
Guizhou,2035,ssp245,baseline,0.139597088098526
Fujian,2035,ssp245,baseline,0.0345718115568161
Hunan,2035,ssp245,baseline,0.0306239556521177
Jiangxi,2035,ssp245,baseline,0.0230601988732815
Sichuan,2035,ssp245,baseline,0.124290093779564
Tibet,2035,ssp245,baseline,0.231160283088684
Zhejiang,2035,ssp245,baseline,0.0150221195071936
Chongqing,2035,ssp245,baseline,0.0606296099722385
Hubei,2035,ssp245,baseline,0.0285437162965536
Anhui,2035,ssp245,baseline,0.0360673107206821
Shaanxi,2035,ssp245,baseline,0.067103385925293
Qinghai,2035,ssp245,baseline,0.285385847091675
Henan,2035,ssp245,baseline,0.0342621169984341
Jiangsu,2035,ssp245,baseline,0.0178734138607979
Shanghai,2035,ssp245,baseline,0.023529663681984
Gansu,2035,ssp245,baseline,0.204294487833977
Shanxi,2035,ssp245,baseline,0.252512633800507
Ningxia,2035,ssp245,baseline,0.23418453335762
Shandong,2035,ssp245,baseline,0.0399423949420452
Hebei,2035,ssp245,baseline,0.0659550800919533
Xinjiang,2035,ssp245,baseline,0.12260726839304
Inner Mongolia,2035,ssp245,baseline,0.173347786068916
Tianjin,2035,ssp245,baseline,0.030664399266243
Beijing,2035,ssp245,baseline,0.0261087771505117
Liaoning,2035,ssp245,baseline,0.117858722805977
Jilin,2035,ssp245,baseline,0.182598426938057
Heilongjiang,2035,ssp245,baseline,0.0543037503957748
Hainan,2035,ssp245,trend,0.0285300817340612
Guangdong,2035,ssp245,trend,0.144182443618774
Yunnan,2035,ssp245,trend,0.04244689270854
Guangxi,2035,ssp245,trend,0.0675380751490593
Guizhou,2035,ssp245,trend,0.050003606826067
Fujian,2035,ssp245,trend,0.0494697242975235
Hunan,2035,ssp245,trend,0.0287025049328804
Jiangxi,2035,ssp245,trend,0.0191081892699003
Sichuan,2035,ssp245,trend,0.0872993096709251
Tibet,2035,ssp245,trend,0.190653949975967
Zhejiang,2035,ssp245,trend,0.0263932384550571
Chongqing,2035,ssp245,trend,0.0404918864369392
Hubei,2035,ssp245,trend,0.0348003320395947
Anhui,2035,ssp245,trend,0.0490714684128761
Shaanxi,2035,ssp245,trend,0.0613502711057663
Qinghai,2035,ssp245,trend,0.121766738593578
Henan,2035,ssp245,trend,0.0204022768884897
Jiangsu,2035,ssp245,trend,0.0313341990113258
Shanghai,2035,ssp245,trend,0.0249138474464417
Gansu,2035,ssp245,trend,0.187896221876144
Shanxi,2035,ssp245,trend,0.182559818029404
Ningxia,2035,ssp245,trend,0.143035545945168
Shandong,2035,ssp245,trend,0.0244888961315155
Hebei,2035,ssp245,trend,0.08857361972332
Xinjiang,2035,ssp245,trend,0.155424639582634
Inner Mongolia,2035,ssp245,trend,0.465925067663193
Tianjin,2035,ssp245,trend,0.0270714126527309
Beijing,2035,ssp245,trend,0.0327272638678551
Liaoning,2035,ssp245,trend,0.195161789655685
Jilin,2035,ssp245,trend,0.162916377186775
Heilongjiang,2035,ssp245,trend,0.193464860320091
Hainan,2035,ssp245,doubled,0.021837217733264
Guangdong,2035,ssp245,doubled,0.0927838459610939
Yunnan,2035,ssp245,doubled,0.0382490754127502
Guangxi,2035,ssp245,doubled,0.0502128265798092
Guizhou,2035,ssp245,doubled,0.0549688376486301
Fujian,2035,ssp245,doubled,0.043386772274971
Hunan,2035,ssp245,doubled,0.0263346210122108
Jiangxi,2035,ssp245,doubled,0.0242371428757906
Sichuan,2035,ssp245,doubled,0.128680974245071
Tibet,2035,ssp245,doubled,0.153637662529945
Zhejiang,2035,ssp245,doubled,0.0251943822950125
Chongqing,2035,ssp245,doubled,0.0857340767979622
Hubei,2035,ssp245,doubled,0.0279757585376501
Anhui,2035,ssp245,doubled,0.067627027630806
Shaanxi,2035,ssp245,doubled,0.0450803935527802
Qinghai,2035,ssp245,doubled,0.139452204108238
Henan,2035,ssp245,doubled,0.045935645699501
Jiangsu,2035,ssp245,doubled,0.0301134046167135
Shanghai,2035,ssp245,doubled,0.024638943374157
Gansu,2035,ssp245,doubled,0.133561074733734
Shanxi,2035,ssp245,doubled,0.121646352112293
Ningxia,2035,ssp245,doubled,0.153683856129646
Shandong,2035,ssp245,doubled,0.04989393055439
Hebei,2035,ssp245,doubled,0.0440055094659328
Xinjiang,2035,ssp245,doubled,0.108124107122421
Inner Mongolia,2035,ssp245,doubled,0.182697713375092
Tianjin,2035,ssp245,doubled,0.0412726402282715
Beijing,2035,ssp245,doubled,0.0240567103028297
Liaoning,2035,ssp245,doubled,0.127258822321892
Jilin,2035,ssp245,doubled,0.16398423910141
Heilongjiang,2035,ssp245,doubled,0.195914179086685
Hainan,2035,ssp585,baseline,0.0338364988565445
Guangdong,2035,ssp585,baseline,0.0731027275323868
Yunnan,2035,ssp585,baseline,0.0511556267738342
Guangxi,2035,ssp585,baseline,0.0789710283279419
Guizhou,2035,ssp585,baseline,0.106415092945099
Fujian,2035,ssp585,baseline,0.021305026486516
Hunan,2035,ssp585,baseline,0.019770747050643
Jiangxi,2035,ssp585,baseline,0.017417062073946
Sichuan,2035,ssp585,baseline,0.0289492532610893
Tibet,2035,ssp585,baseline,0.0954141393303871
Zhejiang,2035,ssp585,baseline,0.0168353449553251
Chongqing,2035,ssp585,baseline,0.0252808835357428
Hubei,2035,ssp585,baseline,0.0202111806720495
Anhui,2035,ssp585,baseline,0.0202842485159636
Shaanxi,2035,ssp585,baseline,0.0327221117913723
Qinghai,2035,ssp585,baseline,0.0981658324599266
Henan,2035,ssp585,baseline,0.0588711202144623
Jiangsu,2035,ssp585,baseline,0.0224557220935822
Shanghai,2035,ssp585,baseline,0.0198506601154804
Gansu,2035,ssp585,baseline,0.0878148078918457
Shanxi,2035,ssp585,baseline,0.101378999650478
Ningxia,2035,ssp585,baseline,0.127122059464455
Shandong,2035,ssp585,baseline,0.0514997057616711
Hebei,2035,ssp585,baseline,0.0278883576393127
Xinjiang,2035,ssp585,baseline,0.0336682572960854
Inner Mongolia,2035,ssp585,baseline,0.123816125094891
Tianjin,2035,ssp585,baseline,0.0616315342485905
Beijing,2035,ssp585,baseline,0.0274852756410837
Liaoning,2035,ssp585,baseline,0.0553179644048214
Jilin,2035,ssp585,baseline,0.13814851641655
Heilongjiang,2035,ssp585,baseline,0.276884078979492
Hainan,2035,ssp585,trend,0.0349921956658363
Guangdong,2035,ssp585,trend,0.126134112477303
Yunnan,2035,ssp585,trend,0.0204779338091612
Guangxi,2035,ssp585,trend,0.0688138082623482
Guizhou,2035,ssp585,trend,0.0524709299206734
Fujian,2035,ssp585,trend,0.0195860434323549
Hunan,2035,ssp585,trend,0.0191029515117407
Jiangxi,2035,ssp585,trend,0.0169810354709625
Sichuan,2035,ssp585,trend,0.0364506356418133
Tibet,2035,ssp585,trend,0.0940443426370621
Zhejiang,2035,ssp585,trend,0.0117259696125984
Chongqing,2035,ssp585,trend,0.0350964516401291
Hubei,2035,ssp585,trend,0.0292518958449364
Anhui,2035,ssp585,trend,0.0280647911131382
Shaanxi,2035,ssp585,trend,0.0400499142706394
Qinghai,2035,ssp585,trend,0.0831503868103027
Henan,2035,ssp585,trend,0.0646415054798126
Jiangsu,2035,ssp585,trend,0.0156678035855293
Shanghai,2035,ssp585,trend,0.0191802177578211
Gansu,2035,ssp585,trend,0.0464526042342186
Shanxi,2035,ssp585,trend,0.071297861635685
Ningxia,2035,ssp585,trend,0.0610966421663761
Shandong,2035,ssp585,trend,0.0665450468659401
Hebei,2035,ssp585,trend,0.0299444105476141
Xinjiang,2035,ssp585,trend,0.0374289378523827
Inner Mongolia,2035,ssp585,trend,0.079966701567173
Tianjin,2035,ssp585,trend,0.0737273618578911
Beijing,2035,ssp585,trend,0.0357050560414791
Liaoning,2035,ssp585,trend,0.0368752256035805
Jilin,2035,ssp585,trend,0.0790034085512161
Heilongjiang,2035,ssp585,trend,0.172208219766617
Hainan,2035,ssp585,doubled,0.0225476529449224
Guangdong,2035,ssp585,doubled,0.108152888715267
Yunnan,2035,ssp585,doubled,0.0134939206764102
Guangxi,2035,ssp585,doubled,0.0539253875613213
Guizhou,2035,ssp585,doubled,0.100851856172085
Fujian,2035,ssp585,doubled,0.0149446148425341
Hunan,2035,ssp585,doubled,0.0174296665936708
Jiangxi,2035,ssp585,doubled,0.0141885103657842
Sichuan,2035,ssp585,doubled,0.0305846780538559
Tibet,2035,ssp585,doubled,0.0459139198064804
Zhejiang,2035,ssp585,doubled,0.0145415235310793
Chongqing,2035,ssp585,doubled,0.0220350995659828
Hubei,2035,ssp585,doubled,0.0223421417176723
Anhui,2035,ssp585,doubled,0.0216911993920803
Shaanxi,2035,ssp585,doubled,0.0594563223421574
Qinghai,2035,ssp585,doubled,0.0660974159836769
Henan,2035,ssp585,doubled,0.0502083525061607
Jiangsu,2035,ssp585,doubled,0.0193851087242365
Shanghai,2035,ssp585,doubled,0.0175002738833427
Gansu,2035,ssp585,doubled,0.0367388539016247
Shanxi,2035,ssp585,doubled,0.104699619114399
Ningxia,2035,ssp585,doubled,0.0402241982519627
Shandong,2035,ssp585,doubled,0.0595320723950863
Hebei,2035,ssp585,doubled,0.0562787018716335
Xinjiang,2035,ssp585,doubled,0.0681548789143562
Inner Mongolia,2035,ssp585,doubled,0.0662056133151054
Tianjin,2035,ssp585,doubled,0.0492778569459915
Beijing,2035,ssp585,doubled,0.0246841572225094
Liaoning,2035,ssp585,doubled,0.0812534838914871
Jilin,2035,ssp585,doubled,0.059135340154171
Heilongjiang,2035,ssp585,doubled,0.090878039598465
Hainan,2040,current,baseline,0.0503746047616005
Guangdong,2040,current,baseline,0.0856037586927414
Yunnan,2040,current,baseline,0.0192420091480017
Guangxi,2040,current,baseline,0.0344646796584129
Guizhou,2040,current,baseline,0.221927285194397
Fujian,2040,current,baseline,0.0216995142400265
Hunan,2040,current,baseline,0.0155808385461569
Jiangxi,2040,current,baseline,0.0217745471745729
Sichuan,2040,current,baseline,0.202341750264168
Tibet,2040,current,baseline,0.15326651930809
Zhejiang,2040,current,baseline,0.0144040891900659
Chongqing,2040,current,baseline,0.102338187396526
Hubei,2040,current,baseline,0.0267897006124258
Anhui,2040,current,baseline,0.0474686846137047
Shaanxi,2040,current,baseline,0.158420071005821
Qinghai,2040,current,baseline,0.1220967695117
Henan,2040,current,baseline,0.0573702044785023
Jiangsu,2040,current,baseline,0.0304173231124878
Shanghai,2040,current,baseline,0.0305352471768856
Gansu,2040,current,baseline,0.107303753495216
Shanxi,2040,current,baseline,0.236601561307907
Ningxia,2040,current,baseline,0.107820875942707
Shandong,2040,current,baseline,0.149762764573097
Hebei,2040,current,baseline,0.212589412927628
Xinjiang,2040,current,baseline,0.277350187301636
Inner Mongolia,2040,current,baseline,0.0432942733168602
Tianjin,2040,current,baseline,0.0968052074313164
Beijing,2040,current,baseline,0.111239202320576
Liaoning,2040,current,baseline,0.159969091415405
Jilin,2040,current,baseline,0.0418970435857773
Heilongjiang,2040,current,baseline,0.142421826720238
Hainan,2040,current,trend,0.0901522263884544
Guangdong,2040,current,trend,0.133072540163994
Yunnan,2040,current,trend,0.0101376203820109
Guangxi,2040,current,trend,0.0272268634289503
Guizhou,2040,current,trend,0.0749497786164284
Fujian,2040,current,trend,0.0277567151933908
Hunan,2040,current,trend,0.0179233103990555
Jiangxi,2040,current,trend,0.01892364397645
Sichuan,2040,current,trend,0.134698480367661
Tibet,2040,current,trend,0.0766538754105568
Zhejiang,2040,current,trend,0.0275558661669493
Chongqing,2040,current,trend,0.0532401092350483
Hubei,2040,current,trend,0.0340557843446732
Anhui,2040,current,trend,0.0228500310331583
Shaanxi,2040,current,trend,0.1280287951231
Qinghai,2040,current,trend,0.109362743794918
Henan,2040,current,trend,0.0296776071190834
Jiangsu,2040,current,trend,0.0373730771243572
Shanghai,2040,current,trend,0.0240468364208937
Gansu,2040,current,trend,0.173663407564163
Shanxi,2040,current,trend,0.398252338171005
Ningxia,2040,current,trend,0.223099187016487
Shandong,2040,current,trend,0.0668408125638962
Hebei,2040,current,trend,0.126394242048264
Xinjiang,2040,current,trend,0.113615527749062
Inner Mongolia,2040,current,trend,0.114619687199593
Tianjin,2040,current,trend,0.0794357731938362
Beijing,2040,current,trend,0.073054313659668
Liaoning,2040,current,trend,0.43979275226593
Jilin,2040,current,trend,0.0209815073758364
Heilongjiang,2040,current,trend,0.0638169944286346
Hainan,2040,current,doubled,0.0534191429615021
Guangdong,2040,current,doubled,0.068601556122303
Yunnan,2040,current,doubled,0.0335065610706806
Guangxi,2040,current,doubled,0.0700838714838028
Guizhou,2040,current,doubled,0.045569434762001
Fujian,2040,current,doubled,0.025552861392498
Hunan,2040,current,doubled,0.0326410494744778
Jiangxi,2040,current,doubled,0.0325219221413136
Sichuan,2040,current,doubled,0.0809899121522903
Tibet,2040,current,doubled,0.11090149730444
Zhejiang,2040,current,doubled,0.0204806607216597
Chongqing,2040,current,doubled,0.0827633067965508
Hubei,2040,current,doubled,0.063206747174263
Anhui,2040,current,doubled,0.0407111421227455
Shaanxi,2040,current,doubled,0.0886059626936913
Qinghai,2040,current,doubled,0.0961391255259514
Henan,2040,current,doubled,0.0498987622559071
Jiangsu,2040,current,doubled,0.0541202686727047
Shanghai,2040,current,doubled,0.0435698293149471
Gansu,2040,current,doubled,0.220131143927574
Shanxi,2040,current,doubled,0.192709133028984
Ningxia,2040,current,doubled,0.189179837703705
Shandong,2040,current,doubled,0.134560108184814
Hebei,2040,current,doubled,0.0764740332961083
Xinjiang,2040,current,doubled,0.133010908961296
Inner Mongolia,2040,current,doubled,0.172799646854401
Tianjin,2040,current,doubled,0.076122984290123
Beijing,2040,current,doubled,0.0910917147994041
Liaoning,2040,current,doubled,0.185927763581276
Jilin,2040,current,doubled,0.0532477460801601
Heilongjiang,2040,current,doubled,0.0894396901130676
Hainan,2040,ssp245,baseline,0.0143781462684274
Guangdong,2040,ssp245,baseline,0.0459158085286617
Yunnan,2040,ssp245,baseline,0.0239009242504835
Guangxi,2040,ssp245,baseline,0.0386636666953564
Guizhou,2040,ssp245,baseline,0.147163361310959
Fujian,2040,ssp245,baseline,0.0625007376074791
Hunan,2040,ssp245,baseline,0.0281786099076271
Jiangxi,2040,ssp245,baseline,0.0597060360014439
Sichuan,2040,ssp245,baseline,0.0377377383410931
Tibet,2040,ssp245,baseline,0.214235752820969
Zhejiang,2040,ssp245,baseline,0.023298529908061
Chongqing,2040,ssp245,baseline,0.0290205087512732
Hubei,2040,ssp245,baseline,0.0203570630401373
Anhui,2040,ssp245,baseline,0.0427246540784836
Shaanxi,2040,ssp245,baseline,0.0430900417268276
Qinghai,2040,ssp245,baseline,0.198719814419746
Henan,2040,ssp245,baseline,0.0294999815523624
Jiangsu,2040,ssp245,baseline,0.0256793554872274
Shanghai,2040,ssp245,baseline,0.0340488441288471
Gansu,2040,ssp245,baseline,0.449683398008347
Shanxi,2040,ssp245,baseline,0.102790057659149
Ningxia,2040,ssp245,baseline,0.203781813383102
Shandong,2040,ssp245,baseline,0.031274002045393
Hebei,2040,ssp245,baseline,0.0527711845934391
Xinjiang,2040,ssp245,baseline,0.0798225626349449
Inner Mongolia,2040,ssp245,baseline,0.270254582166672
Tianjin,2040,ssp245,baseline,0.0252149384468794
Beijing,2040,ssp245,baseline,0.0149044310674071
Liaoning,2040,ssp245,baseline,0.0800382792949677
Jilin,2040,ssp245,baseline,0.143527805805206
Heilongjiang,2040,ssp245,baseline,0.204936295747757
Hainan,2040,ssp245,trend,0.0316618159413338
Guangdong,2040,ssp245,trend,0.0642706826329231
Yunnan,2040,ssp245,trend,0.0549053251743317
Guangxi,2040,ssp245,trend,0.0661333054304123
Guizhou,2040,ssp245,trend,0.0378145202994347
Fujian,2040,ssp245,trend,0.0694702118635178
Hunan,2040,ssp245,trend,0.0622352585196495
Jiangxi,2040,ssp245,trend,0.0487053841352463
Sichuan,2040,ssp245,trend,0.0453468821942806
Tibet,2040,ssp245,trend,0.22570538520813
Zhejiang,2040,ssp245,trend,0.0357050560414791
Chongqing,2040,ssp245,trend,0.028143746778369
Hubei,2040,ssp245,trend,0.0424723587930203
Anhui,2040,ssp245,trend,0.0306254290044308
Shaanxi,2040,ssp245,trend,0.0225078370422125
Qinghai,2040,ssp245,trend,0.299431264400482
Henan,2040,ssp245,trend,0.0400919206440449
Jiangsu,2040,ssp245,trend,0.0393026582896709
Shanghai,2040,ssp245,trend,0.0494697242975235
Gansu,2040,ssp245,trend,0.198310732841492
Shanxi,2040,ssp245,trend,0.111275337636471
Ningxia,2040,ssp245,trend,0.343502014875412
Shandong,2040,ssp245,trend,0.0236302372068167
Hebei,2040,ssp245,trend,0.027936976402998
Xinjiang,2040,ssp245,trend,0.0378551185131073
Inner Mongolia,2040,ssp245,trend,0.1502535790205
Tianjin,2040,ssp245,trend,0.0214627236127853
Beijing,2040,ssp245,trend,0.0192118883132935
Liaoning,2040,ssp245,trend,0.0805844143033028
Jilin,2040,ssp245,trend,0.153385803103447
Heilongjiang,2040,ssp245,trend,0.129206657409668
Hainan,2040,ssp245,doubled,0.0184551682323217
Guangdong,2040,ssp245,doubled,0.051372341811657
Yunnan,2040,ssp245,doubled,0.0305474735796452
Guangxi,2040,ssp245,doubled,0.0513853579759598
Guizhou,2040,ssp245,doubled,0.061652421951294
Fujian,2040,ssp245,doubled,0.0494513772428036
Hunan,2040,ssp245,doubled,0.0397223047912121
Jiangxi,2040,ssp245,doubled,0.0452168546617031
Sichuan,2040,ssp245,doubled,0.0699854046106339
Tibet,2040,ssp245,doubled,0.121632598340511
Zhejiang,2040,ssp245,doubled,0.0246841572225094
Chongqing,2040,ssp245,doubled,0.060426976531744
Hubei,2040,ssp245,doubled,0.028431348502636
Anhui,2040,ssp245,doubled,0.0519976057112217
Shaanxi,2040,ssp245,doubled,0.0368757732212544
Qinghai,2040,ssp245,doubled,0.148225545883179
Henan,2040,ssp245,doubled,0.0312084965407848
Jiangsu,2040,ssp245,doubled,0.0272026304155588
Shanghai,2040,ssp245,doubled,0.0410889647901058
Gansu,2040,ssp245,doubled,0.13859336078167
Shanxi,2040,ssp245,doubled,0.0702360942959786
Ningxia,2040,ssp245,doubled,0.168769970536232
Shandong,2040,ssp245,doubled,0.0611820407211781
Hebei,2040,ssp245,doubled,0.0445082038640976
Xinjiang,2040,ssp245,doubled,0.0771735981106758
Inner Mongolia,2040,ssp245,doubled,0.0952581912279129
Tianjin,2040,ssp245,doubled,0.0491255670785904
Beijing,2040,ssp245,doubled,0.0172694213688374
Liaoning,2040,ssp245,doubled,0.0533724613487721
Jilin,2040,ssp245,doubled,0.179250165820122
Heilongjiang,2040,ssp245,doubled,0.116459608078003
Hainan,2040,ssp585,baseline,0.00609531393274665
Guangdong,2040,ssp585,baseline,0.0285456795245409
Yunnan,2040,ssp585,baseline,0.0259664300829172
Guangxi,2040,ssp585,baseline,0.0131404073908925
Guizhou,2040,ssp585,baseline,0.176339641213417
Fujian,2040,ssp585,baseline,0.0508524589240551
Hunan,2040,ssp585,baseline,0.0560856051743031
Jiangxi,2040,ssp585,baseline,0.0415334925055504
Sichuan,2040,ssp585,baseline,0.0542090348899365
Tibet,2040,ssp585,baseline,0.117372512817383
Zhejiang,2040,ssp585,baseline,0.0205297451466322
Chongqing,2040,ssp585,baseline,0.0686856210231781
Hubei,2040,ssp585,baseline,0.0420362576842308
Anhui,2040,ssp585,baseline,0.0817592889070511
Shaanxi,2040,ssp585,baseline,0.0313775092363358
Qinghai,2040,ssp585,baseline,0.128397107124329
Henan,2040,ssp585,baseline,0.0571202076971531
Jiangsu,2040,ssp585,baseline,0.0360616520047188
Shanghai,2040,ssp585,baseline,0.0472477413713932
Gansu,2040,ssp585,baseline,0.0777837261557579
Shanxi,2040,ssp585,baseline,0.104884922504425
Ningxia,2040,ssp585,baseline,0.0423655658960342
Shandong,2040,ssp585,baseline,0.0222233291715384
Hebei,2040,ssp585,baseline,0.0535986870527268
Xinjiang,2040,ssp585,baseline,0.0512107424438
Inner Mongolia,2040,ssp585,baseline,0.0490291975438595
Tianjin,2040,ssp585,baseline,0.0225332956761122
Beijing,2040,ssp585,baseline,0.0213454775512218
Liaoning,2040,ssp585,baseline,0.0528405383229256
Jilin,2040,ssp585,baseline,0.127452954649925
Heilongjiang,2040,ssp585,baseline,0.122006364166737
Hainan,2040,ssp585,trend,0.00441303290426731
Guangdong,2040,ssp585,trend,0.0405027791857719
Yunnan,2040,ssp585,trend,0.0054954681545496
Guangxi,2040,ssp585,trend,0.00648790970444679
Guizhou,2040,ssp585,trend,0.130758002400398
Fujian,2040,ssp585,trend,0.0305772721767426
Hunan,2040,ssp585,trend,0.0348137319087982
Jiangxi,2040,ssp585,trend,0.0216415915638208
Sichuan,2040,ssp585,trend,0.0665377452969551
Tibet,2040,ssp585,trend,0.0353794731199741
Zhejiang,2040,ssp585,trend,0.0307011920958757
Chongqing,2040,ssp585,trend,0.0888853594660759
Hubei,2040,ssp585,trend,0.0293730311095715
Anhui,2040,ssp585,trend,0.0590903833508492
Shaanxi,2040,ssp585,trend,0.030675271525979
Qinghai,2040,ssp585,trend,0.065350666642189
Henan,2040,ssp585,trend,0.040103655308485
Jiangsu,2040,ssp585,trend,0.0282278023660183
Shanghai,2040,ssp585,trend,0.0292291566729546
Gansu,2040,ssp585,trend,0.039960578083992
Shanxi,2040,ssp585,trend,0.0924111157655716
Ningxia,2040,ssp585,trend,0.130389004945755
Shandong,2040,ssp585,trend,0.0195460915565491
Hebei,2040,ssp585,trend,0.0764362290501595
Xinjiang,2040,ssp585,trend,0.0606037192046642
Inner Mongolia,2040,ssp585,trend,0.0421552546322346
Tianjin,2040,ssp585,trend,0.0202860403805971
Beijing,2040,ssp585,trend,0.0147469136863947
Liaoning,2040,ssp585,trend,0.100771494209766
Jilin,2040,ssp585,trend,0.0537275224924088
Heilongjiang,2040,ssp585,trend,0.0618771500885487
Hainan,2040,ssp585,doubled,0.00464828591793776
Guangdong,2040,ssp585,doubled,0.0171369407325983
Yunnan,2040,ssp585,doubled,0.014439707621932
Guangxi,2040,ssp585,doubled,0.0102538950741291
Guizhou,2040,ssp585,doubled,0.0659825056791306
Fujian,2040,ssp585,doubled,0.0352778248488903
Hunan,2040,ssp585,doubled,0.0429610088467598
Jiangxi,2040,ssp585,doubled,0.033903606235981
Sichuan,2040,ssp585,doubled,0.0493354015052319
Tibet,2040,ssp585,doubled,0.0556187406182289
Zhejiang,2040,ssp585,doubled,0.0320323295891285
Chongqing,2040,ssp585,doubled,0.0501622073352337
Hubei,2040,ssp585,doubled,0.0338949635624886
Anhui,2040,ssp585,doubled,0.0448165461421013
Shaanxi,2040,ssp585,doubled,0.0288174636662006
Qinghai,2040,ssp585,doubled,0.0719240754842758
Henan,2040,ssp585,doubled,0.0526934266090393
Jiangsu,2040,ssp585,doubled,0.0294549576938152
Shanghai,2040,ssp585,doubled,0.0361184142529964
Gansu,2040,ssp585,doubled,0.0812021717429161
Shanxi,2040,ssp585,doubled,0.0686654597520828
Ningxia,2040,ssp585,doubled,0.0683418586850166
Shandong,2040,ssp585,doubled,0.0179071687161922
Hebei,2040,ssp585,doubled,0.0463843233883381
Xinjiang,2040,ssp585,doubled,0.063416101038456
Inner Mongolia,2040,ssp585,doubled,0.0658004656434059
Tianjin,2040,ssp585,doubled,0.0177192687988281
Beijing,2040,ssp585,doubled,0.015397297218442
Liaoning,2040,ssp585,doubled,0.055950652807951
Jilin,2040,ssp585,doubled,0.0820213705301285
Heilongjiang,2040,ssp585,doubled,0.0393584184348583
Hainan,2045,current,baseline,0.0503746047616005
Guangdong,2045,current,baseline,0.0856037586927414
Yunnan,2045,current,baseline,0.0192420091480017
Guangxi,2045,current,baseline,0.0344646796584129
Guizhou,2045,current,baseline,0.221927285194397
Fujian,2045,current,baseline,0.0216995142400265
Hunan,2045,current,baseline,0.0155808385461569
Jiangxi,2045,current,baseline,0.0217745471745729
Sichuan,2045,current,baseline,0.202341750264168
Tibet,2045,current,baseline,0.15326651930809
Zhejiang,2045,current,baseline,0.0144040891900659
Chongqing,2045,current,baseline,0.102338187396526
Hubei,2045,current,baseline,0.0267897006124258
Anhui,2045,current,baseline,0.0474686846137047
Shaanxi,2045,current,baseline,0.158420071005821
Qinghai,2045,current,baseline,0.1220967695117
Henan,2045,current,baseline,0.0573702044785023
Jiangsu,2045,current,baseline,0.0304173231124878
Shanghai,2045,current,baseline,0.0305352471768856
Gansu,2045,current,baseline,0.107303753495216
Shanxi,2045,current,baseline,0.236601561307907
Ningxia,2045,current,baseline,0.107820875942707
Shandong,2045,current,baseline,0.149762764573097
Hebei,2045,current,baseline,0.212589412927628
Xinjiang,2045,current,baseline,0.277350187301636
Inner Mongolia,2045,current,baseline,0.0432942733168602
Tianjin,2045,current,baseline,0.0968052074313164
Beijing,2045,current,baseline,0.111239202320576
Liaoning,2045,current,baseline,0.159969091415405
Jilin,2045,current,baseline,0.0418970435857773
Heilongjiang,2045,current,baseline,0.142421826720238
Hainan,2045,current,trend,0.0664465948939323
Guangdong,2045,current,trend,0.117851957678795
Yunnan,2045,current,trend,0.0100898966193199
Guangxi,2045,current,trend,0.0554562173783779
Guizhou,2045,current,trend,0.0871910899877548
Fujian,2045,current,trend,0.0288857892155647
Hunan,2045,current,trend,0.0161871984601021
Jiangxi,2045,current,trend,0.0165992006659508
Sichuan,2045,current,trend,0.127857819199562
Tibet,2045,current,trend,0.0640944615006447
Zhejiang,2045,current,trend,0.0266042072325945
Chongqing,2045,current,trend,0.0426662266254425
Hubei,2045,current,trend,0.0433165319263935
Anhui,2045,current,trend,0.0199847612529993
Shaanxi,2045,current,trend,0.116380892693996
Qinghai,2045,current,trend,0.0739244073629379
Henan,2045,current,trend,0.0352193489670754
Jiangsu,2045,current,trend,0.0402502082288265
Shanghai,2045,current,trend,0.0217307433485985
Gansu,2045,current,trend,0.190380901098251
Shanxi,2045,current,trend,0.301393389701843
Ningxia,2045,current,trend,0.215084984898567
Shandong,2045,current,trend,0.110482916235924
Hebei,2045,current,trend,0.104676783084869
Xinjiang,2045,current,trend,0.152899369597435
Inner Mongolia,2045,current,trend,0.0907627120614052
Tianjin,2045,current,trend,0.0744173154234886
Beijing,2045,current,trend,0.104496911168098
Liaoning,2045,current,trend,0.139242619276047
Jilin,2045,current,trend,0.0219626501202583
Heilongjiang,2045,current,trend,0.0795987993478775
Hainan,2045,current,doubled,0.0534191429615021
Guangdong,2045,current,doubled,0.068601556122303
Yunnan,2045,current,doubled,0.0335065610706806
Guangxi,2045,current,doubled,0.0700838714838028
Guizhou,2045,current,doubled,0.045569434762001
Fujian,2045,current,doubled,0.025552861392498
Hunan,2045,current,doubled,0.0326410494744778
Jiangxi,2045,current,doubled,0.0325219221413136
Sichuan,2045,current,doubled,0.0809899121522903
Tibet,2045,current,doubled,0.11090149730444
Zhejiang,2045,current,doubled,0.0204806607216597
Chongqing,2045,current,doubled,0.0827633067965508
Hubei,2045,current,doubled,0.063206747174263
Anhui,2045,current,doubled,0.0407111421227455
Shaanxi,2045,current,doubled,0.0886059626936913
Qinghai,2045,current,doubled,0.0961391255259514
Henan,2045,current,doubled,0.0498987622559071
Jiangsu,2045,current,doubled,0.0541202686727047
Shanghai,2045,current,doubled,0.0435698293149471
Gansu,2045,current,doubled,0.220131143927574
Shanxi,2045,current,doubled,0.192709133028984
Ningxia,2045,current,doubled,0.189179837703705
Shandong,2045,current,doubled,0.134560108184814
Hebei,2045,current,doubled,0.0764740332961083
Xinjiang,2045,current,doubled,0.133010908961296
Inner Mongolia,2045,current,doubled,0.172799646854401
Tianjin,2045,current,doubled,0.076122984290123
Beijing,2045,current,doubled,0.0910917147994041
Liaoning,2045,current,doubled,0.185927763581276
Jilin,2045,current,doubled,0.0532477460801601
Heilongjiang,2045,current,doubled,0.0894396901130676
Hainan,2045,ssp245,baseline,0.0818690061569214
Guangdong,2045,ssp245,baseline,0.0481718629598618
Yunnan,2045,ssp245,baseline,0.0419269502162933
Guangxi,2045,ssp245,baseline,0.0212453305721283
Guizhou,2045,ssp245,baseline,0.183493912220001
Fujian,2045,ssp245,baseline,0.0598481446504593
Hunan,2045,ssp245,baseline,0.0574998818337917
Jiangxi,2045,ssp245,baseline,0.0537239126861095
Sichuan,2045,ssp245,baseline,0.0172658041119576
Tibet,2045,ssp245,baseline,0.269151419401169
Zhejiang,2045,ssp245,baseline,0.0375212244689465
Chongqing,2045,ssp245,baseline,0.081880584359169
Hubei,2045,ssp245,baseline,0.038482703268528
Anhui,2045,ssp245,baseline,0.0618682913482189
Shaanxi,2045,ssp245,baseline,0.0346086099743843
Qinghai,2045,ssp245,baseline,0.337139248847961
Henan,2045,ssp245,baseline,0.0365092270076275
Jiangsu,2045,ssp245,baseline,0.0311538446694613
Shanghai,2045,ssp245,baseline,0.0357205234467983
Gansu,2045,ssp245,baseline,0.212600320577621
Shanxi,2045,ssp245,baseline,0.107983537018299
Ningxia,2045,ssp245,baseline,0.0681304037570953
Shandong,2045,ssp245,baseline,0.0318295694887638
Hebei,2045,ssp245,baseline,0.0487934686243534
Xinjiang,2045,ssp245,baseline,0.0448094755411148
Inner Mongolia,2045,ssp245,baseline,0.199825435876846
Tianjin,2045,ssp245,baseline,0.0460506156086922
Beijing,2045,ssp245,baseline,0.0200483314692974
Liaoning,2045,ssp245,baseline,0.0579359792172909
Jilin,2045,ssp245,baseline,0.237319335341454
Heilongjiang,2045,ssp245,baseline,0.162054255604744
Hainan,2045,ssp245,trend,0.0593687333166599
Guangdong,2045,ssp245,trend,0.0437735952436924
Yunnan,2045,ssp245,trend,0.0288055706769228
Guangxi,2045,ssp245,trend,0.0291734635829926
Guizhou,2045,ssp245,trend,0.0712738856673241
Fujian,2045,ssp245,trend,0.0344806201756001
Hunan,2045,ssp245,trend,0.0703200101852417
Jiangxi,2045,ssp245,trend,0.0974318236112595
Sichuan,2045,ssp245,trend,0.0299992021173239
Tibet,2045,ssp245,trend,0.147768422961235
Zhejiang,2045,ssp245,trend,0.0332065783441067
Chongqing,2045,ssp245,trend,0.0736651420593262
Hubei,2045,ssp245,trend,0.0534595921635628
Anhui,2045,ssp245,trend,0.0591559410095215
Shaanxi,2045,ssp245,trend,0.0227219276130199
Qinghai,2045,ssp245,trend,0.19955949485302
Henan,2045,ssp245,trend,0.072973720729351
Jiangsu,2045,ssp245,trend,0.0266812816262245
Shanghai,2045,ssp245,trend,0.0694702118635178
Gansu,2045,ssp245,trend,0.17944610118866
Shanxi,2045,ssp245,trend,0.0366462282836437
Ningxia,2045,ssp245,trend,0.143360838294029
Shandong,2045,ssp245,trend,0.0431614406406879
Hebei,2045,ssp245,trend,0.0228237733244896
Xinjiang,2045,ssp245,trend,0.034963745623827
Inner Mongolia,2045,ssp245,trend,0.172199383378029
Tianjin,2045,ssp245,trend,0.044936615973711
Beijing,2045,ssp245,trend,0.0275854989886284
Liaoning,2045,ssp245,trend,0.0365299992263317
Jilin,2045,ssp245,trend,0.105766355991364
Heilongjiang,2045,ssp245,trend,0.170035600662231
Hainan,2045,ssp245,doubled,0.0467171967029572
Guangdong,2045,ssp245,doubled,0.0311044044792652
Yunnan,2045,ssp245,doubled,0.0167627856135368
Guangxi,2045,ssp245,doubled,0.0211909674108028
Guizhou,2045,ssp245,doubled,0.1155876070261
Fujian,2045,ssp245,doubled,0.0448702946305275
Hunan,2045,ssp245,doubled,0.0474353097379208
Jiangxi,2045,ssp245,doubled,0.064285010099411
Sichuan,2045,ssp245,doubled,0.0435939803719521
Tibet,2045,ssp245,doubled,0.0960678607225418
Zhejiang,2045,ssp245,doubled,0.0391251519322395
Chongqing,2045,ssp245,doubled,0.057328637689352
Hubei,2045,ssp245,doubled,0.0362077467143536
Anhui,2045,ssp245,doubled,0.052489161491394
Shaanxi,2045,ssp245,doubled,0.0426668673753738
Qinghai,2045,ssp245,doubled,0.101353615522385
Henan,2045,ssp245,doubled,0.0469543971121311
Jiangsu,2045,ssp245,doubled,0.0314746648073196
Shanghai,2045,ssp245,doubled,0.0468481220304966
Gansu,2045,ssp245,doubled,0.117005251348019
Shanxi,2045,ssp245,doubled,0.0772406235337257
Ningxia,2045,ssp245,doubled,0.0683704987168312
Shandong,2045,ssp245,doubled,0.0318208150565624
Hebei,2045,ssp245,doubled,0.0410285964608192
Xinjiang,2045,ssp245,doubled,0.0436477474868298
Inner Mongolia,2045,ssp245,doubled,0.127258822321892
Tianjin,2045,ssp245,doubled,0.033411517739296
Beijing,2045,ssp245,doubled,0.020651726052165
Liaoning,2045,ssp245,doubled,0.0559898018836975
Jilin,2045,ssp245,doubled,0.193003341555595
Heilongjiang,2045,ssp245,doubled,0.136629819869995
Hainan,2045,ssp585,baseline,0.00400057807564735
Guangdong,2045,ssp585,baseline,0.025576388463378
Yunnan,2045,ssp585,baseline,0.0146046448498964
Guangxi,2045,ssp585,baseline,0.00757343042641878
Guizhou,2045,ssp585,baseline,0.0402609594166279
Fujian,2045,ssp585,baseline,0.0036857477389276
Hunan,2045,ssp585,baseline,0.00363521301187575
Jiangxi,2045,ssp585,baseline,0.00484138773754239
Sichuan,2045,ssp585,baseline,0.0149185657501221
Tibet,2045,ssp585,baseline,0.108259782195091
Zhejiang,2045,ssp585,baseline,0.0033295804169029
Chongqing,2045,ssp585,baseline,0.00568747892975807
Hubei,2045,ssp585,baseline,0.00329118315130472
Anhui,2045,ssp585,baseline,0.00755740562453866
Shaanxi,2045,ssp585,baseline,0.0809706747531891
Qinghai,2045,ssp585,baseline,0.0938136354088783
Henan,2045,ssp585,baseline,0.0123265823349357
Jiangsu,2045,ssp585,baseline,0.00280726980417967
Shanghai,2045,ssp585,baseline,0.00646331859752536
Gansu,2045,ssp585,baseline,0.0281898025423288
Shanxi,2045,ssp585,baseline,0.0241315178573132
Ningxia,2045,ssp585,baseline,0.0314908586442471
Shandong,2045,ssp585,baseline,0.032071340829134
Hebei,2045,ssp585,baseline,0.0721259713172913
Xinjiang,2045,ssp585,baseline,0.0226927604526281
Inner Mongolia,2045,ssp585,baseline,0.0756892710924149
Tianjin,2045,ssp585,baseline,0.0450427010655403
Beijing,2045,ssp585,baseline,0.0259192679077387
Liaoning,2045,ssp585,baseline,0.0149626797065139
Jilin,2045,ssp585,baseline,0.155032232403755
Heilongjiang,2045,ssp585,baseline,0.160860240459442
Hainan,2045,ssp585,trend,0.00252382620237768
Guangdong,2045,ssp585,trend,0.00677732471376658
Yunnan,2045,ssp585,trend,0.00499743595719338
Guangxi,2045,ssp585,trend,0.00631704600527883
Guizhou,2045,ssp585,trend,0.0184330716729164
Fujian,2045,ssp585,trend,0.00405787630006671
Hunan,2045,ssp585,trend,0.00494809821248055
Jiangxi,2045,ssp585,trend,0.00405787630006671
Sichuan,2045,ssp585,trend,0.0118761975318193
Tibet,2045,ssp585,trend,0.0861641094088554
Zhejiang,2045,ssp585,trend,0.00442336685955524
Chongqing,2045,ssp585,trend,0.00416867807507515
Hubei,2045,ssp585,trend,0.00462155090644956
Anhui,2045,ssp585,trend,0.0046988227404654
Shaanxi,2045,ssp585,trend,0.0587015263736248
Qinghai,2045,ssp585,trend,0.11784452944994
Henan,2045,ssp585,trend,0.00910869520157576
Jiangsu,2045,ssp585,trend,0.00423610676079989
Shanghai,2045,ssp585,trend,0.00508971558883786
Gansu,2045,ssp585,trend,0.0449714697897434
Shanxi,2045,ssp585,trend,0.0353470295667648
Ningxia,2045,ssp585,trend,0.0656459033489227
Shandong,2045,ssp585,trend,0.0218318644911051
Hebei,2045,ssp585,trend,0.066903218626976
Xinjiang,2045,ssp585,trend,0.0143010439351201
Inner Mongolia,2045,ssp585,trend,0.0877850204706192
Tianjin,2045,ssp585,trend,0.0308991279453039
Beijing,2045,ssp585,trend,0.032182514667511
Liaoning,2045,ssp585,trend,0.023049334064126
Jilin,2045,ssp585,trend,0.0816189050674439
Heilongjiang,2045,ssp585,trend,0.0749190896749497
Hainan,2045,ssp585,doubled,0.00335380714386702
Guangdong,2045,ssp585,doubled,0.00475286925211549
Yunnan,2045,ssp585,doubled,0.00985642895102501
Guangxi,2045,ssp585,doubled,0.00694342376664281
Guizhou,2045,ssp585,doubled,0.0131240813061595
Fujian,2045,ssp585,doubled,0.00508232461288571
Hunan,2045,ssp585,doubled,0.00585570093244314
Jiangxi,2045,ssp585,doubled,0.00446124561131001
Sichuan,2045,ssp585,doubled,0.0137058729305863
Tibet,2045,ssp585,doubled,0.0960119143128395
Zhejiang,2045,ssp585,doubled,0.00480816420167685
Chongqing,2045,ssp585,doubled,0.00628607673570514
Hubei,2045,ssp585,doubled,0.00511191226541996
Anhui,2045,ssp585,doubled,0.00623960327357054
Shaanxi,2045,ssp585,doubled,0.0461851917207241
Qinghai,2045,ssp585,doubled,0.119878992438316
Henan,2045,ssp585,doubled,0.0100090857595205
Jiangsu,2045,ssp585,doubled,0.00442501762881875
Shanghai,2045,ssp585,doubled,0.00602313643321395
Gansu,2045,ssp585,doubled,0.0284345597028732
Shanxi,2045,ssp585,doubled,0.0264145340770483
Ningxia,2045,ssp585,doubled,0.0401598326861858
Shandong,2045,ssp585,doubled,0.0239595323801041
Hebei,2045,ssp585,doubled,0.0535790845751762
Xinjiang,2045,ssp585,doubled,0.0178081337362528
Inner Mongolia,2045,ssp585,doubled,0.0721430033445358
Tianjin,2045,ssp585,doubled,0.0388633050024509
Beijing,2045,ssp585,doubled,0.0320323295891285
Liaoning,2045,ssp585,doubled,0.0194942466914654
Jilin,2045,ssp585,doubled,0.139052852988243
Heilongjiang,2045,ssp585,doubled,0.0691721141338348
Hainan,2050,current,baseline,0.0503746047616005
Guangdong,2050,current,baseline,0.0856037586927414
Yunnan,2050,current,baseline,0.0192420091480017
Guangxi,2050,current,baseline,0.0344646796584129
Guizhou,2050,current,baseline,0.221927285194397
Fujian,2050,current,baseline,0.0216995142400265
Hunan,2050,current,baseline,0.0155808385461569
Jiangxi,2050,current,baseline,0.0217745471745729
Sichuan,2050,current,baseline,0.202341750264168
Tibet,2050,current,baseline,0.15326651930809
Zhejiang,2050,current,baseline,0.0144040891900659
Chongqing,2050,current,baseline,0.102338187396526
Hubei,2050,current,baseline,0.0267897006124258
Anhui,2050,current,baseline,0.0474686846137047
Shaanxi,2050,current,baseline,0.158420071005821
Qinghai,2050,current,baseline,0.1220967695117
Henan,2050,current,baseline,0.0573702044785023
Jiangsu,2050,current,baseline,0.0304173231124878
Shanghai,2050,current,baseline,0.0305352471768856
Gansu,2050,current,baseline,0.107303753495216
Shanxi,2050,current,baseline,0.236601561307907
Ningxia,2050,current,baseline,0.107820875942707
Shandong,2050,current,baseline,0.149762764573097
Hebei,2050,current,baseline,0.212589412927628
Xinjiang,2050,current,baseline,0.277350187301636
Inner Mongolia,2050,current,baseline,0.0432942733168602
Tianjin,2050,current,baseline,0.0968052074313164
Beijing,2050,current,baseline,0.111239202320576
Liaoning,2050,current,baseline,0.159969091415405
Jilin,2050,current,baseline,0.0418970435857773
Heilongjiang,2050,current,baseline,0.142421826720238
Hainan,2050,current,trend,0.0601965524256229
Guangdong,2050,current,trend,0.0910481736063957
Yunnan,2050,current,trend,0.0257154107093811
Guangxi,2050,current,trend,0.0535941310226917
Guizhou,2050,current,trend,0.0627772584557533
Fujian,2050,current,trend,0.0292689688503742
Hunan,2050,current,trend,0.0246927682310343
Jiangxi,2050,current,trend,0.022436598315835
Sichuan,2050,current,trend,0.110497586429119
Tibet,2050,current,trend,0.0884698927402496
Zhejiang,2050,current,trend,0.0270138625055552
Chongqing,2050,current,trend,0.0376227721571922
Hubei,2050,current,trend,0.046629048883915
Anhui,2050,current,trend,0.0281849689781666
Shaanxi,2050,current,trend,0.132275760173798
Qinghai,2050,current,trend,0.0575948841869831
Henan,2050,current,trend,0.0346325151622295
Jiangsu,2050,current,trend,0.0386308319866657
Shanghai,2050,current,trend,0.0293188933283091
Gansu,2050,current,trend,0.137172475457191
Shanxi,2050,current,trend,0.147974699735641
Ningxia,2050,current,trend,0.182911828160286
Shandong,2050,current,trend,0.0788803175091744
Hebei,2050,current,trend,0.118441224098206
Xinjiang,2050,current,trend,0.184280171990395
Inner Mongolia,2050,current,trend,0.073899582028389
Tianjin,2050,current,trend,0.0800061076879501
Beijing,2050,current,trend,0.0869338065385819
Liaoning,2050,current,trend,0.132879868149757
Jilin,2050,current,trend,0.0688846483826637
Heilongjiang,2050,current,trend,0.0853651091456413
Hainan,2050,current,doubled,0.0534191429615021
Guangdong,2050,current,doubled,0.068601556122303
Yunnan,2050,current,doubled,0.0335065610706806
Guangxi,2050,current,doubled,0.0700838714838028
Guizhou,2050,current,doubled,0.045569434762001
Fujian,2050,current,doubled,0.025552861392498
Hunan,2050,current,doubled,0.0326410494744778
Jiangxi,2050,current,doubled,0.0325219221413136
Sichuan,2050,current,doubled,0.0809899121522903
Tibet,2050,current,doubled,0.11090149730444
Zhejiang,2050,current,doubled,0.0204806607216597
Chongqing,2050,current,doubled,0.0827633067965508
Hubei,2050,current,doubled,0.063206747174263
Anhui,2050,current,doubled,0.0407111421227455
Shaanxi,2050,current,doubled,0.0886059626936913
Qinghai,2050,current,doubled,0.0961391255259514
Henan,2050,current,doubled,0.0498987622559071
Jiangsu,2050,current,doubled,0.0541202686727047
Shanghai,2050,current,doubled,0.0435698293149471
Gansu,2050,current,doubled,0.220131143927574
Shanxi,2050,current,doubled,0.192709133028984
Ningxia,2050,current,doubled,0.189179837703705
Shandong,2050,current,doubled,0.134560108184814
Hebei,2050,current,doubled,0.0764740332961083
Xinjiang,2050,current,doubled,0.133010908961296
Inner Mongolia,2050,current,doubled,0.172799646854401
Tianjin,2050,current,doubled,0.076122984290123
Beijing,2050,current,doubled,0.0910917147994041
Liaoning,2050,current,doubled,0.185927763581276
Jilin,2050,current,doubled,0.0532477460801601
Heilongjiang,2050,current,doubled,0.0894396901130676
Hainan,2050,ssp245,baseline,0.066765308380127
Guangdong,2050,ssp245,baseline,0.0922928005456924
Yunnan,2050,ssp245,baseline,0.113205291330814
Guangxi,2050,ssp245,baseline,0.0210753008723259
Guizhou,2050,ssp245,baseline,0.208284571766853
Fujian,2050,ssp245,baseline,0.0200433898717165
Hunan,2050,ssp245,baseline,0.0285070016980171
Jiangxi,2050,ssp245,baseline,0.0195688679814339
Sichuan,2050,ssp245,baseline,0.01850925385952
Tibet,2050,ssp245,baseline,0.168366193771362
Zhejiang,2050,ssp245,baseline,0.0460765585303307
Chongqing,2050,ssp245,baseline,0.073707714676857
Hubei,2050,ssp245,baseline,0.0684425011277199
Anhui,2050,ssp245,baseline,0.0641738474369049
Shaanxi,2050,ssp245,baseline,0.0419184751808643
Qinghai,2050,ssp245,baseline,0.263986855745316
Henan,2050,ssp245,baseline,0.0430669970810413
Jiangsu,2050,ssp245,baseline,0.0379961617290974
Shanghai,2050,ssp245,baseline,0.0399939678609371
Gansu,2050,ssp245,baseline,0.140659719705582
Shanxi,2050,ssp245,baseline,0.0898753851652145
Ningxia,2050,ssp245,baseline,0.122113339602947
Shandong,2050,ssp245,baseline,0.0445635952055454
Hebei,2050,ssp245,baseline,0.0455414317548275
Xinjiang,2050,ssp245,baseline,0.0358695052564144
Inner Mongolia,2050,ssp245,baseline,0.0827523171901703
Tianjin,2050,ssp245,baseline,0.0385879464447498
Beijing,2050,ssp245,baseline,0.0281941145658493
Liaoning,2050,ssp245,baseline,0.0539689213037491
Jilin,2050,ssp245,baseline,0.259236246347427
Heilongjiang,2050,ssp245,baseline,0.186448290944099
Hainan,2050,ssp245,trend,0.0263546109199524
Guangdong,2050,ssp245,trend,0.130369305610657
Yunnan,2050,ssp245,trend,0.0213707722723484
Guangxi,2050,ssp245,trend,0.0133821740746498
Guizhou,2050,ssp245,trend,0.0840779840946198
Fujian,2050,ssp245,trend,0.016683341935277
Hunan,2050,ssp245,trend,0.0197177585214376
Jiangxi,2050,ssp245,trend,0.0141102690249681
Sichuan,2050,ssp245,trend,0.0347828343510628
Tibet,2050,ssp245,trend,0.0909397527575493
Zhejiang,2050,ssp245,trend,0.03563067689538
Chongqing,2050,ssp245,trend,0.108008302748203
Hubei,2050,ssp245,trend,0.0495941787958145
Anhui,2050,ssp245,trend,0.0791881009936333
Shaanxi,2050,ssp245,trend,0.0346398502588272
Qinghai,2050,ssp245,trend,0.10735309869051
Henan,2050,ssp245,trend,0.0823309719562531
Jiangsu,2050,ssp245,trend,0.0398038811981678
Shanghai,2050,ssp245,trend,0.0235450007021427
Gansu,2050,ssp245,trend,0.0459239892661572
Shanxi,2050,ssp245,trend,0.0382501110434532
Ningxia,2050,ssp245,trend,0.136839285492897
Shandong,2050,ssp245,trend,0.0710588619112968
Hebei,2050,ssp245,trend,0.03251888230443
Xinjiang,2050,ssp245,trend,0.0319674350321293
Inner Mongolia,2050,ssp245,trend,0.0374007225036621
Tianjin,2050,ssp245,trend,0.0766613036394119
Beijing,2050,ssp245,trend,0.0212258007377386
Liaoning,2050,ssp245,trend,0.0246023181825876
Jilin,2050,ssp245,trend,0.188709393143654
Heilongjiang,2050,ssp245,trend,0.169192641973495
Hainan,2050,ssp245,doubled,0.039296206086874
Guangdong,2050,ssp245,doubled,0.122365728020668
Yunnan,2050,ssp245,doubled,0.0154778817668557
Guangxi,2050,ssp245,doubled,0.0166677292436361
Guizhou,2050,ssp245,doubled,0.115662105381489
Fujian,2050,ssp245,doubled,0.0184298250824213
Hunan,2050,ssp245,doubled,0.0233060847967863
Jiangxi,2050,ssp245,doubled,0.0175714176148176
Sichuan,2050,ssp245,doubled,0.0241893474012613
Tibet,2050,ssp245,doubled,0.0924402996897697
Zhejiang,2050,ssp245,doubled,0.0354649908840656
Chongqing,2050,ssp245,doubled,0.0721430033445358
Hubei,2050,ssp245,doubled,0.061494518071413
Anhui,2050,ssp245,doubled,0.049549050629139
Shaanxi,2050,ssp245,doubled,0.0527594238519669
Qinghai,2050,ssp245,doubled,0.0928160175681114
Henan,2050,ssp245,doubled,0.0559898130595684
Jiangsu,2050,ssp245,doubled,0.0396195650100708
Shanghai,2050,ssp245,doubled,0.0290958620607853
Gansu,2050,ssp245,doubled,0.0576572902500629
Shanxi,2050,ssp245,doubled,0.0620083808898926
Ningxia,2050,ssp245,doubled,0.058926098048687
Shandong,2050,ssp245,doubled,0.0456886440515518
Hebei,2050,ssp245,doubled,0.0655372589826584
Xinjiang,2050,ssp245,doubled,0.0511868298053742
Inner Mongolia,2050,ssp245,doubled,0.0452974513173103
Tianjin,2050,ssp245,doubled,0.0417986810207367
Beijing,2050,ssp245,doubled,0.0260660536587238
Liaoning,2050,ssp245,doubled,0.0470606163144112
Jilin,2050,ssp245,doubled,0.14056533575058
Heilongjiang,2050,ssp245,doubled,0.151956781744957
Hainan,2050,ssp585,baseline,0.0040377457626164
Guangdong,2050,ssp585,baseline,0.0302149225026369
Yunnan,2050,ssp585,baseline,0.03825693577528
Guangxi,2050,ssp585,baseline,0.00223353877663612
Guizhou,2050,ssp585,baseline,0.0219788700342178
Fujian,2050,ssp585,baseline,0.00248012063093483
Hunan,2050,ssp585,baseline,0.0017244762275368
Jiangxi,2050,ssp585,baseline,0.00165756628848612
Sichuan,2050,ssp585,baseline,0.0123928571119905
Tibet,2050,ssp585,baseline,0.0207768958061934
Zhejiang,2050,ssp585,baseline,0.0016374111874029
Chongqing,2050,ssp585,baseline,0.00430071074515581
Hubei,2050,ssp585,baseline,0.00398038281127811
Anhui,2050,ssp585,baseline,0.00370561704039574
Shaanxi,2050,ssp585,baseline,0.00526875862851739
Qinghai,2050,ssp585,baseline,0.0342601910233498
Henan,2050,ssp585,baseline,0.00483632227405906
Jiangsu,2050,ssp585,baseline,0.00339547288604081
Shanghai,2050,ssp585,baseline,0.00183933402877301
Gansu,2050,ssp585,baseline,0.0936957001686096
Shanxi,2050,ssp585,baseline,0.0685975179076195
Ningxia,2050,ssp585,baseline,0.0465142950415611
Shandong,2050,ssp585,baseline,0.00586292007938027
Hebei,2050,ssp585,baseline,0.0104751931503415
Xinjiang,2050,ssp585,baseline,0.0298086740076542
Inner Mongolia,2050,ssp585,baseline,0.0630944520235062
Tianjin,2050,ssp585,baseline,0.00577990105375648
Beijing,2050,ssp585,baseline,0.00422314507886767
Liaoning,2050,ssp585,baseline,0.0391805805265903
Jilin,2050,ssp585,baseline,0.124039135873318
Heilongjiang,2050,ssp585,baseline,0.0482003130018711
Hainan,2050,ssp585,trend,0.00449508847668767
Guangdong,2050,ssp585,trend,0.0248514618724585
Yunnan,2050,ssp585,trend,0.0221786573529243
Guangxi,2050,ssp585,trend,0.00322164199315012
Guizhou,2050,ssp585,trend,0.00704841362312436
Fujian,2050,ssp585,trend,0.00251843011938036
Hunan,2050,ssp585,trend,0.00246049067936838
Jiangxi,2050,ssp585,trend,0.00240422389470041
Sichuan,2050,ssp585,trend,0.0179186780005693
Tibet,2050,ssp585,trend,0.0211631134152412
Zhejiang,2050,ssp585,trend,0.00228478270582855
Chongqing,2050,ssp585,trend,0.00249141920357943
Hubei,2050,ssp585,trend,0.00492111640051007
Anhui,2050,ssp585,trend,0.00308249169029295
Shaanxi,2050,ssp585,trend,0.00434209546074271
Qinghai,2050,ssp585,trend,0.0339476503431797
Henan,2050,ssp585,trend,0.00616564229130745
Jiangsu,2050,ssp585,trend,0.0047346274368465
Shanghai,2050,ssp585,trend,0.00250524887815118
Gansu,2050,ssp585,trend,0.0976586192846298
Shanxi,2050,ssp585,trend,0.0212316941469908
Ningxia,2050,ssp585,trend,0.121909648180008
Shandong,2050,ssp585,trend,0.00449811108410358
Hebei,2050,ssp585,trend,0.00718082720413804
Xinjiang,2050,ssp585,trend,0.0212930403649807
Inner Mongolia,2050,ssp585,trend,0.0725286155939102
Tianjin,2050,ssp585,trend,0.00463922042399645
Beijing,2050,ssp585,trend,0.00499844364821911
Liaoning,2050,ssp585,trend,0.0170675180852413
Jilin,2050,ssp585,trend,0.0915303453803062
Heilongjiang,2050,ssp585,trend,0.0380831696093082
Hainan,2050,ssp585,doubled,0.00556550268083811
Guangdong,2050,ssp585,doubled,0.0138024110347033
Yunnan,2050,ssp585,doubled,0.00761354994028807
Guangxi,2050,ssp585,doubled,0.00354218552820385
Guizhou,2050,ssp585,doubled,0.00847732368856669
Fujian,2050,ssp585,doubled,0.00297487550415099
Hunan,2050,ssp585,doubled,0.00274638133123517
Jiangxi,2050,ssp585,doubled,0.00264365249313414
Sichuan,2050,ssp585,doubled,0.0206598043441772
Tibet,2050,ssp585,doubled,0.0176619272679091
Zhejiang,2050,ssp585,doubled,0.00236632651649416
Chongqing,2050,ssp585,doubled,0.00331078097224236
Hubei,2050,ssp585,doubled,0.00588369788601995
Anhui,2050,ssp585,doubled,0.00322881154716015
Shaanxi,2050,ssp585,doubled,0.00576657988131046
Qinghai,2050,ssp585,doubled,0.022104237228632
Henan,2050,ssp585,doubled,0.00677710957825184
Jiangsu,2050,ssp585,doubled,0.00490317400544882
Shanghai,2050,ssp585,doubled,0.00296610849909484
Gansu,2050,ssp585,doubled,0.0671730041503906
Shanxi,2050,ssp585,doubled,0.0345689542591572
Ningxia,2050,ssp585,doubled,0.0817256197333336
Shandong,2050,ssp585,doubled,0.00494502391666174
Hebei,2050,ssp585,doubled,0.0095276590436697
Xinjiang,2050,ssp585,doubled,0.0233694482594728
Inner Mongolia,2050,ssp585,doubled,0.058153972029686
Tianjin,2050,ssp585,doubled,0.00485907727852464
Beijing,2050,ssp585,doubled,0.00480816420167685
Liaoning,2050,ssp585,doubled,0.0255684088915586
Jilin,2050,ssp585,doubled,0.0657397732138634
Heilongjiang,2050,ssp585,doubled,0.0315172038972378
