province,year,effort_record,n_visits,n_observers,n_birding_days,effort_pc1,log_effort_record_z,log_effort_visits_z,log_effort_observers_z,log_effort_days_z,effort_pc1_z
Anhui,2002,1,7,4,3,-1.18781477393782,-2.03419201696452,-1.00190373666581,-0.90194937158129,-1.46836747684667,-0.65879914342241
Beijing,2002,9,85,43,47,-0.627702009984304,-1.23051328488079,0.154069086075797,0.492670912657164,0.125143529810829,-0.363345030623044
Chongqing,2002,,14,9,7,-1.10630767450295,,-0.695931794396994,-0.45744938180228,-1.02386882272213,-0.61580492993511
Fujian,2002,6,4,1,4,-1.04778092541398,-1.40862022799187,-1.23067551885198,-1.48954639624731,-1.32527087194436,-0.584932630926856
Gansu,2002,,4,2,4,-1.19222525373366,,-1.23067551885198,-1.22953057065565,-1.32527087194436,-0.661125629228414
Guangdong,2002,41,16,5,16,-0.908337569746287,-0.513898556964274,-0.635009296152542,-0.785030580876641,-0.540493053375906,-0.511377597751458
Guangxi,2002,5,14,9,9,-1.11176836468316,-1.48559593606752,-0.695931794396994,-0.45744938180228,-0.88077221781982,-0.61868539164978
Guizhou,2002,,3,2,3,-1.12295563102882,,-1.33928946296008,-1.22953057065565,-1.46836747684667,-0.624586567387103
Hainan,2002,,2,2,2,-1.22613841524416,,-1.47931719109363,-1.22953057065565,-1.65285108668733,-0.67901449677641
Hebei,2002,7,61,9,47,-0.380137949014055,-1.3419408367033,-0.00520006887009837,-0.45744938180228,0.125143529810829,-0.232757362028076
Heilongjiang,2002,,2,2,2,-1.22160086225729,,-1.47931719109363,-1.22953057065565,-1.65285108668733,-0.676620981080476
Henan,2002,3,1,1,1,-1.18841531858596,-1.68806642683391,-1.67667518925434,-1.48954639624731,-1.91286613097121,-0.65911592496647
Hubei,2002,12,15,8,6,-1.09955549416009,-1.0995007259108,-0.664518010371548,-0.525014755284983,-1.10949930059124,-0.612243219542046
Hunan,2002,23,29,2,29,-0.864347389624989,-0.793344755806312,-0.358546068102729,-1.22953057065565,-0.176258519411401,-0.48817319950157
Jiangsu,2002,10,7,4,3,-1.17427829523437,-1.18291979657781,-1.00190373666581,-0.90194937158129,-1.46836747684667,-0.651658780689867
Jiangxi,2002,7,4,2,4,-1.20356913620084,-1.3419408367033,-1.23067551885198,-1.22953057065565,-1.32527087194436,-0.667109418468252
Jilin,2002,,2,1,2,-1.06662524088016,,-1.47931719109363,-1.48954639624731,-1.65285108668733,-0.594872826661859
Liaoning,2002,,3,2,3,-1.11824032410857,,-1.33928946296008,-1.22953057065565,-1.46836747684667,-0.62209928819556
Ningxia,2002,,1,1,1,-1.23152207196124,,-1.67667518925434,-1.48954639624731,-1.91286613097121,-0.681854324077852
Qinghai,2002,1,68,7,33,-0.530833024618274,-2.03419201696452,0.0468680448877761,-0.600546416689289,-0.0959943992513657,-0.312247569592018
Shaanxi,2002,3,15,5,10,-1.02760592766275,-1.68806642683391,-0.664518010371548,-0.785030580876641,-0.819652086575592,-0.574290513044654
Shanghai,2002,13,15,6,14,-1.02265907007814,-1.06249463786127,-0.664518010371548,-0.68617715186566,-0.620757173535941,-0.571681093097697
Shanxi,2002,,1,1,1,-1.23605962494811,,-1.67667518925434,-1.48954639624731,-1.91286613097121,-0.684247839773786
Sichuan,2002,4,209,21,103,0.102385306250739,-1.5766388750114,0.588615411241456,0.048170922878154,0.620971651660577,0.0217690288419473
Tianjin,2002,2,1,1,1,-1.21564063650719,-1.83172152619813,-1.67667518925434,-1.48954639624731,-1.91286613097121,-0.67347701914208
Tibet,2002,,11,4,11,-1.10113640925296,,-0.804545738505096,-0.90194937158129,-0.76385377843825,-0.613077137096215
Xinjiang,2002,,5,2,5,-1.17969195557954,,-1.14193146479936,-1.22953057065565,-1.20835243256279,-0.654514434617461
Yunnan,2002,2,92,16,58,-0.0927111602394916,-1.83172152619813,0.192157929290619,-0.11716919486846,0.257462133040668,-0.0811424867077075
Zhejiang,2002,13,16,6,15,-1.05358803316606,-1.06249463786127,-0.635009296152542,-0.68617715186566,-0.57937016859759,-0.587995824589344
Beijing,2003,193,21,11,21,-0.916149753385914,0.250206710348069,-0.509512340035053,-0.340530591097631,-0.375153432451052,-0.515498449720586
Chongqing,2003,,3,2,2,-1.20547581002118,,-1.33928946296008,-1.22953057065565,-1.65285108668733,-0.668115170627889
Fujian,2003,35,25,2,25,-0.869898139862999,-0.590874265039927,-0.428199647341165,-1.22953057065565,-0.268025656588502,-0.491101167033262
Guangdong,2003,366,8,5,8,-1.14304581673022,0.568546518618341,-0.944573466638645,-0.785030580876641,-0.948337388278911,-0.63518394772617
Guangxi,2003,9,11,5,11,-1.06644503375552,-1.23051328488079,-0.804545738505096,-0.785030580876641,-0.76385377843825,-0.594777769131381
Hainan,2003,1,5,1,5,-1.0932113171294,-2.03419201696452,-1.14193146479936,-1.48954639624731,-1.20835243256279,-0.608896726984343
Hebei,2003,18,13,2,13,-1.04156738569168,-0.910001189672423,-0.729513709910159,-1.22953057065565,-0.665000646466702,-0.581655048296819
Henan,2003,4,1,1,1,-1.21790941300063,-1.5766388750114,-1.67667518925434,-1.48954639624731,-1.91286613097121,-0.674673776990049
Hubei,2003,12,2,1,2,-1.21910304419287,-1.0995007259108,-1.47931719109363,-1.48954639624731,-1.65285108668733,-0.675303405999793
Hunan,2003,74,9,2,8,-1.08017863324037,-0.224364062030686,-0.893289792557711,-1.22953057065565,-0.948337388278911,-0.60202211118618
Inner Mongolia,2003,,5,1,5,-1.12505036829467,,-1.14193146479936,-1.48954639624731,-1.20835243256279,-0.625691521211152
Jiangsu,2003,65,2,1,2,-1.19182693943353,-0.288198125550212,-1.47931719109363,-1.48954639624731,-1.65285108668733,-0.660915522254008
Jiangxi,2003,15,2,2,2,-1.22613841524416,-0.995815246572698,-1.47931719109363,-1.22953057065565,-1.65285108668733,-0.67901449677641
Jilin,2003,,3,2,3,-1.0910911864445,,-1.33928946296008,-1.22953057065565,-1.46836747684667,-0.607778378375209
Qinghai,2003,,1,1,1,-1.23152207196124,,-1.67667518925434,-1.48954639624731,-1.91286613097121,-0.681854324077852
Shaanxi,2003,6,3,2,3,-1.18866127237177,-1.40862022799187,-1.33928946296008,-1.22953057065565,-1.46836747684667,-0.659245663230356
Shandong,2003,30,2,1,2,-1.19409571592696,-0.665543485539593,-1.47931719109363,-1.48954639624731,-1.65285108668733,-0.662112280101973
Shanghai,2003,124,13,6,13,-1.09218079076927,0.0307185891560449,-0.729513709910159,-0.68617715186566,-0.665000646466702,-0.60835313420974
Sichuan,2003,7,23,9,21,-0.803103986486184,-1.3419408367033,-0.467160012210831,-0.45744938180228,-0.375153432451052,-0.455867891528458
Tianjin,2003,31,1,1,1,-1.23378682961595,-0.649689656442091,-1.67667518925434,-1.48954639624731,-1.91286613097121,-0.683048962026923
Tibet,2003,11,1,1,1,-1.20656553053345,-1.13947034593692,-1.67667518925434,-1.48954639624731,-1.91286613097121,-0.668689987750211
Xinjiang,2003,1,5,2,5,-1.15934914739578,-2.03419201696452,-1.14193146479936,-1.22953057065565,-1.20835243256279,-0.643783798341014
Yunnan,2003,41,73,13,55,-0.23355504607732,-0.513898556964274,0.0809200181044846,-0.241677162086651,0.223996661782378,-0.155436286120006
Zhejiang,2003,93,8,1,8,-1.17181419550383,-0.111606672744708,-0.944573466638645,-1.48954639624731,-0.948337388278911,-0.650358991707025
Anhui,2004,10,2,1,2,-1.17372751432415,-1.18291979657781,-1.47931719109363,-1.48954639624731,-1.65285108668733,-0.651368249040441
Beijing,2004,189,63,35,54,-0.682616177274929,0.239803132541906,0.0102534422169826,0.363985224273037,0.212441826575797,-0.392311727368976
Chongqing,2004,,1,1,1,-1.23152207196124,,-1.67667518925434,-1.48954639624731,-1.91286613097121,-0.681854324077852
Fujian,2004,26,21,2,21,-0.881284378157691,-0.734529364404148,-0.509512340035053,-1.22953057065565,-0.375153432451052,-0.497107298566018
Gansu,2004,1,3,3,3,-1.19126066411241,-2.03419201696452,-1.33928946296008,-1.0450464064683,-1.46836747684667,-0.660616817451388
Guangdong,2004,136,2,2,2,-1.1784433220439,0.0764929363855656,-1.47931719109363,-1.22953057065565,-1.65285108668733,-0.653855792398919
Guangxi,2004,16,12,7,10,-1.11587174414931,-0.965542119030424,-0.765585373635431,-0.600546416689289,-0.819652086575592,-0.620849884976254
Guizhou,2004,75,12,2,12,-1.13821047132678,-0.217750009411211,-0.765585373635431,-1.22953057065565,-0.712524310713042,-0.632633349385636
Hainan,2004,10,9,3,9,-1.07336041651727,-1.18291979657781,-0.893289792557711,-1.0450464064683,-0.88077221781982,-0.598425567235675
Hebei,2004,23,37,11,34,-0.484383416848806,-0.793344755806312,-0.243485079885787,-0.340530591097631,-0.0774053874398524,-0.287745846837944
Heilongjiang,2004,7,1,1,1,-1.19522164806627,-1.3419408367033,-1.67667518925434,-1.48954639624731,-1.91286613097121,-0.662706198510373
Henan,2004,39,2,2,2,-1.2284071917376,-0.538262104619581,-1.47931719109363,-1.22953057065565,-1.65285108668733,-0.68021125462438
Hunan,2004,49,8,2,8,-0.934135916106674,-0.426834552797071,-0.944573466638645,-1.22953057065565,-0.948337388278911,-0.52498597811008
Inner Mongolia,2004,2,10,3,9,-0.95082747534926,-1.83172152619813,-0.846898066329319,-1.0450464064683,-0.88077221781982,-0.533790615577092
Jiangsu,2004,45,5,4,5,-1.12566131275048,-0.468471465431923,-1.14193146479936,-0.90194937158129,-1.20835243256279,-0.626013788554048
Jiangxi,2004,18,4,2,4,-1.01247134566161,-0.910001189672423,-1.23067551885198,-1.22953057065565,-1.32527087194436,-0.566307166144695
Jilin,2004,5,3,2,2,-1.08023602133923,-1.48559593606752,-1.33928946296008,-1.22953057065565,-1.65285108668733,-0.602052382858109
Liaoning,2004,31,8,2,8,-1.11058312439962,-0.649689656442091,-0.944573466638645,-1.22953057065565,-0.948337388278911,-0.618060188763926
Qinghai,2004,2,102,10,72,-0.304592819621213,-1.83172152619813,0.241868921182089,-0.396329066900856,0.394003900593442,-0.19290803057644
Shaanxi,2004,19,11,6,9,-1.12119191731875,-0.884387694750187,-0.804545738505096,-0.68617715186566,-0.88077221781982,-0.623656225314976
Shandong,2004,16,1,1,1,-1.23605962494811,-0.965542119030424,-1.67667518925434,-1.48954639624731,-1.91286613097121,-0.684247839773786
Shanghai,2004,119,50,10,49,-0.894631501351652,0.0103339762774098,-0.10026557169756,-0.396329066900856,0.151321695331569,-0.504147778082787
Sichuan,2004,50,57,9,33,-0.373840014543458,-0.416946038133433,-0.0376617428894902,-0.45744938180228,-0.0959943992513657,-0.229435261977464
Taiwan,2004,2,1,1,1,-1.23605882118037,-1.83172152619813,-1.67667518925434,-1.48954639624731,-1.91286613097121,-0.684247415794009
Tibet,2004,5,60,10,58,-0.644577669595196,-1.48559593606752,-0.0131147914544373,-0.396329066900856,0.257462133040668,-0.37224677926924
Xinjiang,2004,21,5,3,5,-1.19137915000346,-0.836794206447203,-1.14193146479936,-1.0450464064683,-1.20835243256279,-0.660679317622912
Yunnan,2004,51,22,11,20,-0.832894508542081,-0.40724954564959,-0.487875679567207,-0.340530591097631,-0.404985602182823,-0.47158210629073
Zhejiang,2004,104,20,9,18,-1.00108347298069,-0.0563454150111586,-0.532155711749442,-0.45744938180228,-0.469166722551472,-0.560300172488873
Anhui,2005,38,3,1,3,-1.20667131971496,-0.550904645013811,-1.33928946296008,-1.48954639624731,-1.46836747684667,-0.668745790529184
Beijing,2005,364,46,29,44,-0.68752047030386,0.565817803235865,-0.14002192155932,0.247066433568388,0.083756524872478,-0.394898694920909
Chongqing,2005,12,1,1,1,-1.23605962494811,-1.0995007259108,-1.67667518925434,-1.48954639624731,-1.91286613097121,-0.684247839773786
Fujian,2005,23,10,1,10,-1.04869503830629,-0.793344755806312,-0.846898066329319,-1.48954639624731,-0.819652086575592,-0.58541481671332
Gansu,2005,4,1,1,1,-1.22925329546781,-1.5766388750114,-1.67667518925434,-1.48954639624731,-1.91286613097121,-0.680657566229887
Guangdong,2005,170,7,4,7,-1.16892464214538,0.18719097212156,-1.00190373666581,-0.90194937158129,-1.02386882272213,-0.648834780014577
Guangxi,2005,34,30,3,30,-0.917961747748713,-0.60494149590815,-0.342585795164364,-1.0450464064683,-0.155231192860022,-0.516454259374127
Hainan,2005,28,9,2,9,-0.952816777747385,-0.698846068313322,-0.893289792557711,-1.22953057065565,-0.88077221781982,-0.534839953519293
Hebei,2005,32,88,13,56,-0.389815306563616,-0.634323715680818,0.170759111346044,-0.241677162086651,0.235346975856947,-0.23786207535199
Heilongjiang,2005,18,4,2,4,-1.09200671894199,-0.910001189672423,-1.23067551885198,-1.22953057065565,-1.32527087194436,-0.608261312989796
Henan,2005,44,1,1,1,-1.21337186001375,-0.479446713217417,-1.67667518925434,-1.48954639624731,-1.91286613097121,-0.67228026129411
Hubei,2005,55,3,2,3,-1.16594811401836,-0.370243457600054,-1.33928946296008,-1.22953057065565,-1.46836747684667,-0.647264689965596
Hunan,2005,21,4,2,4,-1.1369933838507,-0.836794206447203,-1.23067551885198,-1.22953057065565,-1.32527087194436,-0.631991347411058
Inner Mongolia,2005,2,3,2,3,-0.954469425166787,-1.83172152619813,-1.33928946296008,-1.22953057065565,-1.46836747684667,-0.53571170918796
Jiangsu,2005,132,7,5,7,-1.11921520744173,0.0616961894308271,-1.00190373666581,-0.785030580876641,-1.02386882272213,-0.622613529806925
Jiangxi,2005,25,5,3,5,-0.96780747282261,-0.753375135780197,-1.14193146479936,-1.0450464064683,-1.20835243256279,-0.542747401445375
Jilin,2005,10,4,1,4,-0.938067064319325,-1.18291979657781,-1.23067551885198,-1.48954639624731,-1.32527087194436,-0.527059621101633
Qinghai,2005,40,39,6,36,-0.635705744754659,-0.525931757841276,-0.218518339969181,-0.68617715186566,-0.0417697753491267,-0.367566923977099
Shaanxi,2005,5,3,1,3,-1.18392007123297,-1.48559593606752,-1.33928946296008,-1.48954639624731,-1.46836747684667,-0.656744725086794
Shandong,2005,13,1,1,1,-1.22925329546781,-1.06249463786127,-1.67667518925434,-1.48954639624731,-1.91286613097121,-0.680657566229887
Shanghai,2005,191,141,5,138,-0.452298087395747,0.245032014585506,0.39816170918581,-0.785030580876641,0.806994940521757,-0.270821143175566
Shanxi,2005,4,1,1,1,-1.23379084845468,-1.5766388750114,-1.67667518925434,-1.48954639624731,-1.91286613097121,-0.683051081925821
Sichuan,2005,149,50,10,49,-0.392584364116423,0.12176152809992,-0.10026557169756,-0.396329066900856,0.151321695331569,-0.239322726662238
Tianjin,2005,20,1,1,1,-1.21334533567814,-0.860024147094881,-1.67667518925434,-1.48954639624731,-1.91286613097121,-0.672266269961383
Tibet,2005,31,15,1,15,-1.01167947347557,-0.649689656442091,-0.664518010371548,-1.48954639624731,-0.57937016859759,-0.565889461158782
Xinjiang,2005,65,11,6,10,-1.16827132606184,-0.288198125550212,-0.804545738505096,-0.68617715186566,-0.819652086575592,-0.6484901620443
Yunnan,2005,112,43,12,37,-0.445043518753726,-0.0196791389328202,-0.172126613740788,-0.289200969134761,-0.0246680684269326,-0.266994427771437
Zhejiang,2005,172,68,6,59,-0.608884801170311,0.192997475597302,0.0468680448877761,-0.68617715186566,0.268240134713139,-0.353419133387179
Anhui,2006,40,4,2,4,-1.16025923547313,-0.525931757841276,-1.23067551885198,-1.22953057065565,-1.32527087194436,-0.644263861076176
Beijing,2006,525,57,35,53,-0.701956618157588,0.748283562216418,-0.0376617428894902,0.363985224273037,0.200674964254047,-0.402513624504477
Chongqing,2006,5,7,3,5,-1.17710150354535,-1.48559593606752,-1.00190373666581,-1.0450464064683,-1.20835243256279,-0.65314799600587
Fujian,2006,86,4,1,4,-1.16019525112599,-0.150249987416331,-1.23067551885198,-1.48954639624731,-1.32527087194436,-0.644230109946522
Gansu,2006,3,4,2,4,-1.17633112157008,-1.68806642683391,-1.23067551885198,-1.22953057065565,-1.32527087194436,-0.652741626900097
Guangdong,2006,174,13,8,13,-1.10146004569445,0.198737236175573,-0.729513709910159,-0.525014755284983,-0.665000646466702,-0.613247852216176
Guangxi,2006,56,10,4,10,-0.941747322922066,-0.361405108775431,-0.846898066329319,-0.90194937158129,-0.819652086575592,-0.52900092222941
Guizhou,2006,77,9,2,9,-0.863209292316815,-0.204779054883205,-0.893289792557711,-1.22953057065565,-0.88077221781982,-0.48757286408323
Hainan,2006,25,19,6,13,-1.06796784159493,-0.753375135780197,-0.555904066263446,-0.68617715186566,-0.665000646466702,-0.595581035666464
Hebei,2006,27,32,5,28,-0.835866768169684,-0.71636904773066,-0.312154341874337,-0.785030580876641,-0.197998770998951,-0.473149944747194
Heilongjiang,2006,8,1,1,1,-1.23605962494811,-1.28312544530114,-1.67667518925434,-1.48954639624731,-1.91286613097121,-0.684247839773786
Henan,2006,116,1,1,1,-1.2224469659875,-0.00230856411681994,-1.67667518925434,-1.48954639624731,-1.91286613097121,-0.677067292685983
Hubei,2006,80,7,3,7,-1.17328394039937,-0.185933283507156,-1.00190373666581,-1.0450464064683,-1.02386882272213,-0.651134268047968
Hunan,2006,43,5,2,5,-1.06271729671587,-0.490668616316597,-1.14193146479936,-1.22953057065565,-1.20835243256279,-0.592811423583343
Inner Mongolia,2006,4,5,3,5,-1.16184696546021,-1.5766388750114,-1.14193146479936,-1.0450464064683,-1.20835243256279,-0.645101373421702
Jiangsu,2006,157,5,4,5,-1.17116380971447,0.147707814552238,-1.14193146479936,-0.90194937158129,-1.20835243256279,-0.650015919438834
Jiangxi,2006,46,8,2,8,-0.920344775596327,-0.457732262875314,-0.944573466638645,-1.22953057065565,-0.948337388278911,-0.517711283716017
Jilin,2006,10,1,1,1,-1.20883430702688,-1.18291979657781,-1.67667518925434,-1.48954639624731,-1.91286613097121,-0.669886745598176
Liaoning,2006,31,1,1,1,-1.23605962494811,-0.649689656442091,-1.67667518925434,-1.48954639624731,-1.91286613097121,-0.684247839773786
Qinghai,2006,30,22,6,22,-0.898492349609161,-0.665543485539593,-0.487875679567207,-0.68617715186566,-0.346647583779436,-0.506184338522017
Shaanxi,2006,19,27,10,23,-0.688522023367573,-0.884387694750187,-0.392127983615893,-0.396329066900856,-0.319355124313711,-0.39542700455944
Shandong,2006,10,8,2,8,-1.08097475959921,-1.18291979657781,-0.944573466638645,-1.22953057065565,-0.948337388278911,-0.602442060207457
Shanghai,2006,222,152,20,143,-0.306547782909634,0.31977347431458,0.434478152757423,0.0183386635050077,0.829657228219248,-0.193939254967506
Sichuan,2006,183,128,15,89,-0.054223156727307,0.223779714829289,0.351427084236514,-0.156046426910279,0.528255178997018,-0.0608404338659781
Tibet,2006,8,14,9,13,-1.06541167748847,-1.28312544530114,-0.695931794396994,-0.45744938180228,-0.665000646466702,-0.594232683608009
Xinjiang,2006,117,16,3,16,-1.0659359730851,0.00194128002355975,-0.635009296152542,-1.0450464064683,-0.540493053375906,-0.594509244508449
Yunnan,2006,169,57,18,48,-0.431316149929181,0.184262203183904,-0.0376617428894902,-0.0458426497186698,0.138366183913266,-0.259753372330211
Zhejiang,2006,231,77,9,66,-0.564064760620267,0.339530702078496,0.106544077113817,-0.45744938180228,0.33900369586215,-0.329776991717571
Anhui,2007,43,1,1,1,-1.2222416033284,-0.490668616316597,-1.67667518925434,-1.48954639624731,-1.91286613097121,-0.676958965852261
Beijing,2007,557,101,55,71,-0.492710476771114,0.777774266384995,0.237120154596705,0.64732281747137,0.385158574094708,-0.292138291109714
Chongqing,2007,8,9,7,7,-1.10781678113336,-1.28312544530114,-0.893289792557711,-0.600546416689289,-1.02386882272213,-0.616600969213808
Fujian,2007,96,50,5,50,-0.923043797195549,-0.0959188797825367,-0.10026557169756,-0.785030580876641,0.164020645032513,-0.519134991732231
Gansu,2007,17,16,7,16,-0.934767931078221,-0.936999855170533,-0.635009296152542,-0.600546416689289,-0.540493053375906,-0.525319359948009
Guangdong,2007,450,19,7,16,-1.00427806396878,0.671466052676036,-0.555904066263446,-0.600546416689289,-0.540493053375906,-0.561985288606351
Guangxi,2007,92,14,7,14,-1.02765658470853,-0.116947404642602,-0.695931794396994,-0.600546416689289,-0.620757173535941,-0.574317234150619
Guizhou,2007,67,7,5,7,-0.886711798099712,-0.273290938769212,-1.00190373666581,-0.785030580876641,-1.02386882272213,-0.499970210549028
Hainan,2007,10,19,3,19,-1.02627044948174,-1.18291979657781,-0.555904066263446,-1.0450464064683,-0.43627356369528,-0.573586061108319
Hebei,2007,28,92,15,56,-0.332127256384228,-0.698846068313322,0.192157929290619,-0.156046426910279,0.235346975856947,-0.207432181977357
Heilongjiang,2007,1,1,1,1,-1.23605962494811,-2.03419201696452,-1.67667518925434,-1.48954639624731,-1.91286613097121,-0.684247839773786
Henan,2007,104,4,3,4,-1.20605425755574,-0.0563454150111586,-1.23067551885198,-1.0450464064683,-1.32527087194436,-0.668420296156395
Hong Kong,2007,5,1,1,1,-1.22015246892619,-1.48559593606752,-1.67667518925434,-1.48954639624731,-1.91286613097121,-0.675856967485063
Hubei,2007,161,13,5,7,-1.14922435333836,0.160192306623449,-0.729513709910159,-0.785030580876641,-1.02386882272213,-0.638443066549086
Hunan,2007,44,5,4,5,-1.16203791690261,-0.479446713217417,-1.14193146479936,-0.90194937158129,-1.20835243256279,-0.645202098476785
Inner Mongolia,2007,11,10,6,9,-1.02364960411158,-1.13947034593692,-0.846898066329319,-0.68617715186566,-0.88077221781982,-0.572203590303406
Jiangsu,2007,249,11,9,11,-1.08850390092345,0.376844179286651,-0.804545738505096,-0.45744938180228,-0.76385377843825,-0.60641361006894
Jiangxi,2007,52,10,6,9,-1.01147826106777,-0.397737759538265,-0.846898066329319,-0.68617715186566,-0.88077221781982,-0.565783323542829
Jilin,2007,32,12,7,8,-0.843711687053303,-0.634323715680818,-0.765585373635431,-0.600546416689289,-0.948337388278911,-0.477288064243672
Liaoning,2007,30,8,4,8,-1.14047181840863,-0.665543485539593,-0.944573466638645,-0.90194937158129,-0.948337388278911,-0.633826188290223
Ningxia,2007,,6,3,4,-1.05638249613214,,-1.06689943620442,-1.0450464064683,-1.32527087194436,-0.589469877011513
Qinghai,2007,79,93,17,50,-0.431137032906698,-0.192136514488976,0.197363804734945,-0.0805147655059728,0.164020645032513,-0.259658889818169
Shaanxi,2007,27,67,18,42,-0.496482518301388,-0.71636904773066,0.0397621564359887,-0.0458426497186698,0.0546025952927596,-0.294128006851778
Shandong,2007,38,2,2,2,-1.1784781971015,-0.550904645013811,-1.47931719109363,-1.22953057065565,-1.65285108668733,-0.653874188657432
Shanghai,2007,385,45,16,43,1.0760879991637,0.593751655601172,-0.150489953272941,-0.11716919486846,0.0693452216734874,0.535387863796452
Shanxi,2007,5,5,2,5,-1.20248129419012,-1.48559593606752,-1.14193146479936,-1.22953057065565,-1.20835243256279,-0.666535592237486
Sichuan,2007,185,133,23,88,0.105604564177749,0.229178185488004,0.369936718034044,0.103969398681379,0.521090009438103,0.0234671565332063
Tibet,2007,9,110,15,60,-0.472715732935118,-1.23051328488079,0.278278016265201,-0.156046426910279,0.278839979417111,-0.281591255439581
Xinjiang,2007,136,36,8,36,-0.834180603453491,0.0764929363855656,-0.256465708189781,-0.525014755284983,-0.0417697753491267,-0.472260509025822
Yunnan,2007,159,92,15,83,0.0268752857780081,0.153989075641631,0.192157929290619,-0.156046426910279,0.484011706066257,-0.0180617829909432
Zhejiang,2007,260,89,8,78,-0.448314533627783,0.398346093480661,0.176197656352253,-0.525014755284983,0.444657273365158,-0.268719856756034
Anhui,2008,57,4,2,4,-1.17859989806352,-0.352720478182716,-1.23067551885198,-1.22953057065565,-1.32527087194436,-0.653938384748066
Beijing,2008,406,87,52,74,-0.424323584082761,0.620205323858382,0.165259112553477,0.612014197482006,0.411336739615448,-0.25606486088876
Chongqing,2008,18,17,5,17,-1.0663561065952,-0.910001189672423,-0.60718774034438,-0.785030580876641,-0.503838734154372,-0.594730860906918
Fujian,2008,80,33,6,31,-0.961371127299584,-0.185933283507156,-0.297623569858277,-0.68617715186566,-0.13487151447305,-0.539352290891648
Gansu,2008,21,1,1,1,-1.23605962494811,-0.836794206447203,-1.67667518925434,-1.48954639624731,-1.91286613097121,-0.684247839773786
Guangdong,2008,483,19,11,15,-0.905183281681316,0.706729194200715,-0.555904066263446,-0.340530591097631,-0.57937016859759,-0.509713741039513
Guangxi,2008,167,16,9,16,-1.02344166656414,0.178352623296937,-0.635009296152542,-0.45744938180228,-0.540493053375906,-0.572093905240771
Guizhou,2008,48,43,5,24,-0.864865104965898,-0.436922848888622,-0.172126613740788,-0.785030580876641,-0.29317695879297,-0.488446289380207
Hainan,2008,15,4,2,4,-1.17404964836712,-0.995815246572698,-1.23067551885198,-1.22953057065565,-1.32527087194436,-0.651538171659587
Hebei,2008,49,104,16,40,-0.434534217065263,-0.426834552797071,0.251229684947191,-0.11716919486846,0.0240598703592195,-0.261450871890672
Heilongjiang,2008,6,1,1,1,-1.23605640987713,-1.40862022799187,-1.67667518925434,-1.48954639624731,-1.91286613097121,-0.684246143854669
Henan,2008,97,12,3,12,-0.950736571487983,-0.0907972587580159,-0.765585373635431,-1.0450464064683,-0.712524310713042,-0.533742664661826
Hubei,2008,309,9,6,8,-1.07885796751706,0.484260836674735,-0.893289792557711,-0.68617715186566,-0.948337388278911,-0.601325472679264
Hunan,2008,24,11,3,11,-1.0754890842628,-0.772960142927678,-0.804545738505096,-1.0450464064683,-0.76385377843825,-0.599548419062441
Inner Mongolia,2008,84,3,3,3,-1.06642717013533,-0.161863386946702,-1.33928946296008,-1.0450464064683,-1.46836747684667,-0.594768346243001
Jiangsu,2008,278,17,9,14,-0.876869340623723,0.431648676254389,-0.60718774034438,-0.45744938180228,-0.620757173535941,-0.49477840859685
Jiangxi,2008,58,22,9,18,-0.920693026054592,-0.344184310107046,-0.487875679567207,-0.45744938180228,-0.469166722551472,-0.517894982493835
Jilin,2008,26,1,1,1,-1.23152207196124,-0.734529364404148,-1.67667518925434,-1.48954639624731,-1.91286613097121,-0.681854324077852
Liaoning,2008,35,44,6,43,-0.762570733475486,-0.590874265039927,-0.161188069942012,-0.68617715186566,0.0693452216734874,-0.434486989185476
Qinghai,2008,24,27,8,27,-0.814116742136785,-0.772960142927678,-0.392127983615893,-0.525014755284983,-0.220501992342162,-0.461677014547291
Shaanxi,2008,89,23,14,22,-0.883856818783739,-0.133321123086811,-0.467160012210831,-0.197433556210622,-0.346647583779436,-0.498464236332502
Shandong,2008,37,5,4,5,-1.18933941508101,-0.563875599541817,-1.14193146479936,-0.90194937158129,-1.20835243256279,-0.65960337700766
Shanghai,2008,304,41,19,40,-0.682506826932371,0.476141085862174,-0.194769985455176,-0.0129493920232701,0.0240598703592195,-0.392254046111694
Shanxi,2008,4,3,3,3,-1.19806538605723,-1.5766388750114,-1.33928946296008,-1.0450464064683,-1.46836747684667,-0.664206243035734
Sichuan,2008,154,54,17,51,-0.360147595591226,0.138135246544129,-0.0635126696326861,-0.0805147655059728,0.176472997536038,-0.222212642258794
Tianjin,2008,24,1,1,1,-1.23605962494811,-0.772960142927678,-1.67667518925434,-1.48954639624731,-1.91286613097121,-0.684247839773786
Tibet,2008,12,11,5,11,-1.11221416161958,-1.0995007259108,-0.804545738505096,-0.785030580876641,-0.76385377843825,-0.61892054525958
Xinjiang,2008,121,27,3,14,-0.828218277515153,0.0185879439090578,-0.392127983615893,-1.0450464064683,-0.620757173535941,-0.469115439258266
Yunnan,2008,355,150,22,108,0.224085167634461,0.553350628487829,0.428073524640435,0.0766768572057419,0.651084038134402,0.0859645389016279
Zhejiang,2008,241,116,8,98,-0.305230253727441,0.360603604070109,0.303902075274534,-0.525014755284983,0.589375310241246,-0.193244270955957
Anhui,2009,74,9,8,6,-1.1380649534996,-0.224364062030686,-0.893289792557711,-0.525014755284983,-1.10949930059124,-0.632556590126978
Beijing,2009,496,173,72,127,-0.183729225565183,0.719964622900681,0.497081981565492,0.817330567129714,0.754125793776029,-0.129153643514248
Chongqing,2009,10,5,2,5,-1.18659985873607,-1.18291979657781,-1.14193146479936,-1.22953057065565,-1.20835243256279,-0.658158287301714
Fujian,2009,98,8,6,8,-1.1138569441437,-0.0857276347838269,-0.944573466638645,-0.68617715186566,-0.948337388278911,-0.619787097290568
Gansu,2009,76,18,8,18,-0.695999104097344,-0.21122241747456,-0.580870806180053,-0.525014755284983,-0.469166722551472,-0.399371092956481
Guangdong,2009,604,50,16,43,-0.702248763967052,0.818156746023225,-0.10026557169756,-0.11716919486846,0.0693452216734874,-0.402667728617966
Guangxi,2009,218,9,6,9,-1.0515121368102,0.310735152049134,-0.893289792557711,-0.68617715186566,-0.88077221781982,-0.586900809164673
Guizhou,2009,26,2,2,2,-1.18303166186888,-0.734529364404148,-1.47931719109363,-1.22953057065565,-1.65285108668733,-0.656276097665028
Hainan,2009,19,22,9,21,-0.887672136316782,-0.884387694750187,-0.487875679567207,-0.45744938180228,-0.375153432451052,-0.50047677975111
Hebei,2009,28,86,14,49,-0.404945805518259,-0.698846068313322,0.159696255271227,-0.197433556210622,0.151321695331569,-0.245843268484069
Heilongjiang,2009,5,9,3,9,-1.10706194947111,-1.48559593606752,-0.893289792557711,-1.0450464064683,-0.88077221781982,-0.616202802749062
Henan,2009,98,9,4,9,-1.05965938138947,-0.0857276347838269,-0.893289792557711,-0.90194937158129,-0.88077221781982,-0.591198402567003
Hong Kong,2009,24,2,1,2,-1.21454649549493,-0.772960142927678,-1.47931719109363,-1.48954639624731,-1.65285108668733,-0.672899870248395
Hubei,2009,290,5,3,5,-1.14571855157565,0.452677201114455,-1.14193146479936,-1.0450464064683,-1.20835243256279,-0.636593789731788
Hunan,2009,97,37,8,33,-0.81031308015047,-0.0907972587580159,-0.243485079885787,-0.525014755284983,-0.0959943992513657,-0.459670619317832
Inner Mongolia,2009,17,14,4,14,-0.944061925407746,-0.936999855170533,-0.695931794396994,-0.90194937158129,-0.620757173535941,-0.530221852848921
Jiangsu,2009,246,21,14,17,-0.780231324223081,0.370815691511897,-0.509512340035053,-0.197433556210622,-0.503838734154372,-0.443802781480608
Jiangxi,2009,68,33,8,15,-0.717310435911587,-0.266000974665538,-0.297623569858277,-0.525014755284983,-0.57937016859759,-0.410612616162106
Jilin,2009,60,3,3,3,-1.15722901671087,-0.327537646221548,-1.33928946296008,-1.0450464064683,-1.46836747684667,-0.642665449731874
Liaoning,2009,31,60,10,53,-0.709534302796856,-0.649689656442091,-0.0131147914544373,-0.396329066900856,0.200674964254047,-0.406510780499219
Qinghai,2009,24,24,6,22,-0.702996738971503,-0.772960142927678,-0.447290122155344,-0.68617715186566,-0.346647583779436,-0.403062278261464
Shaanxi,2009,95,31,13,27,-0.764252260598375,-0.1010935755451,-0.327132284077283,-0.241677162086651,-0.220501992342162,-0.435373978620843
Shandong,2009,28,7,5,7,-1.15546484449859,-0.698846068313322,-1.00190373666581,-0.785030580876641,-1.02386882272213,-0.641734865804228
Shanghai,2009,280,39,22,37,-0.708201246213592,0.43521550336528,-0.218518339969181,0.0766768572057419,-0.0246680684269326,-0.405807605932477
Shanxi,2009,3,1,1,1,-1.23605962494811,-1.68806642683391,-1.67667518925434,-1.48954639624731,-1.91286613097121,-0.684247839773786
Sichuan,2009,205,55,19,48,-0.510385078534326,0.280176923915384,-0.0547422573216276,-0.0129493920232701,0.138366183913266,-0.301461474081251
Tianjin,2009,11,2,2,2,-1.21706330927042,-1.13947034593692,-1.47931719109363,-1.22953057065565,-1.65285108668733,-0.674227465384542
Tibet,2009,23,38,8,26,-0.775778504689249,-0.793344755806312,-0.230841649180448,-0.525014755284983,-0.243823689870492,-0.441453961868753
Yunnan,2009,250,84,15,70,-0.0840464159904208,0.378837609767918,0.148376100544091,-0.156046426910279,0.376189532730348,-0.0765719171911822
Zhejiang,2009,296,114,16,102,-0.292483532529108,0.462868446113165,0.295509717129426,-0.11716919486846,0.614775700040218,-0.186520497735415
Anhui,2010,74,5,4,4,-1.16494777127229,-0.224364062030686,-1.14193146479936,-0.90194937158129,-1.32527087194436,-0.646737018758017
Beijing,2010,448,220,68,157,0.0222380709200787,0.669246699367636,0.613466245760637,0.78119267257641,0.889155927489698,-0.0205078693683343
Chongqing,2010,10,19,7,17,-0.968249001864711,-1.18291979657781,-0.555904066263446,-0.600546416689289,-0.503838734154372,-0.542980303781841
Fujian,2010,81,22,9,18,-0.83526366743545,-0.17980616771067,-0.487875679567207,-0.45744938180228,-0.469166722551472,-0.472831814892227
Gansu,2010,65,4,3,4,-1.09473184886305,-0.288198125550212,-1.23067551885198,-1.0450464064683,-1.32527087194436,-0.609698792895461
Guangdong,2010,442,41,19,40,-0.653863258372333,0.662528835640267,-0.194769985455176,-0.0129493920232701,0.0240598703592195,-0.377144838321857
Guangxi,2010,97,33,14,32,-0.880758440278483,-0.0907972587580159,-0.297623569858277,-0.197433556210622,-0.115138388167173,-0.496829871377264
Guizhou,2010,23,6,2,6,-1.20367492538236,-0.793344755806312,-1.06689943620442,-1.22953057065565,-1.10949930059124,-0.66716522124723
Hainan,2010,28,23,7,17,-0.940705511198756,-0.698846068313322,-0.467160012210831,-0.600546416689289,-0.503838734154372,-0.528451376533929
Hebei,2010,26,241,20,88,-0.0665971385248397,-0.734529364404148,0.657650509184237,0.0183386635050077,0.521090009438103,-0.0673675906263067
Heilongjiang,2010,6,3,3,3,-1.1548459698317,-1.40862022799187,-1.33928946296008,-1.0450464064683,-1.46836747684667,-0.641408415351021
Henan,2010,168,19,9,17,-0.954704941718717,0.181316155273516,-0.555904066263446,-0.45744938180228,-0.503838734154372,-0.535835941911044
Hong Kong,2010,67,1,1,1,-1.22017497442308,-0.273290938769212,-1.67667518925434,-1.48954639624731,-1.91286613097121,-0.675868838918897
Hubei,2010,409,13,8,13,-1.01020034870303,0.623872564373052,-0.729513709910159,-0.525014755284983,-0.665000646466702,-0.565109237022653
Hunan,2010,70,69,14,47,-0.561230667551549,-0.251732756202569,0.0538716867864743,-0.197433556210622,0.125143529810829,-0.328282034796221
Inner Mongolia,2010,13,9,5,7,-0.938923278967453,-1.06249463786127,-0.893289792557711,-0.785030580876641,-1.02386882272213,-0.527511266119402
Jiangsu,2010,165,52,17,49,-0.644713476566123,0.172372268316322,-0.0815423128300258,-0.0805147655059728,0.151321695331569,-0.372318416144329
Jiangxi,2010,65,27,15,23,-0.71174463328389,-0.288198125550212,-0.392127983615893,-0.156046426910279,-0.319355124313711,-0.407676708639171
Jilin,2010,24,5,2,3,-0.97471859778177,-0.772960142927678,-1.14193146479936,-1.22953057065565,-1.46836747684667,-0.546392953599626
Liaoning,2010,26,48,5,42,-0.831277784860644,-0.734529364404148,-0.119737956860239,-0.785030580876641,0.0546025952927596,-0.470729300049413
Qinghai,2010,19,68,13,37,-0.65719659369319,-0.884387694750187,0.0468680448877761,-0.241677162086651,-0.0246680684269326,-0.378903140744631
Shaanxi,2010,85,37,18,26,-0.779607601552955,-0.156022926538344,-0.243485079885787,-0.0458426497186698,-0.243823689870492,-0.443473773752175
Shandong,2010,50,13,5,13,-0.987554197519837,-0.416946038133433,-0.729513709910159,-0.785030580876641,-0.665000646466702,-0.553163609397738
Shanghai,2010,183,54,21,51,-0.687711828444831,0.223779714829289,-0.0635126696326861,0.048170922878154,0.176472997536038,-0.394999634505589
Shanxi,2010,4,2,2,2,-1.21478890640276,-1.5766388750114,-1.47931719109363,-1.22953057065565,-1.65285108668733,-0.673027739678115
Sichuan,2010,122,182,33,93,-0.0263138450326755,0.0226643230557151,0.521628933000545,0.32733079491055,0.556141137814674,-0.0461185395328172
Tianjin,2010,37,1,1,1,-1.23605962494811,-0.563875599541817,-1.67667518925434,-1.48954639624731,-1.91286613097121,-0.684247839773786
Tibet,2010,31,33,13,32,-0.69468812182592,-0.649689656442091,-0.297623569858277,-0.241677162086651,-0.115138388167173,-0.398679562377593
Xinjiang,2010,66,23,5,21,-0.880332803251483,-0.280688906263035,-0.467160012210831,-0.785030580876641,-0.375153432451052,-0.496605351926397
Yunnan,2010,228,80,17,62,-0.1843160891539,0.333031430214016,0.12491398227132,-0.0805147655059728,0.299528096225596,-0.129463208430631
Zhejiang,2010,393,225,17,164,0.0943591283905999,0.603995167050882,0.624355843436974,-0.0805147655059728,0.916955524984216,0.0175352969732086
Anhui,2011,58,12,10,11,-0.72750049861076,-0.344184310107046,-0.765585373635431,-0.396329066900856,-0.76385377843825,-0.415987776536783
Beijing,2011,250,183,75,137,-0.0506018425940554,0.378837609767918,0.52428149931559,0.84315732983935,0.802364768753523,-0.0589302253807159
Chongqing,2011,20,7,6,7,-1.15346319970473,-0.860024147094881,-1.00190373666581,-0.68617715186566,-1.02386882272213,-0.640679017366612
Fujian,2011,102,14,8,9,-0.954875540167445,-0.0659486662152217,-0.695931794396994,-0.525014755284983,-0.88077221781982,-0.535925930957104
Gansu,2011,92,28,5,28,-0.873721773319237,-0.116947404642602,-0.375047469183756,-0.785030580876641,-0.197998770998951,-0.493118097021625
Guangdong,2011,601,16,11,16,-0.980180741086425,0.815674452564906,-0.635009296152542,-0.340530591097631,-0.540493053375906,-0.549274181823509
Guangxi,2011,64,29,15,25,-0.806178940593254,-0.295821993827081,-0.358546068102729,-0.156046426910279,-0.268025656588502,-0.457489900338239
Guizhou,2011,20,1,1,1,-1.17480265962534,-0.860024147094881,-1.67667518925434,-1.48954639624731,-1.91286613097121,-0.651935377878662
Hainan,2011,29,1,1,1,-1.18841531858596,-0.681917203983802,-1.67667518925434,-1.48954639624731,-1.91286613097121,-0.65911592496647
Hebei,2011,15,166,23,66,-0.227403147425365,-0.995815246572698,0.477095519909834,0.103969398681379,0.33900369586215,-0.152191218563581
Heilongjiang,2011,20,5,4,4,-1.1400752842047,-0.860024147094881,-1.14193146479936,-0.90194937158129,-1.32527087194436,-0.633617020299495
Henan,2011,111,27,11,23,-0.788958131935555,-0.0241178674694479,-0.392127983615893,-0.340530591097631,-0.319355124313711,-0.448406088879033
Hubei,2011,398,24,10,22,-0.853443481874589,0.610292270327819,-0.447290122155344,-0.396329066900856,-0.346647583779436,-0.482421492706494
Hunan,2011,127,12,7,11,-1.04432462057558,0.0425615238191205,-0.765585373635431,-0.600546416689289,-0.76385377843825,-0.58310946326257
Inner Mongolia,2011,18,10,7,10,-1.03910572698828,-0.910001189672423,-0.846898066329319,-0.600546416689289,-0.819652086575592,-0.58035654693239
Jiangsu,2011,214,87,21,84,1.43608611062053,0.301530215414772,0.165259112553477,0.048170922878154,0.491600859775484,0.725283416040558
Jiangxi,2011,79,12,8,12,-0.897446274044664,-0.192136514488976,-0.765585373635431,-0.525014755284983,-0.712524310713042,-0.505632543691191
Jilin,2011,15,10,5,10,-0.972168082784776,-0.995815246572698,-0.846898066329319,-0.785030580876641,-0.819652086575592,-0.545047581392252
Liaoning,2011,13,73,8,62,-0.533042063764157,-1.06249463786127,0.0809200181044846,-0.525014755284983,0.299528096225596,-0.313412816561894
Ningxia,2011,9,4,2,4,-1.15800315568922,-1.23051328488079,-1.23067551885198,-1.22953057065565,-1.32527087194436,-0.643073800620751
Qinghai,2011,17,26,8,23,-0.796860815875385,-0.936999855170533,-0.409829742183662,-0.525014755284983,-0.319355124313711,-0.45257467888883
Shaanxi,2011,116,56,24,49,-0.600339465414796,-0.00230856411681994,-0.0461270817250702,0.130147642863739,0.151321695331569,-0.348911550706153
Shandong,2011,43,25,3,25,-0.898825317660351,-0.490668616316597,-0.428199647341165,-1.0450464064683,-0.268025656588502,-0.506359975976626
Shanghai,2011,136,48,30,43,-0.741180283118339,0.0764929363855656,-0.119737956860239,0.268093823303856,0.0693452216734874,-0.423203731707033
Shanxi,2011,11,5,4,5,-1.17340156641463,-1.13947034593692,-1.14193146479936,-0.90194937158129,-1.20835243256279,-0.651196314643256
Sichuan,2011,87,143,32,87,0.0463574385998656,-0.144543026185991,0.404969438538417,0.308186748469812,0.513843875798028,-0.00778513416620532
Taiwan,2011,5,1,1,1,-1.23378682961595,-1.48559593606752,-1.67667518925434,-1.48954639624731,-1.91286613097121,-0.683048962026923
Tianjin,2011,34,1,1,1,-1.23379084845468,-0.60494149590815,-1.67667518925434,-1.48954639624731,-1.91286613097121,-0.683051081925821
Tibet,2011,30,29,11,29,-0.848731810265241,-0.665543485539593,-0.358546068102729,-0.340530591097631,-0.176258519411401,-0.479936131106597
Xinjiang,2011,77,73,13,48,-0.478817255919469,-0.204779054883205,0.0809200181044846,-0.241677162086651,0.138366183913266,-0.28480975031433
Yunnan,2011,149,88,17,77,0.0018287465072359,0.12176152809992,0.170759111346044,-0.0805147655059728,0.436488041819916,-0.0312735923178855
Zhejiang,2011,334,173,18,129,0.0194362989525415,0.522989825820687,0.497081981565492,-0.0458426497186698,0.764068256562887,-0.0219857772186962
Anhui,2012,91,14,7,14,-1.00174039258209,-0.122345875301317,-0.695931794396994,-0.600546416689289,-0.620757173535941,-0.560646691280272
Beijing,2012,204,331,103,197,0.322951637634345,0.277746974242446,0.811557845739484,1.04429900020227,1.03387396436579,0.138115653925754
Chongqing,2012,93,2,1,2,-1.18954546623056,-0.111606672744708,-1.47931719109363,-1.48954639624731,-1.65285108668733,-0.659712067013494
Fujian,2012,188,37,18,34,-0.619211029878576,0.237168014699102,-0.243485079885787,-0.0458426497186698,-0.0774053874398524,-0.358866120026136
Gansu,2012,117,26,12,22,-0.950058254493736,0.00194128002355975,-0.409829742183662,-0.289200969134761,-0.346647583779436,-0.533384858950852
Guangdong,2012,387,32,18,31,-0.874382923171351,0.596332300478676,-0.312154341874337,-0.0458426497186698,-0.13487151447305,-0.493466847229717
Guangxi,2012,53,28,16,24,-0.833905396662537,-0.388403774273542,-0.375047469183756,-0.11716919486846,-0.29317695879297,-0.472115340082191
Guizhou,2012,28,23,7,21,-0.714594466660859,-0.698846068313322,-0.467160012210831,-0.600546416689289,-0.375153432451052,-0.409179968422211
Hainan,2012,31,25,9,23,-0.830523578263524,-0.649689656442091,-0.428199647341165,-0.45744938180228,-0.319355124313711,-0.470331463300529
Hebei,2012,17,128,19,67,-0.316599754466004,-0.936999855170533,0.351427084236514,-0.0129493920232701,0.348504254873174,-0.199241573588329
Heilongjiang,2012,32,14,6,13,-1.025406246525,-0.634323715680818,-0.695931794396994,-0.68617715186566,-0.665000646466702,-0.573130202334346
Henan,2012,88,39,15,36,-0.740005659414876,-0.138900551773383,-0.218518339969181,-0.156046426910279,-0.0417697753491267,-0.422584128965381
Hong Kong,2012,14,3,3,3,-1.02215530888578,-1.02804279411441,-1.33928946296008,-1.0450464064683,-1.46836747684667,-0.571415363898632
Hubei,2012,278,25,13,23,-0.502395845225518,0.431648676254389,-0.428199647341165,-0.241677162086651,-0.319355124313711,-0.297247230109127
Hunan,2012,90,36,15,30,-0.695546849848414,-0.127803346807553,-0.256465708189781,-0.156046426910279,-0.155231192860022,-0.399132533176243
Inner Mongolia,2012,19,12,8,10,-0.94512995930287,-0.884387694750187,-0.765585373635431,-0.525014755284983,-0.819652086575592,-0.530785230488624
Jiangsu,2012,227,105,29,89,-0.204423081275757,0.330846071485781,0.255843413464239,0.247066433568388,0.528255178997018,-0.140069453995355
Jiangxi,2012,89,40,20,36,-0.463710225737083,-0.133321123086811,-0.20649934131124,0.0183386635050077,-0.0417697753491267,-0.276840936734605
Jilin,2012,7,4,2,4,-1.19221255702414,-1.3419408367033,-1.23067551885198,-1.22953057065565,-1.32527087194436,-0.661118931835874
Liaoning,2012,17,112,9,107,-0.265178013402977,-0.936999855170533,0.286970117142708,-0.45744938180228,0.645173618378587,-0.172117098193164
Ningxia,2012,6,3,3,2,-1.19417051848209,-1.40862022799187,-1.33928946296008,-1.0450464064683,-1.65285108668733,-0.66215173773262
Qinghai,2012,19,65,14,55,-0.516951527083489,-0.884387694750187,0.0252313844199287,-0.197433556210622,0.223996661782378,-0.304925212733878
Shaanxi,2012,94,45,27,42,-0.679692134924483,-0.106322457588701,-0.150489953272941,0.20282282769236,0.0546025952927596,-0.39076932306392
Shandong,2012,40,17,6,15,-1.07982062844314,-0.525931757841276,-0.60718774034438,-0.68617715186566,-0.57937016859759,-0.601833267088079
Shanghai,2012,129,116,49,93,-0.337633646028275,0.0503035963035254,0.303902075274534,0.574647632642749,0.556141137814674,-0.210336749721049
Shanxi,2012,6,19,12,15,-1.07111197324061,-1.40862022799187,-0.555904066263446,-0.289200969134761,-0.57937016859759,-0.597239534964609
Sichuan,2012,119,170,46,104,0.183389263057781,0.0103339762774098,0.488616642729912,0.534968301770994,0.627108310968566,0.0644978394170424
Tianjin,2012,22,11,4,11,-1.10287192394627,-0.81459705556253,-0.804545738505096,-0.90194937158129,-0.76385377843825,-0.613992604457364
Tibet,2012,36,15,5,15,-0.981434610265606,-0.57719248665893,-0.664518010371548,-0.785030580876641,-0.57937016859759,-0.549935585793821
Xinjiang,2012,111,62,17,50,-0.555913649278411,-0.0241178674694479,0.00258801270554077,-0.0805147655059728,0.164020645032513,-0.32547735863505
Yunnan,2012,167,168,28,142,0.492177145651549,0.178352623296937,0.482890168277749,0.225326116654512,0.825188387807114,0.227380486923551
Zhejiang,2012,333,182,26,140,0.0330427447435097,0.521496988617955,0.521628933000545,0.179501060085685,0.816156182098553,-0.01480850751831
Anhui,2013,146,36,10,34,-0.761961519681996,0.111673232008369,-0.256465708189781,-0.396329066900856,-0.0774053874398524,-0.434165634750361
Beijing,2013,227,386,107,218,1.44369244005155,0.330846071485781,0.886170808691497,1.06850103964371,1.09851759900186,0.729295681888311
Chongqing,2013,37,7,5,7,-1.16014206129026,-0.563875599541817,-1.00190373666581,-0.785030580876641,-1.02386882272213,-0.644202052818142
Fujian,2013,335,79,25,69,0.0993093284685874,0.524478213427544,0.118867386325085,0.155299020644249,0.367093266684688,0.0201464800533759
Gansu,2013,97,30,13,25,-0.728836367555565,-0.0907972587580159,-0.342585795164364,-0.241677162086651,-0.268025656588502,-0.416692434597274
Guangdong,2013,494,96,28,86,-0.315948573807988,0.717951097299895,0.212655472191544,0.225326116654512,0.506514927409468,-0.198898082034542
Guangxi,2013,80,46,17,43,-0.544777702495713,-0.185933283507156,-0.14002192155932,-0.0805147655059728,0.0693452216734874,-0.319603253475154
Guizhou,2013,17,3,3,3,-1.16170308615011,-0.936999855170533,-1.33928946296008,-1.0450464064683,-1.46836747684667,-0.645025478465094
Hainan,2013,16,31,6,30,-0.871230727569967,-0.965542119030424,-0.327132284077283,-0.68617715186566,-0.155231192860022,-0.491804094272254
Hebei,2013,33,162,31,85,-0.133505516263408,-0.619416528899818,0.465295070105759,0.288453562868731,0.499101249417299,-0.102661118386788
Heilongjiang,2013,28,17,8,12,-0.963604995210653,-0.698846068313322,-0.60718774034438,-0.525014755284983,-0.712524310713042,-0.54053063479711
Henan,2013,68,18,11,16,-0.849388878345278,-0.266000974665538,-0.580870806180053,-0.340530591097631,-0.540493053375906,-0.480282728219054
Hong Kong,2013,25,3,3,3,-1.1866760907124,-0.753375135780197,-1.33928946296008,-1.0450464064683,-1.46836747684667,-0.65819849893834
Hubei,2013,192,39,12,36,-0.552747055049231,0.247626065470566,-0.218518339969181,-0.289200969134761,-0.0417697753491267,-0.323807010539473
Hunan,2013,47,26,8,25,-0.911613572354802,-0.447219165675706,-0.409829742183662,-0.525014755284983,-0.268025656588502,-0.51310565771816
Inner Mongolia,2013,32,44,19,37,-0.627897576471956,-0.634323715680818,-0.161188069942012,-0.0129493920232701,-0.0246680684269326,-0.36344819007025
Jiangsu,2013,265,111,41,95,0.653902998575756,0.407821779561433,0.282643468972637,0.462838653284018,0.569642183935369,0.312689323764141
Jiangxi,2013,114,48,24,38,0.202960044481005,-0.0109183234788073,-0.119737956860239,0.130147642863739,-0.00801061230462334,0.0748212389792578
Jilin,2013,5,5,4,4,-1.00350913237158,-1.48559593606752,-1.14193146479936,-0.90194937158129,-1.32527087194436,-0.561579684561104
Liaoning,2013,7,153,9,123,-0.203650117603556,-1.3419408367033,0.437649139309132,-0.45744938180228,0.733766115389058,-0.139661723069203
Ningxia,2013,5,6,2,6,-1.15364949272103,-1.48559593606752,-1.06689943620442,-1.22953057065565,-1.10949930059124,-0.640777285146591
Qinghai,2013,38,103,21,64,-0.427070500041435,-0.550904645013811,0.246571805247366,0.048170922878154,0.319569602438347,-0.257513832720389
Shaanxi,2013,124,79,29,62,-0.449496332054655,0.0307185891560449,0.118867386325085,0.247066433568388,0.299528096225596,-0.269343244095495
Shandong,2013,38,18,9,14,-0.97106197475712,-0.550904645013811,-0.580870806180053,-0.45744938180228,-0.620757173535941,-0.544464120012682
Shanghai,2013,138,116,46,90,-0.329300831999413,0.0837300728063119,0.303902075274534,0.534968301770994,0.535341173791465,-0.205941270213241
Shanxi,2013,20,21,15,17,-0.948635696162478,-0.860024147094881,-0.509512340035053,-0.156046426910279,-0.503838734154372,-0.532634473070158
Sichuan,2013,78,293,50,147,0.485212264869222,-0.198417775578369,0.752391493889009,0.587346620502208,0.847227532899953,0.223706579087973
Taiwan,2013,45,2,1,2,-1.2236277368958,-0.468471465431923,-1.47931719109363,-1.48954639624731,-1.65285108668733,-0.677690138019249
Tianjin,2013,39,16,6,15,-1.01102330378854,-0.538262104619581,-0.635009296152542,-0.68617715186566,-0.57937016859759,-0.565543337940023
Tibet,2013,49,40,14,31,-0.480393963637443,-0.426834552797071,-0.20649934131124,-0.197433556210622,-0.13487151447305,-0.285641448518581
Xinjiang,2013,31,44,8,32,-0.737393994049052,-0.649689656442091,-0.161188069942012,-0.525014755284983,-0.115138388167173,-0.42120650052474
Yunnan,2013,145,226,47,147,0.808163341882287,0.108264661282749,0.62650483021332,0.54846938846039,0.847227532899953,0.394060175858379
Zhejiang,2013,451,214,28,154,0.118096387250515,0.672572041328392,0.600068756478164,0.225326116654512,0.876862720291367,0.0300564734363951
Anhui,2014,60,30,15,27,-0.713850028940693,-0.327537646221548,-0.342585795164364,-0.156046426910279,-0.220501992342162,-0.40878728466226
Beijing,2014,101,545,114,257,0.819957732804926,-0.0708204480028271,1.053705556458,1.10877387165077,1.20361494782572,0.400281603989138
Chongqing,2014,4,11,5,11,-1.05569789663611,-1.5766388750114,-0.804545738505096,-0.785030580876641,-0.76385377843825,-0.589108757341084
Fujian,2014,34,81,26,58,-0.436450834070165,-0.60494149590815,0.130886384983026,0.179501060085685,0.257462133040668,-0.262461868984833
Gansu,2014,21,36,14,26,-0.694210975179475,-0.836794206447203,-0.256465708189781,-0.197433556210622,-0.243823689870492,-0.398427872096326
Guangdong,2014,20,170,35,129,-0.0316984904980835,-0.860024147094881,0.488616642729912,0.363985224273037,0.764068256562887,-0.0489588883895222
Guangxi,2014,86,144,30,107,-0.171399405412497,-0.150249987416331,0.408337927512877,0.268093823303856,0.645173618378587,-0.122649781598168
Guizhou,2014,39,35,16,30,-0.681643853705568,-0.538262104619581,-0.269802014050114,-0.11716919486846,-0.155231192860022,-0.391798836008473
Hainan,2014,15,28,10,16,-0.888981409371608,-0.995815246572698,-0.375047469183756,-0.396329066900856,-0.540493053375906,-0.50116740873463
Hebei,2014,8,148,26,83,-0.166453488871982,-1.28312544530114,0.421583498968214,0.179501060085685,0.484011706066257,-0.120040858042948
Heilongjiang,2014,1,1,1,1,-1.21790941300063,-2.03419201696452,-1.67667518925434,-1.48954639624731,-1.91286613097121,-0.674673776990049
Henan,2014,13,47,22,36,-0.699471689743708,-1.06249463786127,-0.129774285916565,0.0766768572057419,-0.0417697753491267,-0.401202848590872
Hong Kong,2014,9,2,2,2,-1.16119409080843,-1.23051328488079,-1.47931719109363,-1.22953057065565,-1.65285108668733,-0.644756988302446
Hubei,2014,36,20,14,20,-0.899755251181246,-0.57719248665893,-0.532155711749442,-0.197433556210622,-0.404985602182823,-0.506850506992986
Hunan,2014,11,25,11,24,-0.455577373680842,-1.13947034593692,-0.428199647341165,-0.340530591097631,-0.29317695879297,-0.272550935250182
Inner Mongolia,2014,27,58,25,44,-0.492469809896421,-0.71636904773066,-0.0293411178097525,0.155299020644249,0.083756524872478,-0.292011341640752
Jiangsu,2014,85,171,56,116,0.0169118358292274,-0.156022926538344,0.491454812370062,0.658673165651999,0.696503086103796,-0.023317407312481
Jiangxi,2014,44,77,31,57,-0.304612001161302,-0.479446713217417,0.106544077113817,0.288453562868731,0.246499883125589,-0.192918148654931
Jilin,2014,4,16,10,14,-0.832497383851368,-1.5766388750114,-0.635009296152542,-0.396329066900856,-0.620757173535941,-0.471372626823886
Liaoning,2014,6,152,11,138,-0.112843489741877,-1.40862022799187,0.434478152757423,-0.340530591097631,0.806994940521757,-0.091762097497733
Ningxia,2014,6,8,2,8,-1.12861906596136,-1.40862022799187,-0.944573466638645,-1.22953057065565,-0.948337388278911,-0.627573975014773
Qinghai,2014,21,136,29,80,-0.218029720073401,-0.836794206447203,0.380713794021025,0.247066433568388,0.460690008537927,-0.147246825504912
Shaanxi,2014,59,69,36,56,-0.396705139462741,-0.335791613853196,0.0538716867864743,0.381555581749979,0.235346975856947,-0.241496396148714
Shandong,2014,3,22,17,21,-0.816222639494491,-1.68806642683391,-0.487875679567207,-0.0805147655059728,-0.375153432451052,-0.462787855212795
Shanghai,2014,56,136,46,107,-0.194865131151078,-0.361405108775431,0.380713794021025,0.534968301770994,0.645173618378587,-0.135027726943225
Shanxi,2014,7,19,18,15,-0.984238853918805,-1.3419408367033,-0.555904066263446,-0.0458426497186698,-0.57937016859759,-0.551414797434672
Sichuan,2014,3,350,63,150,0.895147660632135,-1.68806642683391,0.838645799729517,0.732953552647741,0.860096379542939,0.439943570020463
Taiwan,2014,4,1,1,1,-1.23379011166758,-1.5766388750114,-1.67667518925434,-1.48954639624731,-1.91286613097121,-0.68305069327769
Tianjin,2014,10,77,11,70,-0.608398060691819,-1.18291979657781,0.106544077113817,-0.340530591097631,0.376189532730348,-0.35316238245149
Tibet,2014,12,32,18,31,-0.720527930133821,-1.0995007259108,-0.312154341874337,-0.0458426497186698,-0.13487151447305,-0.412309813516005
Xinjiang,2014,21,57,11,45,-0.576743817238168,-0.836794206447203,-0.0376617428894902,-0.340530591097631,0.0978510703451037,-0.336465072520682
Yunnan,2014,104,322,49,162,0.930053766095912,-0.0563454150111586,0.798180813216015,0.574647632642749,0.909134988987078,0.458356205983777
Zhejiang,2014,27,198,40,140,0.0722064477262436,-0.71636904773066,0.562427228490178,0.447385425266934,0.816156182098553,0.00584997031573887
Anhui,2015,216,15,14,13,-0.88846392163208,0.306153893563657,-0.664518010371548,-0.197433556210622,-0.665000646466702,-0.50089443891354
Beijing,2015,404,591,148,254,2.95579332617782,0.617745448576565,1.09307719698728,1.27487394753206,1.1961145581839,1.52691440176924
Chongqing,2015,2,33,20,32,-0.776390171261555,-1.83172152619813,-0.297623569858277,0.0183386635050077,-0.115138388167173,-0.441776610121177
Fujian,2015,378,137,39,91,-0.115327150150951,0.584612901957508,0.384253771182042,0.43155059775574,0.542349724469644,-0.0930722045509598
Gansu,2015,217,41,9,27,-0.613917540935273,0.308449776561615,-0.194769985455176,-0.45744938180228,-0.220501992342162,-0.356073855360861
Guangdong,2015,534,185,49,145,0.129360665802706,0.756755364002696,0.529543655584884,0.574647632642749,0.838502554717982,0.0359982723742938
Guangxi,2015,332,141,40,105,1.9072065094495,0.519999675135053,0.39816170918581,0.447385425266934,0.633186802014555,0.973794909467707
Guizhou,2015,95,52,15,38,-0.531033259055009,-0.1010935755451,-0.0815423128300258,-0.156046426910279,-0.00801061230462334,-0.31235319133761
Hainan,2015,69,29,11,25,-0.549799392261235,-0.258815905777544,-0.358546068102729,-0.340530591097631,-0.268025656588502,-0.322252146680075
Hebei,2015,76,116,23,73,-0.263645034098107,-0.21122241747456,0.303902075274534,0.103969398681379,0.402728878775413,-0.171308466307571
Heilongjiang,2015,10,81,10,43,-0.678141937051291,-1.18291979657781,0.130886384983026,-0.396329066900856,0.0693452216734874,-0.389951608548624
Henan,2015,44,58,26,48,-0.535874818688237,-0.479446713217417,-0.0293411178097525,0.179501060085685,0.138366183913266,-0.314907067624777
Hong Kong,2015,12,2,2,2,-1.2284071917376,-1.0995007259108,-1.47931719109363,-1.22953057065565,-1.65285108668733,-0.68021125462438
Hubei,2015,726,89,20,81,0.167763926696903,0.909887026675631,0.176197656352253,0.0183386635050077,0.468558524483759,0.0562556242975205
Hunan,2015,128,76,20,55,-0.0759968842441235,0.0464475642280415,0.100263413014867,0.0183386635050077,0.223996661782378,-0.0723258663714049
Inner Mongolia,2015,60,97,28,68,-0.334553275646027,-0.327537646221548,0.217647769434027,0.225326116654512,0.357866114628983,-0.208711883878042
Jiangsu,2015,419,259,65,159,0.366658093862592,0.635905765250054,0.692571475649733,0.752686738248822,0.897222398678339,0.161170390542312
Jiangxi,2015,199,97,31,68,-0.207523397973421,0.265416627464141,0.217647769434027,0.288453562868731,0.357866114628983,-0.141704841328505
Jilin,2015,14,12,7,11,-0.940619818733295,-1.02804279411441,-0.765585373635431,-0.600546416689289,-0.76385377843825,-0.528406174579991
Liaoning,2015,54,291,18,194,0.158891813765894,-0.379241064494087,0.749068991471737,-0.0458426497186698,1.02408330084677,0.051575669789459
Ningxia,2015,2,12,7,12,-1.1142591792343,-1.83172152619813,-0.765585373635431,-0.600546416689289,-0.712524310713042,-0.619999272444355
Qinghai,2015,89,71,16,58,-0.4267525324076,-0.133321123086811,0.0675837122441514,-0.11716919486846,0.257462133040668,-0.257346107842115
Shaanxi,2015,107,43,22,38,-0.601067031475767,-0.0422781841429356,-0.172126613740788,0.0766768572057419,-0.00801061230462334,-0.34929533482764
Shandong,2015,20,13,10,13,-1.04051663900306,-0.860024147094881,-0.729513709910159,-0.396329066900856,-0.665000646466702,-0.581100789492803
Shanghai,2015,105,309,91,171,0.296579712030484,-0.0516121694076592,0.778185327826535,0.965676836763762,0.943599903541839,0.124204716015497
Shanxi,2015,34,6,4,6,-1.02730417132923,-0.60494149590815,-1.06689943620442,-0.90194937158129,-1.10949930059124,-0.574131339471868
Sichuan,2015,67,449,79,220,1.0219636766605,-0.273290938769212,0.959583053048886,0.87605058753475,1.1043474210068,0.506837802603102
Taiwan,2015,13,3,1,3,-1.21120710159193,-1.06249463786127,-1.33928946296008,-1.48954639624731,-1.46836747684667,-0.671138371981627
Tianjin,2015,189,76,10,70,-0.642303210022208,0.239803132541906,0.100263413014867,-0.396329066900856,0.376189532730348,-0.371047023651296
Tibet,2015,34,63,22,49,-0.514458484934321,-0.60494149590815,0.0102534422169826,0.0766768572057419,0.151321695331569,-0.303610156902701
Xinjiang,2015,303,49,11,46,-0.517725345213412,0.474501170850002,-0.109904395861079,-0.340530591097631,0.111642483690134,-0.305333394378286
Yunnan,2015,536,399,67,193,1.1021367691513,0.758618626136201,0.902252783021717,0.771830784689561,1.02078624472024,0.549128340217446
Zhejiang,2015,190,326,58,174,0.466350766024429,0.242424417681418,0.804171593014699,0.680788389288584,0.954688525711537,0.2137573192855
Anhui,2016,108,21,15,15,-0.911703990885333,-0.0376758135689907,-0.509512340035053,-0.156046426910279,-0.57937016859759,-0.513153352626111
Beijing,2016,263,727,170,279,1.04706194957048,0.404053054711,1.19373328459155,1.36318898102267,1.25609057493377,0.52007690092872
Chongqing,2016,5,37,22,32,-0.722560319940946,-1.48559593606752,-0.243485079885787,0.0766768572057419,-0.115138388167173,-0.413381879653345
Fujian,2016,279,136,45,100,-0.139610230590543,0.433435274483668,0.380713794021025,0.521176846984752,0.60220125786398,-0.105881296664259
Gansu,2016,175,49,19,42,-0.552062001497141,0.201582563944615,-0.109904395861079,-0.0129493920232701,0.0546025952927596,-0.323445651358825
Guangdong,2016,489,320,77,205,0.783688097147285,0.712881473325706,0.795157544402136,0.859814836014918,1.05927435416476,0.381149718921662
Guangxi,2016,119,86,30,74,-0.21233097123779,0.0103339762774098,0.159696255271227,0.268093823303856,0.411336739615448,-0.14424079013195
Guizhou,2016,51,47,12,32,-0.603071658468903,-0.40724954564959,-0.129774285916565,-0.289200969134761,-0.115138388167173,-0.350352756346782
Hainan,2016,29,53,21,38,-0.622859685835688,-0.681917203983802,-0.0724440158893969,0.048170922878154,-0.00801061230462334,-0.360790751061339
Hebei,2016,100,145,35,95,-0.0763952662616128,-0.0757402284132791,0.411683265177471,0.363985224273037,0.569642183935369,-0.0725360090660682
Heilongjiang,2016,47,50,10,30,-0.641932006849941,-0.447219165675706,-0.10026557169756,-0.396329066900856,-0.155231192860022,-0.370851217536905
Henan,2016,44,112,32,86,-0.318590368451631,-0.479446713217417,0.286970117142708,0.308186748469812,0.506514927409468,-0.200291603380363
Hong Kong,2016,30,13,9,11,-0.916296578888006,-0.665543485539593,-0.729513709910159,-0.45744938180228,-0.76385377843825,-0.515575898765222
Hubei,2016,897,146,55,73,-0.291160922347211,1.01537228949824,0.415005767594744,0.64732281747137,0.402728878775413,-0.185822833545237
Hunan,2016,133,84,20,73,-0.26767254065029,0.0654366838675711,0.148376100544091,0.0183386635050077,0.402728878775413,-0.173432937399374
Inner Mongolia,2016,70,91,26,51,-0.444677332067722,-0.251732756202569,0.186895773021324,0.179501060085685,0.176472997536038,-0.266801267805453
Jiangsu,2016,351,247,83,136,0.299147513306694,0.547708154075221,0.669571383718433,0.907338643063028,0.797700922713009,0.125559206569422
Jiangxi,2016,202,116,44,78,-0.159433399104974,0.272851310789928,0.303902075274534,0.507082259160046,0.444657273365158,-0.116337827997278
Jilin,2016,8,15,8,8,-0.934581493241917,-1.28312544530114,-0.664518010371548,-0.525014755284983,-0.948337388278911,-0.525221015776867
Liaoning,2016,32,194,16,151,-0.160483672794714,-0.634323715680818,0.552543747516185,-0.11716919486846,0.864329239822147,-0.11689183729892
Ningxia,2016,6,2,2,2,-1.2215590663345,-1.40862022799187,-1.47931719109363,-1.22953057065565,-1.65285108668733,-0.67659893413193
Qinghai,2016,85,228,20,136,-0.0912812545871559,-0.156022926538344,0.630774548067235,0.0183386635050077,0.797700922713009,-0.0803882251855888
Shaanxi,2016,54,56,32,49,-0.622983024963562,-0.379241064494087,-0.0461270817250702,0.308186748469812,0.151321695331569,-0.360855811268756
Shandong,2016,21,61,22,58,-0.285200284272316,-0.836794206447203,-0.00520006887009837,0.0766768572057419,0.257462133040668,-0.182678654109465
Shanghai,2016,400,609,124,243,0.815088951337072,0.61278904389147,1.10765633153646,1.16224465730877,1.16783728766619,0.3977133684452
Shanxi,2016,34,26,13,22,-0.919475965616484,-0.60494149590815,-0.409829742183662,-0.241677162086651,-0.346647583779436,-0.517252994781528
Sichuan,2016,29,581,99,229,1.52911065108647,-0.681917203983802,1.08478492294079,1.01914762242176,1.12994498349649,0.774352969246122
Taiwan,2016,20,5,4,4,-0.93032684022935,-0.860024147094881,-1.14193146479936,-0.90194937158129,-1.32527087194436,-0.522976727105021
Tianjin,2016,103,63,19,53,-0.597591391936458,-0.0611239555189846,0.0102534422169826,-0.0129493920232701,0.200674964254047,-0.347461968294
Tibet,2016,56,72,26,44,-0.640602168153734,-0.361405108775431,0.0742975388832059,0.179501060085685,0.083756524872478,-0.370149740374734
Xinjiang,2016,214,97,17,56,-0.415206426877956,0.301530215414772,0.217647769434027,-0.0805147655059728,0.235346975856947,-0.251255647875679
Yunnan,2016,515,583,93,257,1.54716719421666,0.738698744489254,1.086454717766,0.979468291550004,1.20361494782572,0.783877622626806
Zhejiang,2016,91,337,76,182,0.549787207476065,-0.122345875301317,0.820275894572014,0.851540167259803,0.98335367782553,0.257769242188717
Anhui,2017,89,34,20,29,-0.808536387562816,-0.133321123086811,-0.283514039507791,0.0183386635050077,-0.176258519411401,-0.458733431012218
Beijing,2017,273,1279,249,328,2.71253178989147,0.422618526516172,1.46841029150215,1.60674464708778,1.35950796819464,1.39859627369377
Chongqing,2017,3,95,33,76,-0.511688146806111,-1.68806642683391,0.2076114403777,0.32733079491055,0.428213397928915,-0.302148830101206
Fujian,2017,426,225,62,128,1.92825489552961,0.644159732881702,0.624355843436974,0.722854478875676,0.759116293701178,0.984897731319618
Gansu,2017,163,73,20,62,-0.521155248215574,0.166319422419936,0.0809200181044846,0.0183386635050077,0.299528096225596,-0.307142635327089
Guangdong,2017,509,410,107,222,0.879259012501442,0.732858284080895,0.915457518476007,1.06850103964371,1.11012472137908,0.431562460466915
Guangxi,2017,165,147,53,98,0.0050378160775377,0.172372268316322,0.41830574439875,0.624001049864696,0.589375310241246,-0.0295808388871073
Guizhou,2017,62,44,18,32,-0.620545437398828,-0.311428066197889,-0.161188069942012,-0.0458426497186698,-0.115138388167173,-0.359570007199186
Hainan,2017,55,102,34,68,-0.332801655914645,-0.370243457600054,0.241868921182089,0.345919862579368,0.357866114628983,-0.20778792126372
Hebei,2017,46,302,74,127,0.250361436944595,-0.457732262875314,0.767068325835405,0.834663458234407,0.754125793776029,0.0998250190340662
Heilongjiang,2017,55,26,13,26,-0.689109889724528,-0.370243457600054,-0.409829742183662,-0.241677162086651,-0.243823689870492,-0.395737098426455
Henan,2017,59,130,38,94,-0.117160923443199,-0.335791613853196,0.358915612159895,0.415314846235907,0.562927190599917,-0.0940395023809755
Hong Kong,2017,26,3,3,3,-0.841563322743565,-0.734529364404148,-1.33928946296008,-1.0450464064683,-1.46836747684667,-0.476154822668131
Hubei,2017,937,157,51,111,0.341371814539439,1.03713406297082,0.450130456869195,0.59979901042326,0.668495315906917,0.147832120636292
Hunan,2017,131,97,28,77,-0.362638695374126,0.0579274645803938,0.217647769434027,0.225326116654512,0.436488041819916,-0.223526673510388
Inner Mongolia,2017,88,84,41,56,-0.396249516056542,-0.138900551773383,0.148376100544091,0.462838653284018,0.235346975856947,-0.241256059170319
Jiangsu,2017,409,312,108,169,0.4156873527356,0.623872564373052,0.7828731141169,1.07441147715948,0.936099513900024,0.187032854520615
Jiangxi,2017,202,155,69,89,0.0263238253243956,0.272851310789928,0.443929803408083,0.790419852358379,0.528255178997018,-0.0183526730929933
Jilin,2017,37,25,18,20,-0.730704902346144,-0.563875599541817,-0.428199647341165,-0.0458426497186698,-0.404985602182823,-0.417678068784377
Liaoning,2017,154,171,26,133,-0.149669077528448,0.138135246544129,0.491454812370062,0.179501060085685,0.78350234998669,-0.111187241982924
Ningxia,2017,7,9,3,9,-1.07970966445461,-1.3419408367033,-0.893289792557711,-1.0450464064683,-0.88077221781982,-0.601774734648017
Qinghai,2017,102,346,47,183,0.256207522124468,-0.0659486662152217,0.833067002679636,0.54846938846039,0.986848378594183,0.102908772916012
Shaanxi,2017,127,249,61,181,0.0712116392425043,0.0425615238191205,0.673481000835554,0.712593813082867,0.979839827916005,0.00532521837847919
Shandong,2017,22,131,34,107,-0.329577926767543,-0.81459705556253,0.362617110714194,0.345919862579368,0.645173618378587,-0.206087435046731
Shanghai,2017,380,856,179,277,1.19034375450323,0.587241085247615,1.27313929394902,1.39608223871807,1.2514935946463,0.595656679289584
Shanxi,2017,26,22,17,15,-1.01382633802763,-0.734529364404148,-0.487875679567207,-0.0805147655059728,-0.57937016859759,-0.567021911626527
Sichuan,2017,31,692,125,256,1.42407896879873,-0.649689656442091,1.16975086192483,1.16735446865469,1.20112455244731,0.718949763850281
Taiwan,2017,58,22,7,20,-0.673836985779466,-0.344184310107046,-0.487875679567207,-0.600546416689289,-0.404985602182823,-0.387680788027264
Tianjin,2017,55,87,29,65,-0.434890030672799,-0.370243457600054,0.165259112553477,0.247066433568388,0.329360265957366,-0.261638560157218
Tibet,2017,14,71,23,59,-0.434571862901086,-1.02804279411441,0.0675837122441514,0.103969398681379,0.268240134713139,-0.261470729708132
Xinjiang,2017,77,132,29,69,-0.28324631621376,-0.204779054883205,0.366290673164133,0.247066433568388,0.367093266684688,-0.181647954692612
Yunnan,2017,497,719,107,275,1.76097432921777,0.720968349213313,1.18835483523505,1.06850103964371,1.24686342287806,0.896658836423908
Zhejiang,2017,49,367,85,201,0.515205771018146,-0.426834552797071,0.861667225609855,0.922428231755976,1.04669991198852,0.239527866013168
Anhui,2018,68,72,32,60,-0.548608277394665,-0.266000974665538,0.0742975388832059,0.308186748469812,0.278839979417111,-0.321623845007996
Beijing,2018,817,2246,306,348,2.50149737718438,0.968778731010229,1.74231902374632,1.73845468829394,1.39735234023242,1.28727764432277
Chongqing,2018,16,73,28,62,-0.387978868767614,-0.965542119030424,0.0809200181044846,0.225326116654512,0.299528096225596,-0.236893372021791
Fujian,2018,807,384,94,196,0.621471303533471,0.962636541978539,0.8836488097115,0.986254364726359,1.03062699032011,0.295581915574291
Gansu,2018,138,98,24,72,-0.398314283428406,0.0837300728063119,0.222589382580646,0.130147642863739,0.394003900593442,-0.242345204162633
Guangdong,2018,940,854,161,299,4.46165018697347,1.03872859441321,1.27200203942654,1.32851686523536,1.30033404786453,2.32123945815403
Guangxi,2018,388,257,78,137,0.430124237262608,0.597617638826453,0.688812810530779,0.867984092107524,0.802364768753523,0.194648172692275
Guizhou,2018,150,179,33,115,-0.0527465120929986,0.125079504907947,0.513583382646519,0.32733079491055,0.690998537250129,-0.0600615179789876
Hainan,2018,140,162,50,89,-0.200972753844057,0.0908638180216773,0.465295070105759,0.587346620502208,0.528255178997018,-0.138249439355794
Hebei,2018,87,342,79,161,0.531572814462247,-0.144543026185991,0.827423522483947,0.87605058753475,0.905188662662466,0.248161324507835
Heilongjiang,2018,80,32,17,29,-0.84802583549792,-0.185933283507156,-0.312154341874337,-0.0805147655059728,-0.176258519411401,-0.479563736185501
Henan,2018,44,198,56,118,-0.0114060783551186,-0.479446713217417,0.562427228490178,0.658673165651999,0.707372431128602,-0.0382548355414133
Hong Kong,2018,61,12,6,11,-0.905415023355768,-0.319417895408987,-0.765585373635431,-0.68617715186566,-0.76385377843825,-0.50983598255092
Hubei,2018,563,159,49,125,0.042351739401933,0.78311499828289,0.45625311261935,0.574647632642749,0.744026750350136,-0.00989810208772286
Hunan,2018,238,148,28,105,0.0362605729502557,0.354374579360533,0.421583498968214,0.225326116654512,0.633186802014555,-0.0131111339907825
Inner Mongolia,2018,241,173,56,80,-0.124246940747678,0.360603604070109,0.497081981565492,0.658673165651999,0.460690008537927,-0.097777308570569
Jiangsu,2018,505,320,112,174,0.440199964571931,0.728926345085389,0.795157544402136,1.09752309305825,0.954688525711537,0.199963022245018
Jiangxi,2018,269,251,96,116,1.05555276590845,0.415274957810181,0.677359465294072,0.999614804868216,0.696503086103796,0.524555725139706
Jilin,2018,92,60,29,31,-0.658760876752223,-0.116947404642602,-0.0131147914544373,0.247066433568388,-0.13487151447305,-0.379728285060414
Liaoning,2018,128,258,25,194,0.0852121735253651,0.0464475642280415,0.690695771154404,0.155299020644249,1.02408330084677,0.0127103659799415
Ningxia,2018,37,34,20,16,-0.901541857131266,-0.563875599541817,-0.283514039507791,0.0183386635050077,-0.540493053375906,-0.507792924502203
Qinghai,2018,331,487,54,210,0.534883559976108,0.518497858446928,0.999042387428359,0.635767947544173,1.07465341264667,0.249907711024003
Shaanxi,2018,354,307,70,213,0.496505629022548,0.551945975881153,0.775034865603397,0.799516145737009,1.08370687130912,0.229663720401607
Shandong,2018,35,130,32,95,-0.1468780029693,-0.590874265039927,0.358915612159895,0.308186748469812,0.569642183935369,-0.109714976912924
Shanghai,2018,824,1324,239,333,1.67363127328657,0.973033748486626,1.48522848056324,1.58056640290542,1.36918048948709,0.85058621183812
Shanxi,2018,65,42,21,38,-0.727185037446208,-0.288198125550212,-0.183316640218468,0.048170922878154,-0.00801061230462334,-0.415821373797025
Sichuan,2018,333,888,158,289,1.90902197818396,0.521496988617955,1.29098302268381,1.31653001285267,1.27859379627698,0.974752551818988
Taiwan,2018,144,17,5,17,-0.933210712921732,0.1048326637704,-0.60718774034438,-0.785030580876641,-0.503838734154372,-0.524497942300582
Tianjin,2018,146,123,51,77,-0.226541496155079,0.111673232008369,0.332185657424167,0.59979901042326,0.436488041819916,-0.151736705779749
Tibet,2018,140,170,36,91,-0.0913637230446466,0.0908638180216773,0.488616642729912,0.381555581749979,0.542349724469644,-0.0804317265062334
Xinjiang,2018,530,315,57,118,0.563047166721201,0.753007851686936,0.787516183163461,0.669826106433522,0.707372431128602,0.264763743558181
Yunnan,2018,1268,1053,139,319,2.29949095858011,1.18805597981566,1.37385155052597,1.23491984213739,1.34172105280288,1.18072119528342
Zhejiang,2018,105,587,103,264,1.18416975006277,-0.0516121694076592,1.08977722018327,1.04429900020227,1.2207820610414,0.592399951141666
Anhui,2019,66,194,49,131,0.986771610960237,-0.280688906263035,0.552543747516185,0.574647632642749,0.773858920081906,0.488274325356739
Beijing,2019,909,2527,390,362,4.24599748302934,1.02200097540678,1.79967336204626,1.8935540483636,1.42257431035298,2.20748472443422
Chongqing,2019,13,101,35,80,-0.343871852752281,-1.06249463786127,0.237120154596705,0.363985224273037,0.460690008537927,-0.213627343957986
Fujian,2019,514,420,114,187,0.988228461250831,0.7377300658685,0.92715867604604,1.10877387165077,1.00063979193921,0.489042799917202
Gansu,2019,164,225,40,162,0.217986853574854,0.169355016402904,0.624355843436974,0.447385425266934,0.909134988987078,0.0827477367039143
Guangdong,2019,1043,1292,218,327,2.32028531317025,1.09059727374187,1.47332885747841,1.52184638250038,1.35755583273284,1.19169001795994
Guangxi,2019,257,343,89,176,0.590773029203368,0.392573154358648,0.828840538664328,0.951582248939056,0.961975831449087,0.279388870190621
Guizhou,2019,64,198,25,148,0.0946059361901992,-0.295821993827081,0.562427228490178,0.155299020644249,0.851545906147927,0.0176654857211812
Hainan,2019,57,114,30,79,-0.218621209601729,-0.352720478182716,0.295509717129426,0.268093823303856,0.452723744553799,-0.147558830560088
Hebei,2019,161,506,109,160,0.735667071046115,0.160192306623449,1.01763389273273,1.08026793732318,0.901217900725071,0.355819088063884
Heilongjiang,2019,37,68,28,55,-0.57147958190849,-0.563875599541817,0.0468680448877761,0.225326116654512,0.223996661782378,-0.33368823885612
Henan,2019,123,275,79,176,0.429166207291661,0.0267076947216188,0.721639497476307,0.87605058753475,0.961975831449087,0.194142821067892
Hong Kong,2019,104,27,16,24,-0.741183753189381,-0.0563454150111586,-0.392127983615893,-0.11716919486846,-0.29317695879297,-0.423205562136238
Hubei,2019,634,185,69,137,0.306612317461039,0.842323736434346,0.529543655584884,0.790419852358379,0.802364768753523,0.12949681919063
Hunan,2019,313,183,57,121,0.0725850075421682,0.490662894524562,0.52428149931559,0.669826106433522,0.72333863354165,0.0060496569891259
Inner Mongolia,2019,127,141,50,95,0.0361370256496956,0.0425615238191205,0.39816170918581,0.587346620502208,0.569642183935369,-0.0131763040072951
Jiangsu,2019,580,727,173,295,1.2032378132792,0.797944057288965,1.19373328459155,1.37434192180419,1.29172618702449,0.602458171669702
Jiangxi,2019,263,312,118,132,0.623660720246896,0.404053054711,0.7828731141169,1.1307000392922,0.778698761953035,0.296736811899179
Jilin,2019,46,56,28,39,-0.595496246312106,-0.457732262875314,-0.0461270817250702,0.225326116654512,0.00822509042925968,-0.346356799064755
Liaoning,2019,118,193,31,153,-0.0676961819696415,0.00615526007282566,0.550041198485809,0.288453562868731,0.872712052053455,-0.0679473255061546
Ningxia,2019,25,55,28,29,-0.70839007977231,-0.753375135780197,-0.0547422573216276,0.225326116654512,-0.176258519411401,-0.405907213824224
Qinghai,2019,114,302,54,164,0.341367228585675,-0.0109183234788073,0.767068325835405,0.635767947544173,0.916955524984216,0.14782970158965
Shaanxi,2019,330,310,58,213,0.814282732973065,0.516991511384859,0.779752945008227,0.680788389288584,1.08370687130912,0.397288095987955
Shandong,2019,41,114,50,85,-0.0782777758909012,-0.513898556964274,0.295509717129426,0.587346620502208,0.499101249417299,-0.0735290148466039
Shanghai,2019,659,1821,260,352,2.05009592165474,0.861606196664116,1.64026754561788,1.63435774739585,1.40466040797353,1.04916770442695
Shanxi,2019,73,80,37,48,-0.537100234346318,-0.231066896528323,0.12491398227132,0.39865734006034,0.138366183913266,-0.315553462635513
Sichuan,2019,530,1017,204,281,2.13220469333347,0.753007851686936,1.35693593927466,1.47948243971196,1.26065483622309,1.09247929425424
Taiwan,2019,68,24,3,23,-0.140900315124344,-0.266000974665538,-0.447290122155344,-1.0450464064683,-0.319355124313711,-0.106561803886912
Tianjin,2019,100,208,55,139,0.00931536678138924,-0.0757402284132791,0.586292043039238,0.64732281747137,0.811591920809227,-0.0273244719026448
Tibet,2019,46,121,29,88,0.0284145930144946,-0.457732262875314,0.324270934839828,0.247066433568388,0.521090009438103,-0.0172498131820932
Xinjiang,2019,243,344,45,207,0.704097631499402,0.364713534039664,0.830253441584409,0.521176846984752,1.06547030578512,0.339166511380912
Yunnan,2019,984,1218,169,334,2.53255083665068,1.061548309004,1.44464292315138,1.35942780935558,1.37109760901354,1.30365804646038
Zhejiang,2019,110,824,150,299,1.4680210923837,-0.0285964057619384,1.25461645151893,1.28342444662002,1.30033404786453,0.742128812738006
Anhui,2020,216,163,25,120,-0.0920941137421527,0.306153893563657,0.468272111277291,0.155299020644249,0.718060611944565,-0.0808170005964101
Beijing,2020,3360,3446,250,363,3.59405035541155,1.67443113069502,1.95060112417088,1.60930464222773,1.42433848204054,1.86358886528113
Chongqing,2020,16,87,27,69,-0.145487837389408,-0.965542119030424,0.165259112553477,0.20282282769236,0.367093266684688,-0.108981677898004
Fujian,2020,1251,327,75,188,0.669333993254692,1.18132123875449,0.805657837571557,0.84315732983935,1.00404179463402,0.320829025509725
Gansu,2020,235,163,34,106,-0.147428637887222,0.348066870154166,0.468272111277291,0.345919862579368,0.639208217184578,-0.110005431552812
Guangdong,2020,3330,1183,166,317,1.91094714077842,1.66995393089574,1.43046292328155,1.34801009650963,1.33770050042297,0.975768056629708
Guangxi,2020,687,264,70,157,0.623847323992766,0.882353843853474,0.701843083866607,0.799516145737009,0.889155927489698,0.296835243586027
Guizhou,2020,183,215,17,115,-0.155589671783708,0.223779714829289,0.602327436699134,-0.0805147655059728,0.690998537250129,-0.114310298687766
Hainan,2020,331,124,43,85,-0.267182135084386,0.518497858446928,0.336095274541289,0.492670912657164,0.499101249417299,-0.173174253165215
Hebei,2020,391,270,93,143,0.349579919194868,0.601453921503196,0.712740808787067,0.979468291550004,0.829657228219248,0.152161817145289
Heilongjiang,2020,41,8,7,8,-1.07967471741401,-0.513898556964274,-0.944573466638645,-0.600546416689289,-0.948337388278911,-0.601756300419162
Henan,2020,217,201,41,142,0.176528082766391,0.308449776561615,0.569710327674688,0.462838653284018,0.825188387807114,0.0608786325961863
Hong Kong,2020,29,5,5,4,-0.96824968486073,-0.681917203983802,-1.14193146479936,-0.785030580876641,-1.32527087194436,-0.542980664055693
Hubei,2020,889,229,68,133,0.366365714881209,1.01090377044095,0.632895443423692,0.78119267257641,0.78350234998669,0.161016163432871
Hunan,2020,2080,134,33,95,-0.244621399439138,1.43504597301534,0.373555654512971,0.32733079491055,0.569642183935369,-0.161273681417628
Inner Mongolia,2020,299,141,44,93,-0.163940838217891,0.467887118230526,0.39816170918581,0.507082259160046,0.556141137814674,-0.118715458913424
Jiangsu,2020,955,729,121,313,1.86870553460949,1.04662575962174,1.1950686618741,1.14666628968139,1.32958297426006,0.953486014374915
Jiangxi,2020,753,201,64,138,1.32042235166409,0.928096403001603,0.569710327674688,0.742896045310268,0.806994940521757,0.664271892139005
Jilin,2020,140,4,4,3,-1.14336747296961,0.0908638180216773,-1.23067551885198,-0.90194937158129,-1.46836747684667,-0.635353618308509
Liaoning,2020,306,196,24,152,-0.00879856255119285,0.47940484697367,0.557510573411207,0.130147642863739,0.868534343440932,-0.036879395954889
Ningxia,2020,105,48,21,40,-0.675547073367825,-0.0516121694076592,-0.119737956860239,0.048170922878154,0.0240598703592195,-0.388582842834338
Qinghai,2020,627,413,69,185,0.905243824202651,0.836788484655168,0.918997495637024,0.790419852358379,0.993781159672937,0.44526919950505
Shaanxi,2020,367,140,38,103,-0.0503677587156374,0.569905304959895,0.394721802895662,0.415314846235907,0.620971651660577,-0.0588067483791734
Shandong,2020,65,133,55,94,-0.0723535031924298,-0.288198125550212,0.369936718034044,0.64732281747137,0.562927190599917,-0.0704040177982352
Shanghai,2020,2018,1853,186,348,2.74441527978248,1.41994241793383,1.64874209638632,1.420548124257,1.39735234023242,1.41541450892234
Shanxi,2020,232,97,23,84,-0.430635319654846,0.341678463120277,0.217647769434027,0.103969398681379,0.491600859775484,-0.259394240888087
Sichuan,2020,1170,947,157,285,1.82477929992397,1.14792237381966,1.32225990761844,1.31248408188653,1.26968704193165,0.930315346729312
Tianjin,2020,203,186,34,114,-0.0941421187275731,0.275305142127779,0.532153553066749,0.345919862579368,0.685446329371953,-0.0818973035905877
Tibet,2020,239,271,44,112,0.380994343154402,0.356459566408016,0.71453360902452,0.507082259160046,0.674195584586302,0.168732624592265
Xinjiang,2020,307,87,14,77,-0.449793461911177,0.481028762786652,0.165259112553477,-0.197433556210622,0.436488041819916,-0.269499977246022
Yunnan,2020,2119,845,113,247,1.90777086577564,1.44431774293728,1.26685125364491,1.10317315543101,1.1782647695136,0.974092602018874
Zhejiang,2020,251,1131,124,324,2.07329385331832,0.380823114063323,1.40860197371633,1.16224465730877,1.35166351558974,1.06140439096497
Anhui,2021,1553,218,52,162,1.42441982276721,1.28922656347192,0.609041263338188,0.612014197482006,0.909134988987078,0.719129561050653
Beijing,2021,8662,5363,365,365,6.28918470642953,2.14723044024726,2.16584240046671,1.85118210505206,1.42785233195007,3.28524639533734
Chongqing,2021,148,206,48,145,0.0661590687993873,0.118421357302138,0.581611769342758,0.561692082294998,0.838502554717982,0.00266003591220116
Fujian,2021,2498,646,111,276,1.58551405809151,1.52644872007307,1.13631943171637,1.09182280725038,1.24918268762664,0.804105225663044
Gansu,2021,780,192,43,141,0.113998493469075,0.945665054314743,0.547525716328088,0.492670912657164,0.820688186854888,0.0278948737560103
Guangdong,2021,8479,1966,229,332,3.1045749316689,2.13656892319849,1.6775398958305,1.55327386142978,1.36725762146771,1.60539527219425
Guangxi,2021,1644,705,102,290,1.34921343307148,1.31764384831166,1.17879712843097,1.03810302996397,1.28080128900411,0.679458911541513
Guizhou,2021,395,201,37,154,0.107788474069911,0.606523545477385,0.569710327674688,0.39865734006034,0.876862720291367,0.0246191480626763
Hainan,2021,1352,449,119,214,0.806765710552339,1.22006213357303,0.959583053048886,1.13606641312641,1.08669650844415,0.393322938731884
Hebei,2021,568,497,107,225,0.76888341371688,0.787522384991645,1.0089158439002,1.06850103964371,1.11869423871084,0.373340390354801
Heilongjiang,2021,136,40,11,36,-0.892705213251399,0.0764929363855656,-0.20649934131124,-0.340530591097631,-0.0417697753491267,-0.503131679578552
Henan,2021,501,558,81,274,2.07459043273288,0.724963199898524,1.06515890169471,0.891885415045944,1.24453573972719,1.06208832417495
Hong Kong,2021,18,6,4,6,-1.06064918211485,-0.910001189672423,-1.06689943620442,-0.90194937158129,-1.10949930059124,-0.591720512959741
Hubei,2021,3176,895,111,294,1.36874779230823,1.64631692298212,1.29480064785543,1.09182280725038,1.28955604619206,0.689763098749568
Hunan,2021,4042,554,52,272,0.739137716452125,1.76668594363693,1.06166341296183,0.612014197482006,1.23985487219988,0.357649820240091
Inner Mongolia,2021,670,167,69,105,0.0320500467369987,0.869860164295764,0.480001467133355,0.790419852358379,0.633186802014555,-0.0153321461990663
Jiangsu,2021,2547,1247,195,333,1.75089897364894,1.53614521255691,1.45608698229088,1.45069206185302,1.36918048948709,0.89134418296071
Jiangxi,2021,1856,400,112,192,0.838538438461098,1.37817644833052,0.903468126260349,1.09752309305825,1.0174721494683,0.41008274807677
Jilin,2021,519,136,27,109,-0.286379879086963,0.742554776564738,0.380713794021025,0.20282282769236,0.656940480700337,-0.183300879064605
Liaoning,2021,675,462,50,255,0.568194376588859,0.873567335534729,0.973445285177773,0.587346620502208,1.19862444790057,0.267478847413531
Ningxia,2021,266,78,34,53,-0.528158620227989,0.409695529123608,0.11274473057493,0.345919862579368,0.200674964254047,-0.310836846917496
Qinghai,2021,1260,541,87,192,0.665450627678045,1.18489800140178,1.05012653508133,0.937170902436174,1.0174721494683,0.318780587400539
Shaanxi,2021,751,148,64,94,0.0785150976332239,0.92677009764711,0.421583498968214,0.742896045310268,0.562927190599917,0.00917772265630748
Shandong,2021,150,369,117,201,1.28984897899067,0.125079504907947,0.864305414801117,1.12528837906759,1.04669991198852,0.648144731181717
Shanghai,2021,6033,2336,259,350,2.64376928380335,1.96663871414495,1.7614344925123,1.63189602486829,1.40101678451221,1.3623247110057
Shanxi,2021,413,145,36,100,-0.231795675892892,0.628720696362059,0.411683265177471,0.381555581749979,0.60220125786398,-0.154508235216012
Sichuan,2021,3016,1535,209,337,2.67904087106607,1.62051312401434,1.55715434555476,1.49493566772905,1.3768148177942,1.38093013511383
Tianjin,2021,554,424,55,189,0.336532829397465,0.775082326321784,0.931761497240723,0.64732281747137,1.00742584472446,0.145279602368578
Tibet,2021,1170,635,82,235,1.39325617680322,1.14792237381966,1.12797286421349,0.899658576048175,1.14645944128975,0.702691036591945
Xinjiang,2021,1878,496,80,182,0.663521467886104,1.3840575552777,1.00793746223573,0.884016875456354,0.98335367782553,0.317762974106472
Yunnan,2021,3871,661,93,262,1.76248411456164,1.74510596459253,1.14747526107357,0.979468291550004,1.21592388626089,0.897455233717449
Zhejiang,2021,817,2297,194,361,2.73604590233549,0.968778731010229,1.75324312601016,1.44741186068094,1.42080527197874,1.41099974256203
Anhui,2022,1749,392,54,235,1.14689913666978,1.3485415583899,0.893659336614878,0.635767947544173,1.14645944128975,0.572740059915856
Beijing,2022,17469,7814,430,365,8.10827163730194,2.49748911115343,2.34902147172945,1.95601485878934,1.42785233195007,4.24479731053561
Chongqing,2022,397,438,91,241,0.879919463547327,0.60903918642707,0.947537012266758,0.965676836763762,1.1625592660691,0.431910842061421
Fujian,2022,5468,1019,138,314,3.32778014849893,1.91754507924022,1.3578912775876,1.23032284803665,1.33162200937699,1.72313388405024
Gansu,2022,1059,364,45,208,0.461870864836022,1.09819215280667,0.857682935579839,0.521176846984752,1.06854597596868,0.211394214360508
Guangdong,2022,16096,3150,290,352,4.52310285493735,2.45661591203115,1.90689903000243,1.70413062023888,1.40466040797353,2.35365515131601
Guangxi,2022,2623,714,98,304,1.47955142900648,1.55082178294236,1.18496287228049,1.01270256384048,1.3109338925685,0.748210954757259
Guizhou,2022,643,324,44,204,0.671835824365298,0.849351503801933,0.801185419757835,0.507082259160046,1.05615378351061,0.322148717433795
Hainan,2022,2210,710,116,240,1.01497234205066,1.46530498515127,1.18223217948489,1.11983066160658,1.15990387509489,0.503149940627142
Hebei,2022,630,345,88,211,0.481590226524566,0.8391682524908,0.831662255054719,0.944417057849838,1.07768545613909,0.221795988588139
Heilongjiang,2022,476,55,21,53,-0.703119891459034,0.699454402255718,-0.0547422573216276,0.048170922878154,0.200674964254047,-0.403127240017889
Henan,2022,475,524,73,274,0.879737609392303,0.698406440334038,1.03461508164382,0.826055571528989,1.24453573972719,0.431814915738207
Hong Kong,2022,301,16,6,14,-0.948222922155274,0.471205095038553,-0.635009296152542,-0.68617715186566,-0.620757173535941,-0.532416738738906
Hubei,2022,5478,1714,108,338,2.32504423746164,1.91845730761304,1.61080891918058,1.07441147715948,1.37870928299472,1.19420030489657
Hunan,2022,8115,1374,93,348,1.70371146074829,2.11466076562688,1.50325812376058,0.979468291550004,1.39735234023242,0.866453222324742
Inner Mongolia,2022,698,131,51,84,-0.192218531888127,0.890274544017268,0.362617110714194,0.59979901042326,0.491600859775484,-0.133631671206785
Jiangsu,2022,5928,2128,203,347,2.65168335139342,1.957872772146,1.71606225803259,1.47634660006023,1.39551223565855,1.36649930578186
Jiangxi,2022,2579,423,121,187,0.785586244678077,1.54237747657298,0.93061486605277,1.14666628968139,1.00063979193921,0.38215097354531
Jilin,2022,318,45,18,36,-0.775731128656464,0.49855174220399,-0.150489953272941,-0.0458426497186698,-0.0417697753491267,-0.441428971465686
Liaoning,2022,1383,874,37,358,0.992467548454922,1.23137424598912,1.28325675388547,0.39865734006034,1.41546868636299,0.491278877774317
Ningxia,2022,283,46,16,32,-0.749336862337496,0.440518424058643,-0.14002192155932,-0.11716919486846,-0.115138388167173,-0.427506249042406
Qinghai,2022,1924,748,102,170,0.892011131680977,1.39613504669288,1.20757529929134,1.03810302996397,0.939860674265366,0.438289081070787
Shaanxi,2022,941,144,40,118,0.174823235296826,1.03925897542155,0.408337927512877,0.447385425266934,0.707372431128602,0.0599793419015355
Shandong,2022,145,476,67,257,0.718760908471782,0.108264661282749,0.987945136079939,0.771830784689561,1.20361494782572,0.346901249396926
Shanghai,2022,9405,2676,261,359,3.48180161069192,2.18832060638948,1.82754839864449,1.63681005604754,1.4172524872461,1.8043787286474
Shanxi,2022,402,74,19,64,-0.464251371635815,0.615273395644726,0.0874536022996381,-0.0129493920232701,0.319569602438347,-0.277126386007849
Sichuan,2022,4234,2032,201,349,3.31740757127814,1.78985412512647,1.69360392931571,1.47002853978235,1.39918717983608,1.7176624490153
Taiwan,2022,287,1,1,1,-1.22925168793231,0.447502505351891,-1.67667518925434,-1.48954639624731,-1.91286613097121,-0.680656718270324
Tianjin,2022,1003,380,36,224,0.27687554640689,1.07108879002913,0.878565267794611,0.381555581749979,1.11585043802387,0.113810957566432
Tibet,2022,678,225,39,109,0.807339785109261,0.875778499320713,0.624355843436974,0.43155059775574,0.656940480700337,0.393625757556613
Xinjiang,2022,2314,553,63,180,0.720984801574998,1.4882576696734,1.06078560440257,0.732953552647741,0.976306617854201,0.34807433168688
Yunnan,2022,6804,586,74,229,1.50792537731066,2.02668474255389,1.08894871834207,0.834663458234407,1.12994498349649,0.763177940447166
Zhejiang,2022,2136,4073,257,365,4.19084133581411,1.44830602461794,2.03194640228498,1.62694404712664,1.42785233195007,2.17839038559809
Anhui,2023,3380,877,226,320,2.04021069488621,1.67739378354096,1.28492273856102,1.54485433657942,1.343721915593,1.04395334208301
Beijing,2023,25923,11436,1001,365,10.1315619714114,2.69457604416668,2.53437811787361,2.49702590165931,1.42785233195007,5.31206356310302
Chongqing,2023,1980,734,147,290,1.31950013124021,1.41045441272042,1.19839116429138,1.270555561308,1.28080128900411,0.663785429707369
Fujian,2023,11034,2937,477,361,4.19298512712752,2.26807950028823,1.87283138535015,2.02238881914545,1.42080527197874,2.17952121496191
Gansu,2023,2369,932,158,302,1.51752236041097,1.49998262753295,1.31449666946321,1.31653001285267,1.3067149562724,0.768240257019705
Guangdong,2023,27868,7082,835,364,8.50768936916743,2.73070217479774,2.30115138630069,2.38087464896481,1.42609781374483,4.45548633460228
Guangxi,2023,4122,1735,309,359,3.06850371670496,1.77647031098636,1.61673286306262,1.7446908275279,1.4172524872461,1.58636805214031
Guizhou,2023,1465,517,146,240,1.06144169981597,1.2601169166713,1.02808149744867,1.26620789766567,1.15990387509489,0.527662081314665
Hainan,2023,3698,1165,263,297,1.90662129177256,1.72228117907654,1.42300626268353,1.64168671780684,1.29604456027247,0.973486212754005
Hebei,2023,2569,1394,341,355,2.55186838035789,1.540438236573,1.51028705044223,1.80768897080168,1.41008731768718,1.31384786555536
Heilongjiang,2023,1231,228,81,145,-0.00321444379063919,1.17327994304786,0.630774548067235,0.891885415045944,0.838502554717982,-0.0339338268474823
Henan,2023,957,1057,229,330,2.06723787739583,1.04766934134411,1.37569528270846,1.55327386142978,1.36339450132729,1.05820992172866
Hong Kong,2023,670,127,63,87,-0.197258422676814,0.869860164295764,0.347639168511248,0.732953552647741,0.513843875798028,-0.13629016527692
Hubei,2023,11963,3238,423,361,4.34384595787156,2.308442308093,1.9203063048123,1.94551416681904,1.42080527197874,2.2590988567729
Hunan,2023,8567,2106,239,353,2.95248934028846,2.14172419225863,1.7110063184699,1.58056640290542,1.40647448557363,1.52517158089019
Inner Mongolia,2023,1828,648,201,239,1.15614076427208,1.37058981144848,1.13782173140954,1.47002853978235,1.15723744296222,0.577614929870232
Jiangsu,2023,14424,5256,687,365,5.2589693245546,2.40185174143244,2.15603476530921,2.25592820109301,1.42785233195007,2.74181765878139
Jiangxi,2023,5423,1864,482,336,4.14556691058517,1.9134193024866,1.65162147657986,2.02906190673707,1.37491473935526,2.15450856036686
Jilin,2023,1378,504,126,236,0.694665791837436,1.22956695602353,1.01570999807706,1.17242388581263,1.14917097177358,0.334191306388756
Liaoning,2023,2432,727,168,276,1.1602753489554,1.51308322538547,1.19373328459155,1.3556444477568,1.24918268762664,0.579795883649578
Macao,2023,81,11,7,11,-1.02990940773042,-0.17980616771067,-0.804545738505096,-0.600546416689289,-0.76385377843825,-0.575505576695303
Ningxia,2023,578,135,63,93,-0.183081598715385,0.796222146367557,0.377147882730254,0.732953552647741,0.556141137814674,-0.128812026560223
Qinghai,2023,3215,1157,213,242,1.56732041408887,1.65240953515638,1.41965516707734,1.50703561030353,1.16520370694635,0.794508252886623
Shaanxi,2023,2591,798,223,290,1.92043558908519,1.54469466714587,1.23902969783675,1.53632279702939,1.28080128900411,0.980773122139253
Shandong,2023,937,1307,279,335,2.0238797872114,1.03713406297082,1.47894304560323,1.6794198319164,1.37300901431534,1.03533894486019
Shanghai,2023,18693,5792,732,365,5.70592225763832,2.53130408977658,2.20329269779369,2.29655755971916,1.42785233195007,2.97758104573803
Shanxi,2023,1404,391,134,199,0.616929072824101,1.238894235449,0.892419222022558,1.21159807453071,1.04031900358065,0.293185932424586
Sichuan,2023,10766,4401,615,365,5.54529413485586,2.25580232155065,2.06963682957006,2.18504013659683,1.42785233195007,2.89285125102252
Taiwan,2023,535,57,5,57,-0.536151769255071,0.757687864128783,-0.0376617428894902,-0.785030580876641,0.246499883125589,-0.315053156393467
Tianjin,2023,3515,1660,200,343,1.94009784186531,1.69694470627681,1.59523637385973,1.46684601250139,1.38809855766638,0.991144771965232
Tibet,2023,4453,1172,163,277,2.08877297431828,1.81503115814551,1.42591966428384,1.33638540482495,1.2514935946463,1.06956947888347
Xinjiang,2023,5750,1610,204,305,2.1641065292337,1.9426515673854,1.58035915482614,1.47948243971196,1.31303299756547,1.10930720682678
Yunnan,2023,16429,1802,251,329,3.1589793096176,2.46684068423159,1.63516507154362,1.6118544584337,1.36145417910876,1.63409305995002
Zhejiang,2023,6219,8683,778,365,8.08004208001485,1.98179897479754,2.40034251441154,2.33558916157458,1.42785233195007,4.22990648972284
Anhui,2024,3745,3083,665,364,4.23043314840892,1.7285860640712,1.89643771446388,2.23508720227033,1.42609781374483,2.19927468714793
Beijing,2024,29854,25948,2306,365,19.9572679742102,2.76507636831817,2.93315801551981,3.03181961710639,1.42785233195007,10.4950292737813
Chongqing,2024,3071,2467,424,358,3.03316487836624,1.62953437510793,1.7879815737983,1.9470248340216,1.41546868636299,1.56772715373437
Fujian,2024,10706,7816,1177,365,7.74714610982688,2.25301184950888,2.34914602257818,2.60079754939052,1.42785233195007,4.0543070571512
Gansu,2024,2153,1692,372,348,2.49801528160976,1.45226270457366,1.60452456914352,1.86333117075889,1.39735234023242,1.2854408722924
Guangdong,2024,27404,630,384,14,0.884338435518999,2.72231828556462,1.12413113381892,1.88363718170483,-0.620757173535941,0.434241807408756
Guangxi,2024,4808,3963,719,361,4.82176034923736,1.85332489021426,2.01862337134083,2.28508221827609,1.42080527197874,2.51119411612455
Guizhou,2024,1465,1306,343,347,2.40024405464152,1.2601169166713,1.47857077429316,1.811428211314,1.39551223565855,1.23386748746662
Hainan,2024,4039,2594,580,343,3.68279756848121,1.76631527406226,1.81240564991207,2.14752781020883,1.38809855766638,1.91040216929483
Hebei,2024,2996,2602,831,351,4.09047239074231,1.61719183692904,1.81390390338958,2.3777989695393,1.40284118404711,2.12544672937879
Heilongjiang,2024,1291,1089,213,334,1.35898943164919,1.19702547865349,1.39019899155061,1.50703561030353,1.37109760901354,0.684615657062036
Henan,2024,6436,5004,652,365,5.22036199334855,1.9989231536478,2.13212435162468,2.22244598459521,1.42785233195007,2.72145266172523
Hong Kong,2024,1131,763,276,269,1.66583714841023,1.13100821387838,1.21722686562987,1.67251192385207,1.23276887740544,0.846474885693484
Hubei,2024,12557,9287,1064,365,8.66033875803104,2.33263887575264,2.43307171202928,2.53612897555271,1.42785233195007,4.53600742367321
Hunan,2024,7811,6196,758,365,5.93855295365492,2.09559723561885,2.23610659847637,2.31890999170187,1.42785233195007,3.10029150749639
Inner Mongolia,2024,2611,2259,515,362,3.06644509498639,1.54853291565426,1.74512696642787,2.07144403690565,1.42257431035298,1.58528214892119
Jiangsu,2024,19199,14810,1741,365,12.456273057688,2.54464065901416,2.66020962572568,2.85167560380129,1.42785233195007,6.53832637251064
Jiangxi,2024,5326,4111,1082,355,5.6970805942682,1.90440830432498,2.03646544259743,2.54687690195965,1.41008731768718,2.9729171530814
Jilin,2024,1060,1184,298,315,1.68352981181941,1.09866301910502,1.43087385172655,1.7215222740973,1.33365458161424,0.8558075960101
Liaoning,2024,2563,2609,414,362,2.78177223547047,1.53927106734882,1.81521110271711,1.9317555904932,1.42257431035298,1.43511994488094
Macao,2024,108,52,36,46,-0.757261539340226,-0.0376758135689907,-0.0815423128300258,0.381555581749979,0.111642483690134,-0.43168644018202
Ningxia,2024,668,521,139,259,0.869104163216531,0.868369555211571,1.03182570602048,1.23491984213739,1.20856691068743,0.426205874830645
Qinghai,2024,2904,1837,402,275,2.44691475746395,1.60162278937269,1.64452326421822,1.91293924019541,1.24686342287806,1.25848583574134
Shaanxi,2024,3377,2663,584,356,3.79725786533526,1.67695050461935,1.82517891960298,2.1519276760516,1.41188612953702,1.97077887847579
Shandong,2024,5513,4343,773,364,4.85944407238712,1.92163704700899,2.0631809394978,2.33145986249731,1.42609781374483,2.53107191878629
Shanghai,2024,22830,6130,1021,153,5.79863344172624,2.63113320055103,2.23089481099051,2.50969979106938,0.872712052053455,3.02648530645855
Shanxi,2024,2463,2228,405,363,2.63119422686705,1.51940553317847,1.73840416579912,1.91769534059418,1.42433848204054,1.35569148903752
Sichuan,2024,11179,10072,1546,362,10.7302275208928,2.2745982768603,2.47256390628943,2.77554545618376,1.42257431035298,5.62785390063629
Taiwan,2024,473,301,40,211,0.757644574768755,0.696303895449229,0.7654592509347,0.447385425266934,1.07768545613909,0.36741201056414
Tianjin,2024,3648,3706,429,363,3.57902422722797,1.71548529748046,1.98599653617562,1.954525246201,1.42433848204054,1.85566272673011
Tibet,2024,3202,2040,322,324,3.29759723119877,1.65038691274897,1.69551554577059,1.77103454143919,1.35166351558974,1.70721268455878
Xinjiang,2024,1820,4084,472,357,4.18341181904349,1.36840086033824,2.03325886584672,2.01564556110243,1.41367990973875,2.17447138673347
Yunnan,2024,16889,5,5,5,-1.13730703840042,2.48062923670307,-1.14193146479936,-0.785030580876641,-1.20835243256279,-0.632156797178813
Zhejiang,2024,20702,14966,1824,361,12.4448697894764,2.58227611551386,2.6653095565518,2.88152459601977,1.42080527197874,6.53231125785999
