species,province,longitude,latitude,grid_id,pub_year,dist_to_grid
Accipiter badius,Hunan,111.63,25.19,74,2025,0.42847666755891
Accipiter gularis,Xinjiang,88.36,36.47,515,2013,0.379118222767983
Accipiter soloensis,Gansu,116.22,33.7,391,2015,0.108553344685473
Accipiter soloensis,Heilongjiang,125.25,49.09,916,2020,0.549964108203826
Accipiter soloensis,Inner Mongolia,105.66,38.11,530,2023,0.460887203201128
Accipiter trivirgatus,Anhui,117.82,30.23,243,2010,0.191555727708199
Accipiter trivirgatus,Beijing,116.17,39.99,652,2013,0.145617465457888
Accipiter trivirgatus,Gansu,105.4,32.6,303,2022,0.152193826597723
Accipiter trivirgatus,Henan,114.25,31.95,311,2008,0.442538014070172
Accipiter trivirgatus,Liaoning,121.14,38.73,655,2021,1.04078817954567
Accipiter trivirgatus,Shaanxi,107.67,33.55,344,2007,0.266018366367813
Accipiter virgatus,Anhui,117.12,31.77,314,2012,0.158399597093844
Aquila fasciata,Liaoning,121.14,38.73,655,2021,1.04078817954567
Aquila fasciata,Shaanxi,110.01,32.85,307,2020,0.584341349168207
Aquila heliaca,Hunan,110.87,29.98,200,2023,0.454656893493821
Aquila heliaca,Ningxia,106.51,38.55,570,2021,0.184193248163809
Aviceda jerdoni,Guangdong,111.44,21.83,11,2023,0.534791922225407
Aviceda jerdoni,Hunan,110.88,29.98,200,2018,0.463160853042401
Aviceda leuphotes,Gansu,105.63,33.55,342,2019,0.386599586283294
Aviceda leuphotes,Jiangsu,119.07,32.25,355,2010,0.445130707120963
Aviceda leuphotes,Ningxia,106.31,35.35,420,2024,0.181118662812506
Aviceda leuphotes,Shanxi,111.38,35.01,424,2023,0.527646082978985
Butastur indicus,Anhui,116.82,31.47,278,2013,0.451001415512497
Butastur indicus,Gansu,105.5,32.98,342,2024,0.50125818481554
Circaetus gallicus,Guangxi,109.05,21.45,9,2021,0.229220521115565
Circaetus gallicus,Hunan,110.87,29.97,200,2023,0.449426458180564
Circaetus gallicus,Jiangsu,118.95,32.5,355,2025,0.434277996642694
Circus aeruginosus,Gansu,103.47,37.89,528,2025,0.506890571286796
Circus aeruginosus,Ningxia,106.26,37,493,2025,0.166690679248159
Circus macrourus,Zhejiang,120.63,27.86,176,2023,0.0517128310379233
Circus spilonotus,Xinjiang,86.82,47.78,878,2015,0.400340564500198
Clanga clanga,Gansu,104.08,35.82,455,2023,0.264422152158095
Elanus caeruleus,Beijing,116.17,39.99,652,2013,0.145617465457888
Elanus caeruleus,Gansu,106.71,35.55,420,2025,0.484653156094273
Elanus caeruleus,Henan,113.74,33.54,350,2014,0.512066913703033
Elanus caeruleus,Liaoning,121.14,38.73,655,2021,1.04078817954567
Elanus caeruleus,Inner Mongolia,113.83,41.44,688,2023,0.338717479450725
Elanus caeruleus,Shaanxi,109.06,34.44,384,2016,0.510557925395174
Elanus caeruleus,Sichuan,101.89,26.47,85,2016,0.403308568915288
Elanus caeruleus,Tianjin,117.11,39.17,616,2006,0.109010922185212
Gypaetus barbatus,Shaanxi,109.94,36.87,496,2024,0.0913626245913289
Gypaetus barbatus,Chongqing,107.86,28.98,164,2010,0.501855710511909
Gyps himalayensis,Guangxi,109.08,21.44,9,2013,0.240404468315262
Gyps himalayensis,Liaoning,121.02,42.05,762,2003,0.34059098074783
Gyps tenuirostris,Yunnan,100.63,23.79,24,2021,0.411182734700953
Haliaeetus leucoryphus,Yunnan,99.95,27.91,127,2010,0.186381194929966
Haliaeetus pelagicus,Jiangsu,120.96,32.76,356,2024,0.605284671059137
Haliastur indus,Hunan,110.76,27.25,113,2025,0.482544308527983
Hieraaetus pennatus,Gansu,94.12,39.88,634,2014,0.469721039009799
Hieraaetus pennatus,Hainan,110.35,18.67,2,2022,0.526911230437154
Hieraaetus pennatus,Henan,112.38,34.6,425,2012,0.57474400609723
Hieraaetus pennatus,Hunan,110.87,29.97,200,2021,0.449426458180564
Hieraaetus pennatus,Qinghai,96.37,37.43,522,2017,0.340683293739495
Hieraaetus pennatus,Shaanxi,109.06,34.31,384,2021,0.479667536684913
Hieraaetus pennatus,Tibet,85.35,28.35,212,2016,0.754762194415617
Ictinaetus malaiensis,Anhui,117.45,30,243,2010,0.438229944492509
Ictinaetus malaiensis,Shandong,118.62,36.2,504,2023,0.291547507680831
Lophotriorchis kienerii,Tibet,95.35,29.45,186,2019,0.507210226937022
Neophron percnopterus,Xinjiang,75.25,39.92,736,2012,0.143932202563389
Nisaetus nipalensis,Gansu,104.71,32.93,302,2007,0.661649865974494
Nisaetus nipalensis,Guizhou,105.83,28.12,133,2018,0.44650088856336
Pernis ptilorhynchus,Tianjin,117.82,39.33,654,2001,0.765759123562631
Spilornis cheela,Heilongjiang,124.56,47.08,888,2011,0.664514519122706
Spilornis cheela,Shanghai,121.97,30.89,318,2018,0.825969540122053
Aix galericulata,Tibet,91.18,29.65,218,2021,0.523447997644439
Aix galericulata,Xinjiang,82.94,37.26,587,2015,0.559275551101384
Anas carolinensis,Shandong,119.43,35.37,468,2023,0.676215129773887
Anser albifrons,Gansu,105.76,33,342,2023,0.650981421405277
Anser anser,Hainan,110.58,19.9,4,2009,0.306559073725787
Anser caerulescens,Guizhou,104.22,26.86,107,2024,0.322633179311972
Anser caerulescens,Jilin,122.07,44.9,833,2001,0.135937891789738
Anser caerulescens,Liaoning,122.27,40.7,694,2018,0.428889550398778
Anser caerulescens,Shandong,118.98,37.77,542,2000,0.695855330614567
Anser erythropus,Yunnan,100.08,26.73,103,2004,0.363632745502657
Anser fabalis,Tibet,95.83,29.27,186,2016,0.238880016235692
Anser indicus,Henan,111.13,34.77,424,2019,0.398389987818269
Anser indicus,Chongqing,106.43,29.84,196,2007,0.130603823507097
Asarcornis scutulata,Yunnan,97.57,24.72,61,2019,0.85237138769458
Aythya collaris,Shandong,120.08,36.25,505,2023,0.180918971913908
Aythya fuligula,Hainan,109.17,18.75,1,2006,0.28899508803009
Aythya nyroca,Fujian,119.52,25.96,122,2006,0.339735225890544
Aythya nyroca,Jilin,123.88,46.01,871,2012,0.467734672521143
Branta bernicla,Anhui,117.09,30.75,278,2017,0.318189534200345
Branta bernicla,Henan,112.66,34.84,426,2020,0.429916092661008
Branta canadensis,Heilongjiang,124.39,47.03,887,2024,0.543442786376938
Branta canadensis,Liaoning,123.8,39.83,695,2022,0.597672507547923
Branta canadensis,Tianjin,117.43,39.26,616,2017,0.404089179170537
Branta canadensis,Zhejiang,120.71,30.2,246,2019,0.608063099115549
Branta hutchinsii,Hebei,118.33,39.24,654,2025,0.595407026706094
Branta hutchinsii,Hubei,114.15,30.75,239,2016,0.546725382679026
Branta leucopsis,Jilin,122.3,45,833,2019,0.38608845906667
Branta ruficollis,Hebei,115.61,37.67,539,2021,0.263837195910981
Branta ruficollis,Henan,112.78,35,426,2008,0.306857144892503
Branta ruficollis,Sichuan,104.22,31.01,230,2011,0.25517624608872
Branta ruficollis,Xinjiang,83.57,45.95,862,2024,0.452829490280395
Clangula hyemalis,Gansu,40.15,40.15,735,2008,33.8558701613495
Clangula hyemalis,Hubei,112.17,31.95,309,2024,0.585095594514146
Clangula hyemalis,Jiangsu,119.35,35.07,468,2010,0.648420239925171
Clangula hyemalis,Jiangxi,117.09,28.03,173,2018,0.584865084142266
Clangula hyemalis,Ningxia,106.78,37.75,531,2022,0.354409976553292
Clangula hyemalis,Shandong,117.64,37.23,541,2014,0.297129805209675
Clangula hyemalis,Yunnan,100.13,25.88,83,2018,0.317705328555402
Cygnus columbianus,Yunnan,100.2,26.58,83,2011,0.396747696298231
Cygnus cygnus,Guangxi,108.16,21.58,8,2017,0.144935616599309
Cygnus olor,Jilin,122.55,44.96,833,2010,0.610940894559115
Cygnus olor,Shaanxi,107.66,34.31,383,2016,0.183155856964307
Dendrocygna javanica,Guizhou,106.65,26.51,89,2021,0.462923922744152
Histrionicus histrionicus,Beijing,116.4,39.98,652,2017,0.369665134315962
Histrionicus histrionicus,Jiangsu,120.85,33.12,395,2022,0.303768959133178
Histrionicus histrionicus,Inner Mongolia,118.72,44.22,812,2014,0.528556069250033
Mareca americana,Jilin,122.35,45.05,833,2007,0.453510837044961
Mareca falcata,Gansu,101.65,37.98,527,2019,0.233616415627352
Mareca falcata,Xinjiang,87.63,44.18,800,2023,0.306869805650874
Melanitta fusca,Guangdong,113.75,22.53,38,2025,0.709502950620123
Melanitta fusca,Henan,112.53,34.88,426,2025,0.552206154025806
Melanitta fusca,Shanghai,121.94,30.91,318,2021,0.790133453574634
Melanitta stejnegeri,Guizhou,105.7,28.52,132,2025,0.629785608628531
Melanitta stejnegeri,Shaanxi,109.04,32.71,306,2017,0.580116506367702
Mergus serrator,Guizhou,106.48,26.44,89,2024,0.281626432452159
Mergus serrator,Hunan,114.13,28.17,141,2022,0.579956273695139
Mergus serrator,Shaanxi,109.17,33.42,346,2017,0.473049593828844
Mergus serrator,Yunnan,103.3,23.59,27,2017,0.0294532609014344
Netta rufina,Anhui,117.93,33.22,393,2017,0.630638297570357
Netta rufina,Jilin,125.35,43.88,817,2023,0.433966693076469
Netta rufina,Liaoning,123.02,39.66,695,2022,0.55364064070827
Netta rufina,Shanghai,121.9,31.05,318,2018,0.674186972808564
Oxyura leucocephala,Shaanxi,109.54,34.81,423,2019,0.356207578577085
Oxyura leucocephala,Sichuan,104.81,31.37,267,2022,0.528075119675715
Sibirionetta formosa,Tibet,91.42,29.83,218,2025,0.224778263930005
Gracupica nigricollis,Anhui,117.22,30.37,242,2010,0.431022725878084
Hirundapus caudacutus,Hunan,110.65,30.07,200,2014,0.370350869353003
Caprimulgus macrurus,Guizhou,106.8,26.54,90,2019,0.530397308008091
Hemiprocne coronata,Inner Mongolia,120.72,51.28,928,2018,0.164221131394365
Brachyramphus perdix,Jiangsu,119.62,34.87,432,2016,0.550370620428991
Synthliboramphus antiquus,Hainan,110.59,19.97,4,2006,0.337029191878275
Burhinus indicus,Tibet,95.3,29.33,185,2025,0.491969519306691
Charadrius asiaticus,Hubei,94.33,39.95,634,2001,0.253281540654536
Charadrius atrifrons,Guizhou,106.63,26.63,89,2024,0.517945103085831
Charadrius atrifrons,Yunnan,103.32,27.44,106,2025,0.288552542388035
Charadrius dealbatus,Jiangxi,115.82,29.69,205,2024,0.342000393226431
Charadrius hiaticula,Jiangsu,120.81,31.9,317,2018,0.627918102502354
Charadrius hiaticula,Xinjiang,86.75,47.75,878,2010,0.355673782701349
Charadrius hiaticula,Yunnan,103.3,23.57,27,2021,0.0152670867860232
Charadrius hiaticula,Zhejiang,121.27,30.39,246,2019,0.778386165760824
Charadrius mongolus,Shaanxi,109.25,34.62,385,2021,0.592060727810186
Charadrius mongolus,Shaanxi,107.53,33.61,344,2020,0.225673238642578
Charadrius mongolus,Yunnan,103.3,23.59,27,2013,0.0294532609014344
Charadrius placidus,Hainan,108.94,18.09,1,2006,0.837209425354861
Charadrius veredus,Hainan,110.79,19.54,4,2006,0.22535599896266
Charadrius veredus,Jilin,122.96,46.05,855,2010,0.691409253331559
Charadrius veredus,Xinjiang,90.8,43.9,803,2010,0.68031308542807
Charadrius veredus,Yunnan,101.82,24.03,45,2024,0.625739906964871
Pluvialis apricaria,Shandong,117.94,38.23,580,2021,0.211659784584823
Vanellus cinereus,Hainan,110.12,19,2,2006,0.275111658028716
Vanellus indicus,Chongqing,106.68,29.74,196,2019,0.397673949400004
Vanellus leucurus,Xinjiang,77.12,38.43,657,2012,0.186990985603202
Vanellus vanellus,Hainan,110.59,19.97,4,2006,0.337029191878275
Glareola lactea,Guangxi,108.28,22.85,17,2025,0.271819616566455
Glareola lactea,Hainan,110.17,20.06,3,2019,0.359048867039993
Ibidorhyncha struthersii,Anhui,116.49,30.66,242,2023,0.611667492060123
Hydrophasianus chirurgus,Gansu,107.92,35.5,421,2023,0.529248020914805
Hydrophasianus chirurgus,Liaoning,122.92,41.74,763,2024,0.491822625338712
Hydrophasianus chirurgus,Tianjin,117.32,39.12,616,2015,0.250595263893084
Hydrophasianus chirurgus,Yunnan,98.53,24.4,41,2025,0.213849862150336
Anous stolidus,Anhui,118.73,30.6,280,2024,0.402895016975777
Anous stolidus,Jiangsu,120.62,31.76,317,2020,0.392677706033389
Chlidonias leucopterus,Yunnan,102.69,24.81,45,2008,0.542728977774253
Chlidonias niger,Gansu,100.47,39.99,639,2022,0.439713853009681
Chlidonias niger,Hubei,114.41,30.45,240,2021,0.354534653096736
Larus brunnicephalus,Fujian,118.59,24.57,81,2024,0.49326636158758
Larus genei,Fujian,118.57,24.4,81,2024,0.511841919362381
Larus genei,Jiangxi,116.3,29.3,206,2022,0.420206988383015
Gelochelidon nilotica,Hubei,114.36,30.65,240,2021,0.490619834480222
Gelochelidon nilotica,Hunan,113.24,28.18,140,2020,0.45564150081903
Gygis alba,Fujian,119.74,25.61,122,2006,0.752767001574769
Hydrocoloeus minutus,Zhejiang,119.95,28.48,209,2017,0.461464784865061
Hydroprogne caspia,Hubei,114.47,30.71,240,2021,0.453691762405761
Hydroprogne caspia,Ningxia,105.12,37.58,530,2024,0.312870640577944
Hydroprogne caspia,Yunnan,102.64,25,65,2005,0.520039273869896
Larus ichthyaetus,Anhui,117.02,30.85,278,2025,0.200959376498063
Larus ichthyaetus,Liaoning,121.67,39.11,655,2014,0.3995026227951
Larus relictus,Ningxia,106.77,37.72,531,2019,0.353856559472402
Larus argentatus,Tibet,91.11,29.68,218,2025,0.561470139939221
Larus canus,Tibet,91.16,29.9,218,2025,0.428031001486324
Larus crassirostris,Hainan,109.69,19.91,3,2006,0.247969269087876
Larus fuscus,Hubei,114.12,30.33,239,2022,0.43145149972763
Larus fuscus,Inner Mongolia,100.69,42.42,718,2023,0.37482888067632
Larus fuscus,Tibet,91.08,29.92,218,2018,0.503407515203124
Larus glaucescens,Inner Mongolia,112.69,40.55,649,2018,0.335192763524557
Larus glaucescens,Shanghai,121.49,31.24,318,2018,0.236466063220035
Larus hyperboreus,Gansu,103.88,36.08,455,2025,0.263229477096227
Larus hyperboreus,Shanxi,111.5,37.8,535,2020,0.450876142271525
Larus hyperboreus,Tibet,91.84,30.03,218,2015,0.264535577455183
Onychoprion aleuticus,Fujian,117.67,23.78,60,2009,0.671282039970247
Onychoprion aleuticus,Jiangsu,120.85,31.82,317,2025,0.624674545789435
Onychoprion aleuticus,Shandong,120.81,36.2,505,2019,0.788628469251433
Onychoprion aleuticus,Zhejiang,120.7,27.14,176,2021,0.758391303233286
Onychoprion anaethetus,Guangxi,109.2,20.92,9,2013,0.772781587755266
Onychoprion anaethetus,Jiangsu,120.82,31.87,317,2025,0.620866615418197
Onychoprion anaethetus,Shandong,120.68,36.01,505,2019,0.652110631933779
Onychoprion anaethetus,Yunnan,103.16,23.35,27,2024,0.248409439990541
Onychoprion fuscatus,Yunnan,102,23.6,26,2023,0.31609090000018
Rissa tridactyla,Anhui,117.09,30.75,278,2025,0.318189534200345
Rissa tridactyla,Gansu,103.79,29.49,194,2008,0.5604343944665
Rissa tridactyla,Guizhou,107.9,27.94,135,2024,0.434285908681099
Rissa tridactyla,Hunan,113.01,28.22,140,2022,0.619796452606599
Rissa tridactyla,Jilin,125.35,43.81,817,2023,0.365558630416049
Rissa tridactyla,Qinghai,101.78,36.6,489,2019,0.332351698611016
Rissa tridactyla,Yunnan,102.65,24.97,65,2009,0.547921995396461
Thalasseus bengalensis,Guangxi,108.52,21.59,8,2021,0.437123477854132
Thalasseus bengalensis,Hebei,119.37,39.55,654,2018,1.01119192738541
Thalasseus bergii,Shanghai,121.98,31.29,318,2013,0.65678691855842
Recurvirostra avosetta,Ningxia,106.39,38.38,570,2011,0.351558143327676
Recurvirostra avosetta,Yunnan,99.64,27.9,127,2010,0.490105395270859
Arenaria interpres,Xinjiang,83.82,42.89,797,2000,0.483311870461502
Arenaria interpres,Yunnan,103.38,23.42,27,2014,0.172135452137791
Calidris acuminata,Shaanxi,109.39,34.79,423,2016,0.4706108405822
Calidris acuminata,Xinjiang,84.92,44.48,824,2010,0.0666376865061882
Calidris alba,Yunnan,102.71,24.93,65,2017,0.618961609462265
Calidris alpina,Shaanxi,109.03,32.71,306,2017,0.570911279259363
Calidris alpina,Tibet,91.16,29.9,218,2019,0.428031001486324
Calidris alpina,Yunnan,102.83,24.82,46,2013,0.561618308557741
Calidris alpina,Chongqing,106.5,29.78,196,2011,0.214641547391886
Calidris bairdii,Zhejiang,120.64,27.54,176,2023,0.358513790887721
Calidris canutus,Jilin,123.91,45.79,855,2010,0.526382415257149
Calidris falcinellus,Jilin,122.58,45.82,854,2011,0.421915185175027
Calidris falcinellus,Shaanxi,109.4,34.8,423,2021,0.456488451116089
Calidris melanotos,Hainan,110.58,19.9,4,2014,0.306559073725787
Calidris melanotos,Hunan,112.82,28.5,168,2025,0.40161003487821
Calidris melanotos,Liaoning,121.61,40.86,731,2019,0.667012698615154
Calidris melanotos,Tianjin,117.68,39.11,616,2007,0.606411402352348
Calidris melanotos,Yunnan,102.77,24.89,46,2017,0.652410502490521
Calidris melanotos,Zhejiang,121.28,28.15,176,2022,0.66431711259652
Calidris minuta,Hainan,108.7,18.52,1,2024,0.4735425866804
Calidris minuta,Hubei,114.1,30.45,239,2022,0.398272882513179
Calidris minuta,Hunan,112.91,27.77,139,2025,0.500349885338163
Calidris minuta,Jilin,122.57,45.83,854,2012,0.414979706596428
Calidris minuta,Liaoning,124.08,39.82,695,2019,0.852721005430004
Calidris minuta,Shaanxi,107.51,34.26,383,2018,0.0397265062692622
Calidris minuta,Sichuan,104.55,28.81,160,2021,0.372618092474189
Calidris minuta,Tianjin,117.7,39.11,616,2007,0.626362014054824
Calidris minuta,Yunnan,102.7,24.93,65,2013,0.611684700506695
Calidris pugnax,Guizhou,106.8,26.54,90,2021,0.530397308008091
Calidris pugnax,Henan,112.17,32.95,348,2019,0.454033269841318
Calidris pugnax,Liaoning,124.12,39.83,695,2019,0.886291467021677
Calidris pugnax,Shaanxi,108.07,34.24,384,2011,0.513523760675171
Calidris pugnax,Tianjin,117.49,38.46,579,2007,0.618717448151732
Calidris pygmaea,Shandong,117.87,38.26,580,2018,0.28331903082989
Calidris subminuta,Jilin,128.24,42.57,819,2020,0.623105867554068
Calidris subminuta,Xinjiang,84.92,44.48,824,2010,0.0666376865061882
Calidris tenuirostris,Jilin,122.57,45.83,854,2011,0.414979706596428
Calidris tenuirostris,Sichuan,104.54,28.81,160,2021,0.363647356843618
Calidris tenuirostris,Yunnan,102.72,24.77,45,2015,0.54086657793381
Limnodromus scolopaceus,Guangxi,108.83,21.62,9,2021,0.233142991490791
Limnodromus scolopaceus,Heilongjiang,122.05,51.38,929,2014,0.247060274942995
Limnodromus scolopaceus,Hubei,114.41,30.43,240,2014,0.349652027538545
Limnodromus scolopaceus,Liaoning,123.93,39.82,695,2019,0.71614762675238
Limnodromus scolopaceus,Shaanxi,110.2,34.95,423,2019,0.485761050783347
Limnodromus scolopaceus,Sichuan,104.3,30.98,230,2017,0.246330847832433
Limnodromus semipalmatus,Shaanxi,109.42,34.8,423,2020,0.441810275905133
Limnodromus semipalmatus,Xinjiang,84.92,44.48,824,2011,0.0666376865061882
Limosa lapponica,Yunnan,102.59,24.65,45,2013,0.365558018976559
Limosa limosa,Ningxia,106.46,38.87,570,2011,0.144501640515644
Numenius madagascariensis,Shaanxi,107.52,33.19,344,2007,0.21948427104308
Numenius minutus,Gansu,101.01,38.81,565,2025,0.433487613848215
Numenius phaeopus,Yunnan,102.67,24.97,65,2013,0.562431431685283
Phalaropus fulicarius,Beijing,116.31,40.13,652,2011,0.284996525715569
Phalaropus fulicarius,Hainan,110.37,20.02,3,2023,0.502069329880336
Phalaropus fulicarius,Henan,112.51,32.95,349,2014,0.448536682226232
Phalaropus fulicarius,Sichuan,100.77,30.05,191,2012,0.387032280450775
Phalaropus lobatus,Guizhou,104.94,25.09,68,2024,0.422285002533993
Phalaropus lobatus,Henan,112.51,32.95,349,2015,0.448536682226232
Phalaropus lobatus,Jiangxi,113,25,76,2009,0.198021527390329
Phalaropus lobatus,Shaanxi,109.39,34.79,423,2016,0.4706108405822
Phalaropus lobatus,Sichuan,104.07,30.58,230,2012,0.217448438363189
Tringa brevipes,Sichuan,102.76,30.05,193,2014,0.445220189768579
Tringa guttifer,Liaoning,124.03,39.82,695,2006,0.806666731991633
Tringa stagnatilis,Guizhou,109.22,27.82,136,2025,0.219497778877819
Stercorarius longicaudus,Jiangsu,120.64,32.67,356,2019,0.301439135830737
Stercorarius parasiticus,Hunan,110.77,29.93,200,2019,0.343537906878739
Stercorarius parasiticus,Inner Mongolia,123.08,46.22,871,2019,0.637737062153734
Stercorarius parasiticus,Sichuan,104.18,31.02,230,2017,0.264840815443764
Stercorarius parasiticus,Tibet,86,28.08,177,2025,0.691321926608793
Stercorarius parasiticus,Yunnan,100.52,25.03,63,2017,0.356208905052834
Stercorarius pomarinus,Inner Mongolia,110.01,41.53,685,2007,0.272227820231161
Turnix suscitator,Anhui,117.09,30.26,242,2025,0.266014167980562
Turnix suscitator,Zhejiang,121.02,28.86,210,2023,0.207663760492664
Anastomus oscitans,Hebei,114.16,38.24,577,2023,0.480902881797865
Anastomus oscitans,Hunan,113.24,28.23,140,2025,0.501355587586653
Anastomus oscitans,Qinghai,96.57,32.58,295,2024,0.339787074291766
Anastomus oscitans,Shaanxi,107.53,33.23,344,2021,0.185925661386548
Anastomus oscitans,Sichuan,103.09,28.41,130,2018,0.359514341312738
Ciconia boyciana,Gansu,105.02,33.35,342,2024,0.255519208225714
Ciconia boyciana,Ningxia,105.72,37.25,492,2018,0.527145607499877
Ciconia boyciana,Tianjin,117.48,38.75,616,2001,0.514026825195211
Ciconia episcopus,Yunnan,99.62,27.89,127,2011,0.511466708438821
Ciconia nigra,Tibet,98.87,29.55,189,2021,0.194259273698564
Leptoptilos javanicus,Yunnan,103.38,23.42,27,2014,0.172135452137791
Chalcophaps indica,Anhui,117.91,31.64,315,2023,0.307091718461316
Chalcophaps indica,Hunan,111.59,25.95,94,2018,0.362437139114925
Chalcophaps indica,Jiangxi,114.38,24.49,57,2011,0.492561133629412
Chalcophaps indica,Zhejiang,120.14,27.52,176,2019,0.647095755922373
Columba oenas,Gansu,98.44,39.91,600,2022,0.529445762559451
Columba oenas,Inner Mongolia,101.15,42.05,719,2017,0.498912560604828
Geopelia striata,Yunnan,101.26,21.92,7,2021,0.267946837112893
Macropygia unchall,Jiangsu,120.73,31.65,317,2024,0.457070846923046
Macropygia unchall,Tibet,93.8,29.38,184,2017,0.0581381643109567
Macropygia unchall,Zhejiang,119.19,27.91,175,2016,0.47936110974525
Spilopelia chinensis,Jilin,125.4,43.81,817,2022,0.357335352016359
Spilopelia chinensis,Inner Mongolia,111.72,40.81,686,2006,0.566061436931317
Spilopelia senegalensis,Gansu,97.11,40.47,636,2023,0.286406711978086
Streptopelia decaocto,Heilongjiang,125.26,49.1,916,2006,0.543981805754159
Treron curvirostra,Guangdong,112.55,23.17,37,2023,0.482863341162972
Treron seimundi,Yunnan,100.33,24.9,63,2022,0.38876282912194
Treron sieboldii,Henan,111.3,33.04,348,2024,0.549909000647887
Treron sieboldii,Jiangxi,114.38,24.49,57,2011,0.492561133629412
Treron sieboldii,Zhejiang,119.67,27.71,175,2021,0.324229608790547
Treron sphenurus,Guangdong,112.55,23.17,37,2023,0.482863341162972
Alcedo hercules,Fujian,117.3,26.51,120,2006,0.0647131983036985
Ceryle rudis,Beijing,116.23,40.27,652,2011,0.293657275928367
Ceryle rudis,Liaoning,123.52,41.98,764,2025,0.238169167275872
Ceryle rudis,Shaanxi,109.01,34.42,384,2020,0.456712744430369
Halcyon coromanda,Shandong,119.55,35.47,505,2008,0.773654277372486
Halcyon pileata,Tibet,97.49,28.82,154,2018,0.521212089480888
Halcyon smyrnensis,Tibet,95.32,29.33,185,2014,0.511638125378663
Halcyon smyrnensis,Jiangsu,118.62,32.12,315,2010,0.549956898548792
Halcyon smyrnensis,Shandong,119.71,35.62,505,2024,0.557599471978111
Halcyon smyrnensis,Shanghai,121,31.07,318,2009,0.484926425587141
Megaceryle lugubris,Inner Mongolia,117.23,42.95,759,2015,0.574660960785739
Megaceryle lugubris,Qinghai,102.66,36.41,454,2019,0.493976541099874
Megaceryle lugubris,Tibet,95.2,29.25,185,2019,0.419867301998964
Todiramphus chloris,Fujian,119.67,26.01,122,2006,0.399106696195404
Coracias garrulus,Qinghai,97.29,37.19,523,2022,0.43411215955596
Merops philippinus,Henan,111.24,33.06,347,2023,0.562818462168437
Cacomantis merulinus,Shaanxi,107.5,33.65,344,2016,0.256187114403949
Centropus bengalensis,Hebei,117.3,38.38,579,2003,0.413047048124184
Centropus bengalensis,Liaoning,124.02,41.87,764,2022,0.281877842192495
Centropus bengalensis,Tibet,95.34,29.34,185,2024,0.52971132676315
Centropus bengalensis,Zhejiang,120.27,30.19,245,2003,0.497083396178242
Clamator coromandus,Beijing,115.43,39.97,651,2003,0.604027617155739
Clamator coromandus,Heilongjiang,128.85,45.97,875,2013,0.313693567757866
Clamator coromandus,Liaoning,123.63,39.85,695,2022,0.448176132908541
Clamator jacobinus,Yunnan,98.9,25.03,62,2021,0.431148300798371
Eudynamys scolopaceus,Liaoning,120.38,40.55,693,2018,0.631081616889591
Eudynamys scolopaceus,Qinghai,90.86,38.25,557,2024,0.517081326255446
Eudynamys scolopaceus,Shanxi,111.92,35.42,425,2020,0.42206455701422
Eudynamys scolopaceus,Tibet,86.6,30.53,249,2016,0.531927341302649
Hierococcyx nisicolor,Shaanxi,107.5,33.65,344,2016,0.256187114403949
Falco cherrug,Yunnan,99.92,26.47,83,2018,0.416467218832678
Falco severus,Tibet,95.28,29.32,185,2014,0.474355868063932
Chrysolophus pictus,Shanxi,111.32,34.97,424,2007,0.47368443049144
Chrysolophus pictus,Shanxi,111.32,34.97,424,2007,0.47368443049144
Crossoptilon mantchuricum,Henan,112.2,35.22,425,2024,0.31931354739593
Lophura nycthemera,Guangdong,114.23,22.9,38,2024,0.382996885563715
Lophura nycthemera,Jiangsu,119.58,31.23,316,2017,0.583337545166943
Pavo cristatus,Tibet,89.02,27.23,179,2025,1.52315409848186
Perdix hodgsoniae,Yunnan,99.95,28.04,127,2013,0.185282335967399
Syrmaticus humiae,Yunnan,104.37,23.1,28,2022,0.487672423289868
Syrmaticus reevesii,Guangxi,106.28,24.8,49,2021,0.328352625583586
Tragopan caboti,Anhui,118.23,29.43,207,2022,0.547303721876454
Tragopan temminckii,Henan,110.38,34.38,386,2021,0.458485454130184
Gavia adamsii,Jilin,127.66,42.05,793,2012,0.170180590227231
Gavia adamsii,Jiangsu,119.82,34,432,2009,0.347395658091642
Gavia adamsii,Sichuan,104.28,30.98,230,2006,0.238745645075017
Gavia arctica,Liaoning,123.33,41.83,764,2023,0.412266004484873
Gavia arctica,Shaanxi,109.15,34.43,385,2018,0.576367341626128
Gavia arctica,Yunnan,99.76,27.59,127,2023,0.531033249440995
Gavia pacifica,Zhejiang,122.37,29.9,246,2025,1.396546248601
Gavia stellata,Anhui,116.2,30.92,277,2021,0.365103786793931
Gavia stellata,Xinjiang,86.62,41.77,746,2025,0.296716609584279
Grus canadensis,Anhui,117.09,30.94,278,2017,0.159426570048848
Grus canadensis,Jilin,123.58,45.94,855,2011,0.411884627846305
Grus canadensis,Liaoning,122.94,42.37,763,2013,0.517948917557444
Grus canadensis,Yunnan,103.27,31.05,229,2025,0.332720473775854
Grus vipio,Gansu,101.03,38.35,565,2022,0.527446814208345
Grus vipio,Shanxi,111.73,38.02,536,2019,0.607668819911759
Grus vipio,Sichuan,105.51,32.7,303,2023,0.297442459656015
Grus japonensis,Fujian,120.17,26.97,146,2024,0.689301270698518
Grus japonensis,Sichuan,105.48,32.67,303,2024,0.256001799046465
Grus monacha,Ningxia,105.91,37.76,531,2021,0.533646123286412
Grus nigricollis,Inner Mongolia,110.34,40.49,647,2023,0.270171190117443
Anthropoides virgo,Anhui,117.27,31.67,314,2021,0.308801234724943
Anthropoides virgo,Beijing,116.38,40,652,2009,0.346656278955975
Anthropoides virgo,Tianjin,117.41,39.3,616,2002,0.408113097502443
Leucogeranus leucogeranus,Shaanxi,102.72,36.59,490,2022,0.448724176377547
Leucogeranus leucogeranus,Yunnan,103.3,26.69,86,2013,0.422392279588306
Amaurornis phoenicurus,Heilongjiang,123.37,45.8,855,2010,0.257206095955134
Amaurornis phoenicurus,Jilin,123.42,46.39,871,2002,0.264576995851163
Amaurornis phoenicurus,Inner Mongolia,105.81,38.66,569,2023,0.531390309133194
Amaurornis phoenicurus,Qinghai,101.07,32.68,299,2015,0.249872923944808
Coturnicops exquisitus,Yunnan,100.35,25.3,63,2004,0.0811201378165368
Crex crex,Yunnan,100.33,24.9,63,2012,0.38876282912194
Gallicrex cinerea,Gansu,108.53,36.08,459,2020,0.144942127567346
Amaurornis cinerea,Yunnan,100.19,26.6,83,2017,0.417379425768861
Porphyrio porphyrio,Yunnan,102.78,24.92,66,2013,0.653500712785839
Rallina eurizonoides,Jiangxi,113,25,76,2009,0.198021527390329
Rallina eurizonoides,Shandong,117.05,36.22,502,2022,0.442228293116191
Rallina fasciata,Guangdong,114.67,22.4,39,2001,0.766642394854457
Rallina fasciata,Yunnan,101.28,21.88,7,2025,0.22360184696043
Rallus aquaticus,Anhui,117.35,31.2,278,2022,0.410901892956031
Rallus aquaticus,Inner Mongolia,105.67,38.83,569,2023,0.398209836385903
Rallus aquaticus,Ningxia,106.27,38.2,531,2023,0.396158326431469
Zapornia bicolor,Hunan,112.89,24.92,76,2025,0.332197315691615
Tetrax tetrax,Shaanxi,108.65,34.26,384,2025,0.0668219726162826
Acrocephalus agricola,Inner Mongolia,101.12,42.06,719,2023,0.523395800526271
Acrocephalus bistrigiceps,Guizhou,108.81,26.39,92,2017,0.487022929790161
Acrocephalus bistrigiceps,Tibet,95.33,29.33,185,2024,0.5214818818023
Acrocephalus concinens,Shanghai,121.4,31.62,318,2006,0.210390877731996
Acrocephalus dumetorum,Sichuan,104.06,30.68,230,2017,0.157447140881906
Acrocephalus orientalis,Tibet,95.33,29.33,185,2024,0.5214818818023
Acrocephalus tangorum,Hubei,114.41,30.44,240,2020,0.35195977086042
Acrocephalus tangorum,Zhejiang,119.75,30.24,245,2024,0.487282610118922
Iduna caligata,Zhejiang,121.53,28.62,210,2022,0.720228652834608
Aegithalos bonvaloti,Shaanxi,107.75,34.16,383,2007,0.298509222750422
Aegithalos caudatus,Shandong,117.87,38.26,580,2024,0.28331903082989
Aegithalos caudatus,Tianjin,117.59,39.3,616,2020,0.565249992555474
Aegithalos concinnus,Gansu,107.67,35.73,458,2020,0.351260934682742
Aegithalos concinnus,Hebei,115.66,37.74,539,2023,0.330217610031507
Aegithalos fuliginosus,Hunan,110.6,30.05,200,2010,0.332079572550728
Aegithalos fuliginosus,Shanxi,111.75,35.27,425,2016,0.346462832245061
Leptopoecile elegans,Yunnan,98.82,28.4,155,2011,0.474923846266595
Alauda gulgula,Inner Mongolia,38.99,38.99,735,2023,35.0157294677749
Alaudala cheleensis,Fujian,117.2,23.66,60,2024,0.252152373382824
Alaudala heinei,Yunnan,99.22,25.11,62,2025,0.139510259356028
Calandrella brachydactyla,Hunan,113.25,28.23,140,2024,0.497580271551351
Eremophila alpestris,Shandong,117.96,38.2,580,2025,0.176274103889652
Galerida cristata,Heilongjiang,124.65,47.02,888,2010,0.584251778429081
Alcippe morrisonia,Henan,111.82,33.25,348,2016,0.0177597855336111
Artamus fuscus,Guizhou,108.02,25.23,71,2015,0.231639313436615
Artamus fuscus,Hunan,111.56,25.57,74,2025,0.507355631554704
Artamus fuscus,Jiangxi,114.78,24.94,78,2021,0.374846515201117
Bombycilla japonica,Gansu,104.16,35.94,455,2019,0.137782874454754
Bombycilla japonica,Ningxia,106.27,38.48,570,2022,0.307134670573853
Bombycilla japonica,Qinghai,101.75,36.66,489,2013,0.282644682518195
Plectrophenax nivalis,Jiangsu,120.6,21.9,81,2014,3.6789708089465
Plectrophenax nivalis,Liaoning,123.68,39.82,695,2022,0.505725162816287
Coracina javensis,Zhejiang,119.74,27.37,146,2017,0.324616358247117
Lalage melaschistos,Liaoning,124.21,39.88,695,2014,0.956076173254964
Pericrocotus cantonensis,Tianjin,118,39.24,654,2023,0.713295299522496
Pericrocotus divaricatus,Hainan,108.82,18.7,1,2020,0.257753831760593
Pericrocotus ethologus,Hunan,110.54,30.06,200,2014,0.326151930941821
Pericrocotus ethologus,Jiangsu,120.82,31.85,317,2024,0.611142539158173
Pericrocotus ethologus,Inner Mongolia,111.28,40.55,648,2014,0.192519732860244
Pericrocotus solaris,Anhui,117.72,29.85,243,2010,0.259474030027413
Pericrocotus solaris,Chongqing,109.08,31.12,235,2009,0.604647178358871
Certhia familiaris,Jiangsu,120.69,33.37,395,2024,0.0920393268482718
Certhia himalayana,Qinghai,101.05,32.7,299,2014,0.257786888704453
Certhia tianquanensis,Shaanxi,107.8,34.02,383,2005,0.416140687318196
Cisticola exilis,Hainan,109.11,19.01,1,2007,0.187551485378332
Cisticola juncidis,Liaoning,123.62,39.93,695,2006,0.392062418325328
Prinia atrogularis,Guizhou,108.34,26.35,91,2016,0.138534715752353
Prinia atrogularis,Hunan,111.82,24.98,75,2017,0.409158251046946
Prinia flaviventris,Hubei,114.04,29.57,203,2022,0.429911219605886
Prinia flaviventris,Jiangsu,121.44,32.34,318,2023,0.926300885194498
Prinia inornata,Shaanxi,108.7,32.75,306,2023,0.328749428191595
Prinia rufescens,Hunan,111.95,24.98,75,2025,0.295814436388909
Prinia superciliaris,Shanxi,110.26,34.87,423,2025,0.5709719379077
Dendrocitta formosae,Shanghai,121.97,30.93,318,2018,0.800913384229883
Podoces biddulphi,Gansu,93.47,40.28,633,2009,0.306315659784917
Temnurus temnurus,Guangdong,111.43,21.79,11,2022,0.508661272818435
Dicaeum cruentatum,Jiangxi,114.38,24.49,57,2011,0.492561133629412
Dicaeum ignipectus,Henan,111.64,33.76,387,2016,0.43634069583971
Dicaeum minullum,Jiangxi,114.38,24.49,57,2011,0.492561133629412
Dicrurus annectens,Tibet,94.85,30.35,221,2015,0.147460619068638
Dicrurus hottentottus,Hainan,110.33,20,3,2006,0.457363328534127
Dicrurus hottentottus,Heilongjiang,126.66,45.74,873,2010,0.545314544481016
Dicrurus hottentottus,Qinghai,100.81,36.63,488,2015,0.282839163344631
Dicrurus remifer,Tibet,95.34,29.3,185,2019,0.537280438799926
Elachura formosa,Hubei,113.85,29.32,203,2019,0.331103418786917
Elachura formosa,Tibet,95.28,29.32,185,2019,0.474355868063932
Emberiza buchanani,Qinghai,90.85,35.25,443,2017,0.176848388085861
Emberiza chrysophrys,Gansu,102.57,34.57,379,2023,0.559702059404883
Emberiza chrysophrys,Gansu,105.76,33,342,2021,0.650981421405277
Emberiza citrinella,Qinghai,90.86,35.26,443,2017,0.186356980695511
Emberiza elegans,Heilongjiang,128.57,46.13,875,2025,0.491747066636093
Emberiza elegans,Qinghai,102.67,35.8,454,2017,0.432597565075702
Emberiza elegans,Tibet,98.29,28.56,154,2024,0.347218742053889
Emberiza godlewskii,Heilongjiang,125.25,49.09,916,2016,0.549964108203826
Emberiza godlewskii,Hunan,110.72,30.03,200,2010,0.374540202651554
Emberiza hortulana,Inner Mongolia,108.57,38.98,572,2023,0.375529135785221
Emberiza leucocephalos,Anhui,115.6,33.25,351,2013,0.581868037762148
Emberiza melanocephala,Guangxi,109.07,21.46,9,2019,0.219632453823509
Emberiza pallasi,Guizhou,104.25,26.85,107,2014,0.33300486802721
Emberiza pusilla,Tibet,97.83,29.69,188,2014,0.11082617194988
Emberiza rustica,Guizhou,106.63,26.64,89,2024,0.524757131402715
Emberiza siemsseni,Jiangsu,118.83,31.64,316,2024,0.397382444627105
Emberiza siemsseni,Jiangxi,116.25,28.75,172,2013,0.50252742010685
Emberiza siemsseni,Qinghai,101.78,36.6,489,2017,0.332351698611016
Emberiza leucocephalos,Xinjiang,75.08,39.33,736,2013,0.510522176543462
Emberiza sulphurata,Zhejiang,122.07,30.57,318,2006,1.12263534037719
Emberiza yessoensis,Anhui,117.44,32.29,314,2017,0.498238663270583
Emberiza yessoensis,Hubei,112.36,30.37,238,2014,0.322584139936537
Emberiza yessoensis,Hunan,112.9,28.32,168,2016,0.579511735207855
Lonchura striata,Gansu,104.69,32.95,302,2011,0.65823589525587
Lonchura striata,Tibet,95.15,29.23,185,2006,0.38428860620694
Psarisomus dalhousiae,Tibet,95.32,29.34,185,2016,0.509955415979698
Acanthis flammea,Qinghai,101.32,34.15,377,2015,0.480612397729521
Acanthis flammea,Qinghai,101.63,36.9,489,2015,0.218195958946387
Bucanetes mongolicus,Heilongjiang,128.27,46.43,890,2006,0.58037779366046
Bucanetes mongolicus,Sichuan,102.75,30.06,193,2015,0.458633202180011
Bucanetes mongolicus,Tibet,79.71,31.71,357,2014,0.41388239962513
Callacanthis burtoni,Tibet,85.97,27.93,177,2015,0.795511383105601
Carduelis caniceps,Inner Mongolia,101.06,41.97,719,2023,0.613643073846067
Carduelis caniceps,Qinghai,100.49,36.58,488,2019,0.378944300748115
Carpodacus roborowskii,Xinjiang,90.55,36.65,517,2016,0.41840611347044
Carpodacus vinaceus,Shandong,117.1,36.26,502,2022,0.470715684204916
Chloris ambigua,Guangxi,105.2,24.97,68,2006,0.418145937115782
Chloris chloris,Xinjiang,82.27,43.33,796,2000,0.47865303202421
Chloris sinica,Hainan,109.7,19.9,3,2006,0.234765736049277
Fringilla coelebs,Gansu,98.17,39.07,600,2024,0.374306167766929
Fringilla coelebs,Hubei,110.49,29.9,200,2025,0.161522955922352
Fringilla coelebs,Hunan,111.18,29.5,201,2023,0.394142606031503
Fringilla coelebs,Jiangsu,120.24,31.51,317,2024,0.0655384009938807
Fringilla coelebs,Qinghai,102.23,37.16,489,2017,0.449303624484143
Fringilla coelebs,Yunnan,98.74,25.27,61,2017,0.461385952686928
Fringilla montifringilla,Ningxia,106.63,38.55,570,2011,0.248329048879769
Linaria cannabina,Inner Mongolia,105.88,38.98,570,2023,0.628227571223768
Loxia curvirostra,Hubei,110.58,32.1,308,2024,0.314524909364851
Mycerobas affinis,Shandong,119.22,37.27,542,2009,0.240991866505004
Mycerobas affinis,Shaanxi,107.78,33.93,383,2014,0.465198111903648
Mycerobas carnipes,Henan,110.38,34.38,386,2021,0.458485454130184
Pyrrhula erythaca,Hunan,110.65,30.03,200,2011,0.335029503888284
Pyrrhula nipalensis,Henan,111.93,33.5,348,2024,0.290758844329161
Pyrrhula nipalensis,Hunan,110.67,30.05,200,2011,0.362370580251924
Pyrrhula nipalensis,Shaanxi,109.51,31.95,271,2010,0.389129300686695
Pyrrhula pyrrhula,Qinghai,90.86,38.26,557,2025,0.521685096153096
Rhodospiza obsoleta,Shaanxi,109.74,38.25,573,2010,0.449020327771318
Spinus spinus,Xinjiang,91.25,40.63,669,2010,0.424263871349764
Cecropis daurica,Xinjiang,88.16,39.03,629,2013,0.680052687378829
Cecropis striolata,Chongqing,108.79,30.69,234,2025,0.359937765253804
Delichon dasypus,Henan,111.88,33.48,348,2018,0.25544755737244
Hirundo rustica,Hainan,112.34,16.84,2,2022,3.20787414982759
Hirundo smithii,Guangdong,110.34,20.83,5,2025,0.392361330846868
Ptyonoprogne rupestris,Hubei,113.69,29.4,203,2025,0.168603078933372
Ptyonoprogne rupestris,Jiangsu,120.48,31.3,317,2024,0.327338033798947
Riparia riparia,Hainan,110.01,19.97,3,2006,0.188631634061675
Lanius borealis,Tibet,97.84,29.67,188,2022,0.0960179452139935
Lanius collurioides,Sichuan,101.53,26.65,84,2017,0.524650599789391
Lanius isabellinus,Zhejiang,121.54,28.34,210,2022,0.837489476737151
Lanius schach,Beijing,115.91,40.52,690,2011,0.485245718057427
Lanius schach,Jiangxi,114.4,26.25,97,2009,0.377874151876512
Lanius schach,Tianjin,117,39.14,616,2001,0.104957400923781
Lanius sphenocercus,Yunnan,103.22,24.6,46,2019,0.139269438275932
Lanius tephronotus,Hubei,110.13,31.45,272,2013,0.477342564985758
Lanius tephronotus,Xinjiang,75.4,37.37,617,2004,0.476385246782428
Cutia nipalensis,Hubei,110.28,31.3,272,2001,0.388520593684229
Garrulax canorus,Liaoning,121.63,38.87,655,2003,0.624975810524005
Garrulax maesi,Guangdong,113.23,24.37,56,2008,0.230740277634369
Garrulax monileger,Hubei,110.48,31.32,272,2016,0.231539917379074
Garrulax monileger,Jiangsu,118.84,32.07,316,2009,0.538746428578198
Garrulax monileger,Shaanxi,108.71,32.67,306,2020,0.275857752617754
Heterophasia desgodinsi,Hubei,110.13,30.45,236,2012,0.449894231307041
Heterophasia desgodinsi,Shaanxi,109.26,32.09,307,2012,0.484236011831934
Ianthocincla lunulata,Ningxia,106.33,35.38,420,2018,0.201814919006314
Pterorhinus berthemyi,Jiangsu,118.86,32.06,316,2009,0.517523945979318
Pterorhinus gularis,Yunnan,101.51,22.48,14,2007,0.187304202315681
Pterorhinus lanceolatus,Henan,111.32,33.96,386,2017,0.571966854031166
Pterorhinus pectoralis,Jiangsu,118.85,32.07,316,2009,0.531665879294572
Pterorhinus sannio,Henan,115.27,31.72,312,2017,0.507754582551336
Helopsaltes certhiola,Tibet,95.33,29.33,185,2024,0.5214818818023
Helopsaltes ochotensis,Anhui,117.27,31.84,314,2013,0.192065201528044
Helopsaltes pleskei,Guangxi,106.77,22.09,16,2005,0.683267131861179
Helopsaltes pleskei,Shanghai,121.91,31.52,318,2006,0.582610884884381
Helopsaltes pryeri,Shanghai,121.4,31.62,318,2006,0.210390877731996
Locustella davidi,Guangxi,106.4,22.73,16,2024,0.769743367484263
Locustella davidi,Liaoning,121.63,38.87,655,2003,0.624975810524005
Locustella mandelli,Guizhou,107.13,28.18,134,2010,0.208846637196335
Locustella mandelli,Hunan,110.63,30.02,200,2014,0.316710986560083
Hypothymis azurea,Jiangsu,120.85,33.07,395,2020,0.337964551789834
Anthus godlewskii,Shaanxi,107.98,33.53,344,2007,0.544760916086465
Anthus gustavi,Anhui,117.26,31.66,314,2024,0.311885591042323
Anthus gustavi,Hubei,112.72,30.44,238,2015,0.0985068406413235
Anthus gustavi,Xinjiang,93.48,41.22,671,2010,0.435481976459442
Anthus pratensis,Jiangsu,120.62,31.76,317,2025,0.392677706033389
Anthus richardi,Tibet,95.49,29.66,186,2017,0.394511448585176
Anthus roseatus,Zhejiang,119.9,30.25,245,2021,0.453391077778541
Anthus trivialis,Jiangsu,120.96,32.76,356,2024,0.605284671059137
Motacilla citreola,Hunan,111.35,28.7,167,2011,0.144777316882213
Calliope obscura,Hubei,110.36,31.46,272,2021,0.249164354487192
Copsychus saularis,Guangxi,108.3,22.85,17,2006,0.283319354546514
Cyornis glaucicomans,Henan,114.24,31.04,275,2021,0.527218262800747
Cyornis glaucicomans,Jiangsu,120.24,31.51,317,2024,0.0655384009938807
Cyornis glaucicomans,Shanxi,111.9,35.38,425,2020,0.385368944803145
Cyornis hainanus,Sichuan,104.87,28.99,161,2023,0.381413372802935
Cyornis poliogenys,Guangxi,106.86,22.73,16,2014,0.316288608700578
Cyornis rubeculoides,Hunan,110.67,30.07,200,2010,0.379697164078906
Enicurus leschenaulti,Inner Mongolia,108.85,38.2,533,2015,0.417366374508931
Enicurus maculatus,Guizhou,105.93,28.33,133,2024,0.428880499481674
Enicurus maculatus,Zhejiang,119.67,27.71,175,2018,0.324229608790547
Enicurus schistaceus,Anhui,118.2,29.87,243,2024,0.362449210555011
Erithacus rubecula,Xinjiang,88.21,39.33,629,2010,0.473627181905313
Erithacus rubecula,Gansu,100.34,39.67,602,2025,0.245567640355138
Erithacus rubecula,Jilin,125.36,43.88,817,2023,0.432132131419923
Erithacus rubecula,Ningxia,106.93,38.87,570,2022,0.497020823693146
Eumyias thalassinus,Gansu,105.38,32.87,303,2020,0.354507333665614
Eumyias thalassinus,Hainan,109.68,18.86,2,2019,0.191316375449234
Eumyias thalassinus,Jiangsu,120.4,31.99,317,2019,0.445477159593064
Eumyias thalassinus,Inner Mongolia,105.81,38.66,569,2023,0.531390309133194
Eumyias thalassinus,Qinghai,102.68,35.81,454,2019,0.418576438790848
Eumyias thalassinus,Tianjin,117.47,38.71,616,2018,0.532131060706021
Ficedula albicilla,Tibet,95.16,29.25,185,2017,0.383678803766386
Ficedula elisae,Hunan,113,28.21,140,2021,0.619491155420174
Ficedula elisae,Jiangxi,114.16,26.57,117,2012,0.296863273558284
Ficedula elisae,Shanghai,121.48,31.72,318,2018,0.33313258038742
Ficedula erithacus,Guizhou,104.91,39.42,606,2024,0.426100268937672
Ficedula erithacus,Hebei,113.83,38.75,576,2016,0.470642138477892
Ficedula hyperythra,Hunan,110.57,30.05,200,2022,0.322895629479425
Ficedula hyperythra,Shaanxi,107.98,33.53,344,2007,0.544760916086465
Ficedula hyperythra,Chongqing,108.89,29.32,164,2009,0.661028638506049
Ficedula hypoleuca,Xinjiang,81.48,36.19,548,2008,0.455168037210206
Ficedula mugimaki,Guizhou,106.68,26.54,89,2019,0.503991032660181
Ficedula narcissina,Anhui,117.19,31.85,314,2017,0.119373927751009
Ficedula narcissina,Jiangxi,114.38,24.49,57,2011,0.492561133629412
Ficedula narcissina,Liaoning,124.15,39.87,695,2022,0.901517298232381
Ficedula owstoni,Jiangsu,120.87,32,356,2024,0.608717716529689
Ficedula parva,Hebei,118.91,39.43,654,2008,0.650006650298587
Ficedula parva,Hunan,112.17,29.37,202,2025,0.472634223881322
Ficedula parva,Shanghai,121.52,31.34,318,2013,0.200351464416465
Ficedula parva,Hong Kong,114.26,22.17,38,2008,1.06296557952861
Ficedula ruficauda,Sichuan,104.09,30.63,230,2017,0.165788923630883
Ficedula strophiata,Beijing,116.4,39.95,652,2017,0.376408092278207
Ficedula superciliaris,Hubei,110.45,31.72,272,2020,0.254545366815287
Ficedula tricolor,Hunan,110.65,30.07,200,2014,0.370350869353003
Ficedula tricolor,Inner Mongolia,118.72,44.22,812,2009,0.528556069250033
Ficedula tricolor,Qinghai,102.68,35.8,454,2019,0.424720948715487
Heteroxenicus stellatus,Sichuan,101.99,29.57,192,2018,0.28924796858422
Larvivora akahige,Hubei,114.23,31.2,275,2022,0.451853924868781
Larvivora akahige,Zhejiang,121.46,29.48,246,2010,0.50051970719187
Larvivora brunnea,Jiangsu,120.85,33.07,395,2020,0.337964551789834
Larvivora cyane,Hainan,110.31,20.03,3,2009,0.453313836260821
Larvivora cyane,Hunan,113.21,28.2,140,2007,0.486849434779003
Monticola gularis,Sichuan,104.76,32.58,303,2013,0.504015083336684
Monticola rufiventris,Shaanxi,107.76,33.6,344,2007,0.368611535632314
Monticola solitarius,Qinghai,102.66,35.83,454,2019,0.423259347020493
Muscicapa dauurica,Xinjiang,89,45,827,2011,0.357085605392196
Muscicapa ferruginea,Hunan,112.93,28.18,139,2024,0.618181584865368
Muscicapa ferruginea,Zhejiang,121.93,29.2,246,2013,1.04406420205017
Muscicapa muttui,Henan,111.84,34.26,387,2020,0.151486791055771
Muscicapa muttui,Hunan,111.07,29.88,201,2015,0.498127869335656
Muscicapa muttui,Jiangsu,120.83,33.19,395,2024,0.247018385820784
Muscicapa muttui,Shanghai,121.97,30.88,318,2018,0.83241608541171
Myiomela leucura,Jiangxi,113.99,29.01,169,2018,0.585617624168483
Niltava davidi,Zhejiang,119.15,27.9,175,2018,0.520587172799128
Niltava grandis,Guangxi,106.35,24.52,49,2003,0.133691738811682
Niltava macgrigoriae,Shandong,122.43,36.88,544,2023,1.10028658916881
Niltava sundara,Hunan,110.38,29.3,200,2015,0.45089772796249
Oenanthe deserti,Shanghai,121.75,31.38,318,2018,0.415769534194095
Oenanthe deserti,Sichuan,100.78,30.17,191,2012,0.466949707728669
Oenanthe deserti,Zhejiang,120.89,27.86,176,2022,0.227631318075082
Oenanthe oenanthe,Jiangsu,120.83,31.79,317,2024,0.594322460791429
Phoenicurus erythronotus,Gansu,98.53,39.75,600,2020,0.458271391125996
Phoenicurus frontalis,Jiangxi,115.56,29.02,205,2019,0.377060363683826
Phoenicurus frontalis,Shandong,117,35.8,466,2017,0.531028326654499
Phoenicurus leucocephalus,Xinjiang,75.21,37.8,656,2010,0.701331415899509
Phoenicurus ochruros,Hunan,110.44,29.1,166,2021,0.253019456071887
Phoenicurus ochruros,Jiangsu,121.04,32.56,356,2025,0.605005819255372
Phoenicurus ochruros,Shanghai,121.97,30.88,318,2013,0.83241608541171
Phoenicurus ochruros,Zhejiang,122.19,29.43,246,2020,1.21849843150034
Phoenicurus schisticeps,Shandong,117.12,36.25,502,2010,0.492988889233058
Saxicola ferreus,Tianjin,117.63,39.07,616,2019,0.554874319242674
Saxicola rubetra,Xinjiang,87.42,47.76,879,2023,0.618716719477067
Tarsiger chrysaeus,Guizhou,106.57,26.29,89,2020,0.321820826201343
Tarsiger chrysaeus,Henan,113.9,35.32,427,2023,0.546141492111719
Tarsiger chrysaeus,Hunan,110.56,29.34,200,2023,0.405604843225512
Tarsiger indicus,Shaanxi,107.83,33.67,344,2018,0.465938218231317
Aethopyga christinae,Anhui,117.48,30,243,2018,0.408439730081301
Aethopyga christinae,Hubei,110.54,30.07,200,2004,0.336011653883914
Aethopyga gouldiae,Henan,111.32,33.96,386,2017,0.571966854031166
Anthreptes malacensis,Yunnan,101.23,21.95,7,2010,0.309618648267942
Oriolus oriolus,Qinghai,93.9,35.62,446,2017,0.112514672003252
Panurus biarmicus,Henan,112.97,34.72,426,2024,0.240107662541001
Panurus biarmicus,Shaanxi,109.89,39.07,573,2020,0.436307919229104
Moupinia poecilotis,Tibet,98.43,28.37,154,2022,0.576377532283579
Paradoxornis guttaticollis,Hunan,110.77,29.97,200,2014,0.367332671317868
Paradoxornis heudei,Anhui,117.17,33.17,353,2010,0.366973701147597
Paradoxornis heudei,Henan,112.64,34.85,426,2008,0.447480633387131
Paradoxornis heudei,Jilin,123.58,45.93,855,2022,0.402492475804503
Paradoxornis heudei,Tianjin,117.61,39.29,616,2002,0.579600235496232
Paradoxornis gularis,Shaanxi,109.5,31.89,271,2011,0.330211817717812
Suthora alphonsiana,Guangxi,105.09,24.49,48,2006,0.14881958463372
Suthora conspicillata,Hunan,110.55,30.05,200,2011,0.318200279003452
Suthora przewalskii,Sichuan,104.76,32.58,303,2007,0.504015083336684
Suthora webbiana,Qinghai,102.17,37.09,489,2024,0.362711193089569
Suthora fulvifrons,Hubei,110.19,31.45,272,2017,0.418008214755763
Cephalopyrus flammiceps,Guangxi,106.72,22.8,16,2013,0.470739241422999
Cephalopyrus flammiceps,Hubei,110.45,31.52,272,2019,0.1527524230233
Cyanistes cyanus,Jilin,125.35,43.83,817,2023,0.385045404142294
Machlolophus xanthogenys,Tibet,85.97,27.98,177,2010,0.767336468100341
Melanochlora sultanea,Tibet,95.26,29.29,185,2019,0.462418707790297
Melanochlora sultanea,Zhejiang,119.15,27.9,175,2018,0.520587172799128
Pardaliparus venustulus,Jilin,123.57,45.93,855,2012,0.39912956685412
Pardaliparus venustulus,Qinghai,102.67,35.8,454,2014,0.432597565075702
Parus major,Liaoning,120.54,41.61,730,2025,0.628574698669414
Parus monticolus,Guangxi,106.09,23.36,30,2006,0.2435312913032
Pseudopodoces humilis,Inner Mongolia,100.85,39.21,602,2023,0.44849169114461
Sittiparus varius,Shanghai,121.97,30.88,318,2013,0.83241608541171
Sylviparus modestus,Gansu,104.63,32.95,302,2025,0.612976007320658
Passerculus sandwichensis,Qinghai,100.25,34.45,376,2021,0.564850671846611
Passer cinnamomeus,Beijing,115.48,39.77,652,2004,0.622722801169477
Passer cinnamomeus,Inner Mongolia,118.47,41.41,729,2017,0.311695863665311
Passer domesticus,Hainan,112.34,16.84,2,2022,3.20787414982759
Passer domesticus,Hubei,111.26,30.69,237,2024,0.357056694849506
Passer domesticus,Jiangxi,116.08,29.06,205,2023,0.505240107090572
Passer domesticus,Shaanxi,108.76,34.35,384,2009,0.199577259671509
Passer domesticus,Yunnan,100.98,22.79,14,2015,0.432946096981395
Passer domesticus,Zhejiang,120.72,27.73,176,2023,0.176245297594457
Passer hispaniolensis,Inner Mongolia,107.8,38.4,571,2015,0.353881349613314
Passer hispaniolensis,Sichuan,102.98,30.9,229,2019,0.223387703804095
Napothera malacoptila,Yunnan,98.34,27.88,126,2000,0.762952355100251
Pellorneum albiventre,Guangdong,111.41,22.26,20,2025,0.455237131941083
Pellorneum tickelli,Guangxi,106.88,22.35,16,2006,0.412051460533552
Phylloscopus affinis,Guangxi,110.42,25.86,93,2010,0.340201591366044
Phylloscopus affinis,Heilongjiang,125.25,49.09,916,2011,0.549964108203826
Phylloscopus borealoides,Hunan,112.89,28.17,139,2025,0.579465979654266
Phylloscopus borealoides,Jiangsu,120.24,31.51,317,2024,0.0655384009938807
Phylloscopus borealoides,Zhejiang,122.07,30.57,318,2006,1.12263534037719
Phylloscopus burkii,Tianjin,117.21,38.96,616,2002,0.171978190941399
Phylloscopus cantator,Guangxi,105.79,23.02,30,2014,0.693785019356028
Phylloscopus cantator,Tibet,95.14,29.23,185,2017,0.37564338294904
Phylloscopus castaniceps,Anhui,118.76,30.1,244,2017,0.236701664742398
Phylloscopus castaniceps,Heilongjiang,125.25,49.09,916,2003,0.549964108203826
Phylloscopus castaniceps,Shanghai,121.15,31.08,318,2013,0.387205673410275
Phylloscopus claudiae,Shanghai,121.97,30.91,318,2018,0.813292054015039
Phylloscopus collybita,Anhui,117.24,32.8,353,2020,0.0123409178727019
Phylloscopus collybita,Guangxi,109.1,21.06,9,2025,0.620750312078212
Phylloscopus collybita,Henan,114.28,32.1,311,2007,0.404189439777653
Phylloscopus collybita,Hubei,114.54,30.53,240,2010,0.274971657199992
Phylloscopus collybita,Jiangsu,117.41,34.15,430,2024,0.427353711814338
Phylloscopus collybita,Jiangxi,117.87,29.22,207,2025,0.131005367657526
Phylloscopus collybita,Inner Mongolia,105.67,38.83,569,2023,0.398209836385903
Phylloscopus collybita,Sichuan,104.7,31.55,266,2025,0.519408689005583
Phylloscopus coronatus,Xinjiang,88.16,39.05,629,2013,0.666416817005194
Phylloscopus emeiensis,Hunan,110.75,30.05,200,2019,0.4090881535174
Phylloscopus humei,Tianjin,117.15,39.08,616,2025,0.076034236041818
Phylloscopus intermedius,Guangxi,106.42,23.13,30,2008,0.487805917307124
Phylloscopus intermedius,Hainan,110.34,20.07,3,2019,0.499524017573368
Phylloscopus intermedius,Henan,114.24,31.04,275,2022,0.527218262800747
Phylloscopus intermedius,Hunan,110.57,30.05,200,2022,0.322895629479425
Phylloscopus intermedius,Shanghai,121.97,30.91,318,2018,0.813292054015039
Phylloscopus maculipennis,Hunan,112.93,28.18,139,2025,0.618181584865368
Phylloscopus magnirostris,Hunan,110.65,30.05,200,2014,0.352565266940856
Phylloscopus ogilviegranti,Shaanxi,107.78,34.06,383,2012,0.375722604581359
Phylloscopus omeiensis,Hunan,110.6,30.05,200,2023,0.332079572550728
Phylloscopus pulcher,Hunan,112.92,28.17,139,2022,0.604330660699504
Phylloscopus ricketti,Anhui,117.29,30.01,242,2017,0.471474817867924
Phylloscopus ricketti,Henan,112.61,34.9,426,2016,0.470798214852668
Phylloscopus ricketti,Jiangxi,117.73,27.85,173,2010,0.442930428984165
Phylloscopus sibilatrix,Gansu,100.41,39.31,602,2025,0.273289938422551
Phylloscopus soror,Beijing,115.43,40,651,2013,0.596186829738869
Phylloscopus soror,Hunan,110.6,30.05,200,2023,0.332079572550728
Phylloscopus soror,Jiangsu,120.86,33.07,395,2021,0.344945889456051
Phylloscopus soror,Shanghai,121.97,30.88,318,2013,0.83241608541171
Phylloscopus subaffinis,Inner Mongolia,105.66,38.83,569,2023,0.388516419267325
Phylloscopus tenellipes,Henan,114.25,31.97,311,2011,0.431178375104453
Phylloscopus tephrocephalus,Anhui,117.27,31.84,314,2024,0.192065201528044
Phylloscopus tephrocephalus,Gansu,105.41,33.14,342,2016,0.317768235767525
Phylloscopus tephrocephalus,Guizhou,107.17,28.22,134,2012,0.207425234390396
Phylloscopus tephrocephalus,Hunan,113.63,25.9,96,2016,0.374593965450254
Phylloscopus tephrocephalus,Tianjin,118,39.24,654,2023,0.713295299522496
Phylloscopus valentini,Jiangsu,121.45,33.12,395,2025,0.855764736186335
Phylloscopus yunnanensis,Jiangxi,114.16,26.57,117,2012,0.296863273558284
Pitta brachyura,Sichuan,102.76,30.05,193,2025,0.445220189768579
Pitta moluccensis,Hainan,110.31,20.03,3,2017,0.453313836260821
Pitta nympha,Hubei,110.9,30.85,236,2011,0.420208883202581
Pitta nympha,Jilin,126.07,44.07,836,2020,0.455956908583917
Pitta sordida,Sichuan,102.98,31.5,265,2007,0.192925677441731
Pnoepyga immaculata,Tibet,85.97,27.98,177,2010,0.767336468100341
Prunella collaris,Hunan,110.78,30.1,200,2022,0.466703460197647
Prunella himalayana,Shandong,117.12,36.25,502,2010,0.492988889233058
Prunella immaculata,Shaanxi,107.77,33.92,383,2007,0.466551154092497
Prunella montanella,Jiangsu,121.04,32.56,356,2025,0.605005819255372
Prunella montanella,Xinjiang,87.54,44.18,800,2008,0.317671603531557
Prunella strophiata,Guizhou,107.13,28.18,134,2010,0.208846637196335
Prunella strophiata,Henan,111.32,33.96,386,2017,0.571966854031166
Hemixos castanonotus,Anhui,117.45,30,243,2010,0.438229944492509
Hemixos castanonotus,Shandong,119.39,35.68,504,2023,0.709812133371947
Hypsipetes leucocephalus,Gansu,105.75,32.99,342,2021,0.650023403849383
Ixos mcclellandii,Gansu,105.57,32.94,303,2016,0.508227819659243
Ixos mcclellandii,Ningxia,106.33,35.37,420,2024,0.192272550221256
Pycnonotus aurigaster,Hainan,110.33,20,3,2006,0.457363328534127
Pycnonotus blanfordi,Yunnan,101.58,21.32,7,2023,0.413928100807237
Pycnonotus goiavier,Yunnan,101.27,21.93,7,2020,0.271154991171151
Pycnonotus jocosus,Hainan,110.33,20,3,2011,0.457363328534127
Pycnonotus jocosus,Henan,113.7,34.71,427,2013,0.510758356126705
Pycnonotus jocosus,Sichuan,104.67,30.63,230,2018,0.488455392225251
Pycnonotus sinensis,Beijing,116.62,40.36,652,2003,0.661011798031401
Pycnonotus sinensis,Jilin,125.41,43.81,817,2020,0.356510367459988
Pycnonotus sinensis,Liaoning,121.59,38.92,655,2006,0.601287212216491
Pycnonotus sinensis,Inner Mongolia,121.95,45.15,833,2024,0.318899316013268
Pycnonotus sinensis,Ningxia,106.73,38.75,570,2011,0.276661531258562
Pycnonotus sinensis,Qinghai,101.75,36.63,489,2006,0.311004071093414
Pycnonotus xanthorrhous,Ningxia,106.39,35.41,420,2019,0.223029074982379
Pycnonotus xanthorrhous,Shanghai,121.96,30.88,318,2018,0.824826552896674
Spizixos semitorques,Beijing,116.33,39.94,652,2022,0.312749555416741
Spizixos semitorques,Hebei,114.01,37.14,538,2020,0.614708639903672
Spizixos semitorques,Shandong,119.55,35.5,505,2017,0.750395893781381
Regulus regulus,Anhui,117.19,31.88,314,2011,0.102625763840399
Regulus regulus,Hunan,112.97,28.19,140,2023,0.627203227169032
Remiz consobrinus,Guangxi,108.32,22.58,17,2015,0.194424929081779
Remiz consobrinus,Guizhou,106.66,26.73,109,2024,0.599857452306306
Remiz consobrinus,Shaanxi,109.44,34.8,423,2015,0.42756395286363
Remiz consobrinus,Sichuan,105.29,28.96,161,2021,0.0416937977116826
Remiz coronatus,Gansu,103.45,38.97,567,2022,0.566963294719736
Remiz coronatus,Inner Mongolia,101.65,39.21,603,2022,0.377991419812415
Remiz pendulinus,Xinjiang,82.88,44.79,843,2024,0.604197092613241
Abroscopus albogularis,Hebei,118.28,39.26,654,2024,0.583633826587896
Abroscopus albogularis,Jiangsu,118.55,32.06,315,2019,0.458545556009275
Abroscopus albogularis,Ningxia,106.18,35.67,457,2024,0.460437561234032
Abroscopus albogularis,Shanghai,121.97,30.88,318,2018,0.83241608541171
Abroscopus albogularis,Tibet,95.39,29.41,186,2017,0.47409173353677
Cettia brunnifrons,Shaanxi,107.8,33.99,383,2018,0.435817124184123
Cettia castaneocoronata,Hubei,110.29,31.46,272,2021,0.31774535152363
Hemitesia pallidipes,Hunan,111.48,24.84,74,2024,0.463175712383804
Phyllergates cucullatus,Guizhou,104.91,25.09,68,2025,0.444171069524407
Urosphena squameiceps,Anhui,118.5,31.69,315,2017,0.35929538828137
Sitta cinnamoventris,Tibet,95.4,29.41,186,2017,0.464310858274257
Sitta formosa,Tibet,95.36,29.33,186,2019,0.52490653688671
Sitta villosa,Heilongjiang,126.66,45.74,873,2006,0.545314544481016
Sitta villosa,Shandong,117.87,38.26,580,2024,0.28331903082989
Acridotheres cristatellus,Jilin,125.55,43.8,817,2023,0.364474214311419
Acridotheres tristis,Guizhou,106.52,26.68,89,2018,0.483648971267449
Acridotheres tristis,Jiangxi,115.35,26.3,118,2022,0.405046901905669
Acridotheres tristis,Shandong,121.01,121.01,938,2025,67.8125403725399
Acridotheres tristis,Chongqing,106.53,29.45,196,2010,0.470012545641211
Agropsar philippensis,Shandong,122.59,37.19,544,2025,1.31412047087751
Agropsar sturninus,Tibet,94.81,29.96,221,2023,0.36223184852363
Gracupica nigricollis,Hainan,110.59,19.97,4,2006,0.337029191878275
Gracupica nigricollis,Shandong,122.69,37.4,544,2022,1.48057108504417
Gracupica nigricollis,Chongqing,106.5,29.51,196,2006,0.403010550391645
Pastor roseus,Jiangxi,114.78,24.94,78,2025,0.374846515201117
Spodiopsar cineraceus,Tibet,91.56,29.84,218,2018,0.150420971276453
Spodiopsar sericeus,Gansu,105.49,33,342,2015,0.478904483942033
Spodiopsar sericeus,Jilin,123.79,44.23,835,2025,0.717326837417387
Spodiopsar sericeus,Liaoning,124.15,39.97,695,2014,0.876443255638887
Spodiopsar sericeus,Ningxia,105.05,37.47,530,2024,0.443217386215299
Spodiopsar sericeus,Tianjin,117.31,39.08,616,2001,0.23524003705471
Sturnia pagodarum,Xinjiang,75.45,37.15,617,2023,0.408877147285597
Sturnia sinensis,Jiangsu,119.78,33.86,432,2019,0.472368590879008
Sturnus vulgaris,Heilongjiang,124.22,47.2,887,2008,0.314220689479352
Sturnus vulgaris,Inner Mongolia,121.5,51.33,928,2014,0.64602313957242
Sturnus vulgaris,Shaanxi,109.54,34.81,423,2013,0.356207578577085
Sturnus vulgaris,Tianjin,117.2,39.09,616,2002,0.12701720066477
Curruca communis,Tibet,89.01,27.32,179,2025,1.43350491791821
Curruca crassirostris,Tibet,81.21,30.21,319,2016,0.931277324960682
Curruca curruca,Guizhou,105.29,27.29,108,2024,0.114022138893646
Curruca curruca,Hainan,110.33,20.07,3,2022,0.491053405489255
Sylvia atricapilla,Xinjiang,76,39.47,698,2013,0.646949390998269
Cyanoderma pyrrhops,Tibet,85.98,28,177,2010,0.74818959296482
Cyanoderma rufifrons,Guangxi,106.85,22.34,16,2006,0.440284090854885
Mixornis gularis,Guangxi,106.96,22.47,16,2005,0.271264536310848
Pomatorhinus schisticeps,Tibet,95.35,29.33,186,2016,0.534326932844417
Stachyris humei,Tibet,95.47,29.6,186,2015,0.394864038479722
Timalia pileata,Jiangxi,114.38,24.49,57,2011,0.492561133629412
Geokichla citrina,Jiangxi,117.66,27.84,173,2018,0.440753023657674
Geokichla citrina,Chongqing,109,30.67,235,2009,0.487341002959758
Geokichla wardii,Tibet,85.37,28.28,212,2024,0.823533186983165
Grandala coelicolor,Chongqing,107.57,29.27,163,2009,0.402461686012477
Otocichla mupinensis,Anhui,116.85,32.35,314,2014,0.490748356777451
Otocichla mupinensis,Guangxi,104.96,24.61,48,2006,0.306160004112003
Otocichla mupinensis,Jiangsu,119.33,32.09,316,2021,0.41181111848662
Otocichla mupinensis,Jiangxi,114.57,28.57,170,2015,0.0224282949822892
Otocichla mupinensis,Liaoning,123.9,39.82,695,2022,0.689502926276143
Otocichla mupinensis,Shanghai,121.65,31.2,318,2018,0.383044098565035
Turdus boulboul,Anhui,115.68,31.27,277,2023,0.264356180544831
Turdus boulboul,Fujian,117.78,27.86,173,2020,0.448645188874295
Turdus boulboul,Henan,111.92,33.5,348,2020,0.286948491515896
Turdus boulboul,Hunan,110.65,28.8,166,2010,0.227365376682544
Turdus boulboul,Jiangxi,114.04,26.3,97,2018,0.457972880274713
Turdus boulboul,Ningxia,106.35,35.27,420,2019,0.0916905749732612
Turdus boulboul,Qinghai,102.68,35.81,454,2025,0.418576438790848
Turdus boulboul,Shaanxi,107.98,33.53,344,2007,0.544760916086465
Turdus boulboul,Tibet,91.96,27.99,148,2020,0.251887409925212
Turdus boulboul,Zhejiang,119.72,30.25,245,2022,0.509787535394645
Turdus cardis,Beijing,116.33,40,652,2014,0.297238630743052
Turdus cardis,Shaanxi,109.05,34.32,384,2019,0.470954895511185
Turdus feae,Anhui,117.27,31.83,314,2024,0.196795335426515
Turdus feae,Guizhou,107.15,28.2,134,2016,0.206206384152048
Turdus feae,Sichuan,104.07,30.64,230,2012,0.172601018847621
Turdus mandarinus,Beijing,116.3,40,652,2011,0.26769187571879
Turdus mandarinus,Ningxia,106.22,37.35,493,2021,0.441846205745061
Turdus naumanni,Heilongjiang,129.16,46.08,891,2025,0.474058940707869
Turdus pilaris,Heilongjiang,125.14,51.14,931,2012,0.304167585187409
Turdus pilaris,Shaanxi,108.75,34.14,384,2023,0.203920529032468
Turdus rubrocanus,Henan,114.25,31.94,311,2020,0.448444472891459
Turdus rubrocanus,Jiangxi,115.28,29.01,205,2018,0.545924956567659
Turdus rubrocanus,Inner Mongolia,103.7,38.3,568,2023,0.59662028813452
Turdus rubrocanus,Shanxi,111.92,37.65,536,2018,0.290745267578636
Turdus ruficollis,Jiangsu,119.49,31.55,316,2021,0.301604956388885
Turdus viscivorus,Gansu,98.53,39.75,600,2019,0.458271391125996
Turdus viscivorus,Inner Mongolia,101.07,42.13,719,2023,0.553069930907619
Zoothera dixoni,Hubei,109.71,29.99,199,2020,0.340102172306592
Zoothera dixoni,Hunan,110.1,29.78,200,2016,0.386970744157656
Zoothera mollissima,Hunan,110.74,29.87,200,2014,0.287107195245471
Zoothera mollissima,Shaanxi,107.89,34.1,383,2007,0.450793343349495
Zoothera monticola,Tibet,91.96,27.99,148,2020,0.251887409925212
Zoothera monticola,Yunnan,97.83,24.02,41,2007,0.584259502490199
Turdus migratorius,Heilongjiang,126.56,45.75,873,2024,0.463376584540043
Tephrodornis virgatus,Zhejiang,119.87,27.75,175,2020,0.35718477538249
Erpornis zantholeuca,Tibet,95.34,29.3,185,2019,0.537280438799926
Pteruthius rufiventer,Tibet,95.26,29.29,185,2019,0.462418707790297
Pteruthius xanthochlorus,Anhui,118.53,29.57,244,2016,0.534162520800693
Pteruthius xanthochlorus,Guizhou,106.19,28.34,133,2018,0.278944780425742
Pteruthius xanthochlorus,Hunan,110.68,29.98,200,2014,0.310509703552997
Parayuhina diademata,Tibet,98.47,28.84,154,2014,0.468386505484243
Staphida castaniceps,Henan,114.25,32.04,311,2025,0.396833632104967
Staphida torqueola,Gansu,105.47,32.88,303,2022,0.402231745848996
Yuhina nigrimenta,Gansu,105.38,32.88,303,2017,0.363952942753113
Yuhina nigrimenta,Shaanxi,107.25,32.55,305,2007,0.178818820917772
Zosterops erythropleurus,Qinghai,102.67,35.8,454,2019,0.432597565075702
Zosterops japonicus,Hubei,113.33,33.57,349,2024,0.587383837673814
Ardea intermedia,Jilin,125.37,43.96,836,2023,0.488379945005797
Ardea intermedia,Liaoning,124.19,39.97,695,2006,0.915691158434151
Ardeola bacchus,Xinjiang,83.67,39.17,625,2001,0.486131802666078
Ardeola grayii,Guangdong,110.89,21.73,11,2025,0.160801486697364
Ardeola grayii,Yunnan,102.65,25.01,65,2016,0.520821811193915
Ardeola speciosa,Guangxi,110.22,22.67,19,2025,0.202264901629595
Bubulcus ibis,Heilongjiang,125.13,46.81,888,2010,0.342493748906357
Bubulcus ibis,Shanxi,111.43,36.06,461,2017,0.522611703913595
Bubulcus ibis,Tianjin,117.4,39.24,616,2002,0.368191226690419
Egretta eulophotes,Tianjin,117.81,39.26,616,2006,0.759858642072612
Egretta garzetta,Tibet,97.82,30.17,224,2015,0.374153711197826
Egretta picata,Jiangsu,121.45,32.27,318,2025,0.85804838622299
Gorsachius goisagi,Hainan,110.76,19.6,4,2025,0.181447026098499
Gorsachius melanolophus,Jiangsu,119.37,34.75,432,2019,0.536525043558702
Gorsachius melanolophus,Shandong,118.45,36.68,504,2019,0.662790523507081
Oroanassa magnifica,Guangdong,114.15,24.9,77,2000,0.102762087244716
Oroanassa magnifica,Guizhou,108.28,26.43,91,2008,0.192332649474706
Oroanassa magnifica,Hunan,113.64,28.16,140,2006,0.44346131218486
Oroanassa magnifica,Shaanxi,108.35,33,345,2022,0.419195483590965
Oroanassa magnifica,Sichuan,105.76,32.66,303,2016,0.513220480564098
Oroanassa magnifica,Yunnan,101.55,24.03,44,2006,0.463094430799569
Ixobrychus cinnamomeus,Qinghai,101.89,36.56,489,2019,0.368148365746401
Ixobrychus eurhythmus,Shaanxi,108.73,34.42,384,2015,0.21907901940386
Ixobrychus minutus,Gansu,98.55,39.73,600,2020,0.460656942560295
Nycticorax nycticorax,Tibet,91.09,29.28,181,2014,0.498077418516457
Mycteria leucocephala,Guizhou,106.71,26.6,89,2009,0.561804338891353
Pelecanus crispus,Guizhou,104.25,29.32,160,2024,0.349127349740648
Pelecanus onocrotalus,Anhui,117.46,33.77,392,2013,0.125105146631484
Pelecanus onocrotalus,Anhui,117.4,30.48,242,2010,0.641851850778251
Pelecanus onocrotalus,Jiangsu,120.16,33.35,395,2017,0.458000782003461
Pelecanus onocrotalus,Liaoning,122.87,41.7,763,2024,0.481725724765053
Pelecanus onocrotalus,Shandong,119.05,35.43,468,2021,0.312065503443811
Pelecanus onocrotalus,Sichuan,106.09,30.82,232,2004,0.235173867300234
Nipponia nippon,Gansu,106.37,34.32,382,2024,0.0187433860910489
Platalea minor,Anhui,116.91,30.51,242,2017,0.355681083888406
Plegadis falcinellus,Hainan,109.32,19.75,3,2022,0.598160171870746
Plegadis falcinellus,Henan,114.33,31.95,311,2015,0.509659860659922
Plegadis falcinellus,Hubei,114.15,30.75,239,2018,0.546725382679026
Plegadis falcinellus,Jiangsu,120.78,32.98,395,2021,0.372218569504852
Plegadis falcinellus,Jiangxi,116.31,28.76,172,2017,0.47084002640893
Plegadis falcinellus,Tianjin,117.33,38.76,616,2017,0.398785536041264
Plegadis falcinellus,Tibet,89.07,31.01,252,2019,0.483287797062926
Plegadis falcinellus,Yunnan,102.5,24.34,45,2013,0.241715550082802
Phoenicopterus roseus,Anhui,117.02,30.33,242,2024,0.244800374727621
Phoenicopterus roseus,Beijing,116.63,39.71,653,2016,0.634763330673888
Phoenicopterus roseus,Liaoning,121.27,40.27,694,2022,0.845749168255421
Phoenicopterus roseus,Inner Mongolia,101.29,42.3,719,2017,0.32886190599459
Phoenicopterus roseus,Ningxia,106.26,36.1,457,2016,0.147432971450763
Phoenicopterus roseus,Qinghai,97.42,36.67,485,2014,0.147802933164202
Phoenicopterus roseus,Shandong,118.52,35.42,468,2016,0.252474343132695
Phoenicopterus roseus,Shaanxi,109.01,34.38,384,2010,0.444043579313904
Phoenicopterus roseus,Shanghai,121.86,31.6,318,2019,0.55409394005017
Phoenicopterus roseus,Sichuan,30.98,30.98,735,2018,43.8702554529656
Phoenicopterus roseus,Tianjin,117.33,38.76,616,2017,0.398785536041264
Phoenicopterus roseus,Xinjiang,87.93,43.98,800,2000,0.325531559354034
Phoenicopterus roseus,Yunnan,103.27,26.7,86,2021,0.428708171005292
Indicator xanthonotus,Sichuan,103.02,29.17,159,2022,0.262399820013534
Psilopogon faber,Zhejiang,119.47,26.28,122,2018,0.114414912383761
Psilopogon faiostrictus,Guangxi,106.85,22.34,16,2008,0.440284090854885
Psilopogon faiostrictus,Yunnan,103.69,22.94,27,2016,0.743535638872556
Psilopogon virens,Gansu,105.51,32.97,303,2017,0.500101969139003
Dendrocopos hyperythrus,Qinghai,101.03,32.68,299,2015,0.231279533621308
Picumnus innominatus,Guangxi,106.42,23.13,30,2006,0.487805917307124
Picumnus innominatus,Shandong,117.07,33.93,392,2017,0.381902479698724
Picus chlorolophus,Tibet,95.28,27.27,124,2019,1.29874654388061
Sasia ochracea,Guangdong,111.58,23.45,36,2014,0.483163370172401
Sasia ochracea,Hunan,109.83,26.07,93,2018,0.442741185616807
Podiceps auritus,Gansu,100.44,38.97,565,2021,0.350354317845804
Podiceps auritus,Shaanxi,109.03,32.71,306,2017,0.570911279259363
Podiceps grisegena,Gansu,101.1,38.86,565,2008,0.535460779454675
Podiceps nigricollis,Shaanxi,106.9,32.95,305,2007,0.683671640514609
Podiceps nigricollis,Tibet,97.8,29.3,188,2014,0.377948457438514
Phoebastria immutabilis,Fujian,119.3,26.1,122,2005,0.168585403208963
Oceanites oceanicus,Zhejiang,120.15,30.25,281,2022,0.43248474825069
Ardenna pacifica,Shanghai,121.32,31.35,318,2013,0.071385667162972
Ardenna pacifica,Zhejiang,119.12,28.05,174,2019,0.49495279294044
Ardenna tenuirostris,Fujian,120.26,26.72,146,2024,0.868481210264419
Ardenna tenuirostris,Hebei,118.75,39.17,654,2014,0.748900274636363
Bulweria bulwerii,Yunnan,103.23,22.9,27,2006,0.66648831124138
Calonectris leucomelas,Anhui,117.2,31.89,314,2012,0.107785101343647
Calonectris leucomelas,Tianjin,117.42,38.79,616,2019,0.442156810594199
Syrrhaptes paradoxus,Guangxi,107.13,22.2,16,2006,0.448705005339148
Asio flammeus,Guangxi,107.08,22.14,16,2005,0.514434593660391
Athene noctua,Yunnan,99.26,28.35,126,2002,0.450797095051243
Athene noctua,Zhejiang,119.69,30.63,281,2023,0.432709925162769
Bubo nipalensis,Guangxi,106.88,22.35,16,2014,0.412051460533552
Bubo nipalensis,Chongqing,107.33,28.83,163,2019,0.122069324140013
Glaucidium cuculoides,Beijing,116.37,39.91,652,2008,0.360969309670415
Ketupa flavipes,Shanxi,111.86,35.59,462,2024,0.348061754033608
Ninox japonica,Hunan,111.63,29.53,201,2023,0.185127878495785
Otus lettia,Gansu,105.16,32.64,303,2024,0.145939895064215
Otus semitorques,Henan,114.25,31.95,311,2012,0.442538014070172
Otus semitorques,Inner Mongolia,110.82,40.85,686,2022,0.662635802236094
Otus semitorques,Zhejiang,119.12,30.3,244,2015,0.418433520685165
Otus spilocephalus,Anhui,118.15,30.09,243,2023,0.267639759115383
Otus spilocephalus,Jiangxi,114.38,24.49,57,2011,0.492561133629412
Tyto alba,Guangxi,109.51,18.25,2,2004,0.730790554339708
Tyto alba,Hainan,109.57,18.29,2,2019,0.667243763724564
Tyto alba,Tibet,95.46,29.49,186,2021,0.394316467273858
Tyto longimembris,Hebei,117.5,38.15,579,2005,0.56718919607893
Anhinga melanogaster,Yunnan,97.84,24,41,2024,0.584580298931494
Fregata andrewsi,Fujian,119.23,25.89,122,2006,0.389909503415839
Fregata andrewsi,Liaoning,121.68,38.87,655,2021,0.604023837739398
Fregata ariel,Beijing,116.3,40.13,652,2011,0.275425244382613
Fregata ariel,Jiangxi,116.61,27.67,143,2012,0.21563625937703
Fregata ariel,Liaoning,119.76,41.1,730,2021,0.397817020329039
Fregata ariel,Shaanxi,107.88,33.36,344,2017,0.430367904761462
Urile pelagicus,Jiangsu,121.54,31.77,318,2024,0.405449389239191
Sula dactylatra,Guangdong,116.53,22.16,40,2025,1.05098333180188
Sula dactylatra,Zhejiang,122.29,30.25,246,2021,1.42319399618161
Sula granti,Taiwan,124.8,26.44,176,2025,4.38391767499627
Sula sula,Fujian,116.09,37.45,539,2001,0.437955840498101
Sula sula,Hebei,118.55,24.78,81,2018,0.488263578910004
Sula sula,Jiangsu,121.11,32.02,318,2024,0.641620440720727
Sula sula,Zhejiang,121.63,29.97,246,2017,0.706689319024981
Harpactes wardi,Tibet,89.01,27.31,179,2020,1.4431799491586
