species,bio1_native,bio12_native
Amaurornis phoenicurus,0.614529426440462,44.7867044885482
Anthropoides virgo,1.07624380853456,11.0850275432604
Athene noctua,1.32715219442058,7.7197516045446
Bubulcus ibis,0.588683970115262,27.2944488850411
Myophonus caeruleus,0.667629078174771,54.7466737587749
Paradoxornis heudei,0.723659216754146,1.82847173767539
Phylloscopus burkii,0.660284480993347,-19.2114681022372
Sturnus vulgaris,1.12480626535318,17.0775725292016
Centropus bengalensis,0.620908500122662,105.335911277239
Clamator coromandus,0.467983120600029,-4.03258091670818
Egretta eulophotes,0.541140763827934,61.6152547276048
Garrulax canorus,0.521603696655767,-168.021285348114
Gyps himalayensis,0.683402652647347,34.1781674774517
Locustella davidi,1.30391672479113,16.5020447652146
Niltava grandis,0.386069432168114,-58.4415561481847
Phylloscopus castaniceps,0.504746041431528,-13.320244828049
Pycnonotus sinensis,0.766170205589518,-12.2604844084628
Aethopyga christinae,0.385716451260356,-344.354914325446
Coturnicops exquisitus,0.881717281326386,-66.6300972534272
Lanius tephronotus,0.49338758952976,-0.976485798603562
Passer cinnamomeus,0.706510674969771,8.05346509183107
Tyto alba,0.623110433068077,10.4052972955997
Asio flammeus,1.22391681774142,-2.30557708235426
Certhia tianquanensis,0.277942697951031,-6.15429801584412
Hydroprogne caspia,1.04942043098624,3.15575866548856
Mixornis gularis,0.510872433627963,-43.3607023976874
Phoebastria immutabilis,0.46305102136368,-56.3195238147364
Tyto longimembris,0.288665796210726,-35.1322457088611
Acrocephalus concinens,0.998411294053197,-21.2097068403768
Alcedo hercules,0.707738055187289,-6.83806521877227
Ardea intermedia,0.759300326724276,40.5431818005955
Aythya fuligula,0.181590039243948,13.8524861868715
Aythya nyroca,0.615247135605237,10.9814326754114
Bucanetes mongolicus,1.09503141066007,1.11078564156907
Bulweria bulwerii,0.0417445540793118,18.2804227448605
Charadrius placidus,0.536711558005234,-3.00403127094774
Charadrius veredus,0.79798032370363,-7.29739584997099
Chloris ambigua,0.79012174695292,-10.1001311520961
Chloris sinica,0.689957171655838,-15.4234200692409
Cisticola juncidis,0.47548981634132,50.0411404626063
Copsychus saularis,0.505338732366539,51.4854463761942
Cyanoderma rufifrons,0.432766953934298,130.346545377312
Dicrurus hottentottus,0.597862704142616,47.503566329494
Elanus caeruleus,0.539275313294699,44.4557919549213
Gracupica nigricollis,0.542226365428412,80.9848481774478
Helopsaltes pryeri,0.45853594388346,-58.2933342120102
Larus cachinnans,0.552486526497525,5.49355157318638
Larus crassirostris,0.398696628135956,87.3411615612306
Lonchura striata,0.378111109462106,34.1673763096812
Oroanassa magnifica,0.613317858353851,45.6447608318253
Otocichla mupinensis,0.853478193876625,22.5884040675675
Parus monticolus,0.849405903678777,-88.2075957365521
Pellorneum tickelli,0.432948995210902,115.274182451813
Picumnus innominatus,0.659520358714691,63.8474363967563
Pycnonotus aurigaster,0.496469441138533,82.561834904418
Riparia riparia,0.542749492212361,8.82324309378544
Sitta villosa,1.30256732270742,25.0331825505329
Spilopelia chinensis,0.61151681515361,83.5807516268769
Streptopelia decaocto,0.771222796944866,12.3859280445774
Suthora alphonsiana,0.605429607931601,-122.046223690305
Synthliboramphus antiquus,0.678699170655802,16.1507455770252
Syrrhaptes paradoxus,0.839240311251567,-11.18126765109
Vanellus cinereus,0.253859247464071,-10.5626273513077
Vanellus vanellus,0.445414681794438,6.66168660465377
Accipiter trivirgatus,0.369333442984521,187.71363095984
Aegithalos bonvaloti,0.57189967360586,32.6996939589575
Anser indicus,1.30911678326503,4.64148786307314
Anthus godlewskii,2.24025917245245,-37.7936036656505
Chrysolophus pictus,0.6381704904547,2.40246181531961
Cisticola exilis,0.234075342529444,25.4039540111685
Ficedula hyperythra,0.501830997997904,5.15607302251517
Larvivora cyane,0.759647721095513,19.1164351565245
Monticola rufiventris,0.660901939039936,-66.5784473690826
Nisaetus nipalensis,0.640966941845758,26.8836612633919
Numenius madagascariensis,1.4325468277903,15.051242915013
Pitta sordida,0.350738641007769,116.080214271899
Podiceps nigricollis,0.829826544761041,-0.189212907012461
Prunella immaculata,0.467598229394478,0.260953766469299
Pterorhinus gularis,0.495674864119373,35.4701766852932
Suthora przewalskii,0.863962603929759,-13.6240193152998
Turdus boulboul,0.738693528214027,-60.6307921896649
Yuhina nigrimenta,0.608706295360308,5.71999390715439
Zoothera mollissima,0.599791907903663,-97.1764331844113
Zoothera monticola,0.452811087914872,-36.5782081425487
Chlidonias leucopterus,1.34509109251388,-7.0657239955703
Garrulax maesi,-0.0992884084362622,116.45214169185
Glaucidium cuculoides,0.0678588938314881,56.8716837337554
Halcyon coromanda,0.597859510356789,-6.10619121977629
Phylloscopus intermedius,0.454808323723511,-80.2404248080139
Podiceps grisegena,0.833441839996362,19.9547095322358
Prunella montanella,1.45808042929204,33.7998778223189
Psilopogon faiostrictus,0.281424390635623,54.5298887150302
Stachyris nonggangensis,-0.295992125208976,316.258642879533
Anser anser,0.256784840648297,20.0454160300041
Ficedula tricolor,0.708710460855767,-97.1603023174397
Garrulax monileger,0.690932635227455,-38.7137147913693
Geokichla citrina,0.60162617007124,-81.9894895017079
Grandala coelicolor,1.11360979216344,-37.3140478138032
Halcyon smyrnensis,0.779025072264254,41.0285779128259
Lanius schach,0.499818641623092,-7.31232600460078
Mycerobas affinis,0.85453869067463,-118.113998094301
Mycteria leucocephala,0.825257729012769,-69.2064444931109
Passer domesticus,1.39042454783245,19.6506177522612
Pericrocotus solaris,0.639138496481019,-62.8268798001459
Podoces biddulphi,1.05380136898962,-9.97219019545847
Pterorhinus berthemyi,0.5980332385497,-175.165864683775
Pterorhinus pectoralis,0.696498404829072,-180.560429318378
Rallina eurizonoides,0.27800281858197,157.703081433929
Acridotheres tristis,0.865215848076012,48.8552593376177
Aegithalos fuliginosus,0.688438287309475,-13.675354034701
Aerodramus brevirostris,0.801563182450947,25.9787842680576
Anthus gustavi,1.6988135363648,25.3133143203316
Aviceda leuphotes,0.963625490753406,-12.5727557258261
Cyanoderma pyrrhops,1.18780051401495,-66.3904264001863
Cygnus olor,0.800067686394794,20.2657380099423
Cyornis rubeculoides,0.983171597932603,130.386139603624
Emberiza godlewskii,0.486263822404968,28.3601065124659
Galerida cristata,1.01869770609398,40.9358325152895
Gypaetus barbatus,1.23428019792227,25.6704306770812
Haliaeetus leucoryphus,1.00843552575357,37.5172691236285
Hemixos castanonotus,0.740549299994118,1.01308745654967
Ictinaetus malaiensis,0.657153482695291,164.594788807488
Locustella mandelli,0.558617238045031,30.6277345430185
Machlolophus xanthogenys,0.982953192294065,112.305077561971
Phoenicurus leucocephalus,0.738997479544751,26.7009369444594
Phoenicurus schisticeps,0.927309780455534,27.1324106629977
Phylloscopus affinis,0.679436604200305,10.9928765790505
Phylloscopus ricketti,0.649693172753109,100.793337709813
Pnoepyga immaculata,1.2620853564754,-117.11220676588
Prunella himalayana,0.0445780798158486,33.3267939627973
Prunella strophiata,0.859502782830352,46.6108505748385
Pyrrhula nipalensis,0.667514834009872,-38.3918113405775
Recurvirostra avosetta,0.194836013721858,-1.77051565266805
Rhodospiza obsoleta,1.22516218396584,-4.15871686304735
Spinus spinus,-0.0334280744371762,-6.70686905400487
Ceryle rudis,0.417054866006284,39.3060634149698
Chalcophaps indica,0.500320100629759,38.2762888504366
Ciconia episcopus,0.232999594267749,147.686033985896
Dicaeum cruentatum,-0.0110846729395604,77.4577737722018
Dicaeum minullum,0.065648441240441,6.93572225446155
Fregata ariel,0.160029096669704,129.549551911064
Fringilla montifringilla,1.30611313120516,13.5696406283375
Leptopoecile elegans,0.546939157507254,-14.9843827419436
Limnodromus semipalmatus,1.33401147929813,19.3382856964398
Limosa limosa,0.691927882649571,-6.07970501146343
Motacilla citreola,1.06456965083738,1.67841316000113
Muscicapa dauurica,0.716416952584413,-19.6422494528596
Otus spilocephalus,0.542412259810162,24.8187707212368
Paradoxornis gularis,-0.0280904828588255,-210.596737783168
Phylloscopus tenellipes,0.369339954809418,-70.2319869111977
Pitta nympha,0.450214948794931,-95.6418068822548
Pycnonotus jocosus,0.202382708741778,54.1321925727361
Pyrrhula erythaca,0.315205590207732,-98.3670849933965
Regulus regulus,1.30432058393515,16.143364253612
Spilornis cheela,0.243053672263823,48.3359460646741
Suthora conspicillata,0.329258910889879,87.1701105673637
Timalia pileata,-0.0445799788030605,91.4308189411743
Treron sieboldii,0.847417464989114,-6.00569173196193
Turdus mandarinus,0.623938173480851,-75.151931651369
Accipiter virgatus,0.309635561600729,-3.69712318301731
Calonectris leucomelas,0.0160809210782968,-31.7750895506662
Crex crex,0.40013010544628,16.8007556597166
Ficedula elisae,0.778661298621914,35.6367512781948
Heterophasia desgodinsi,0.348303888391648,-76.0162298642042
Hieraaetus pennatus,1.05943770517373,5.32739285866054
Neophron percnopterus,0.544398233543705,-4.98610720112765
Oenanthe deserti,0.776427548754405,3.90183883441755
Otus semitorques,0.739069367780208,70.7682016545842
Pardaliparus venustulus,0.322813038009625,63.0966637931284
Phylloscopus ogilviegranti,0.231375003619117,14.82680539176
Phylloscopus tephrocephalus,0.861874593739176,-36.2964842354267
Phylloscopus yunnanensis,0.0606283247452843,24.7377495418014
Turdus feae,0.950434322326659,84.0718133935002
Turdus pilaris,1.15081665429562,23.8861095519676
Accipiter gularis,0.486623770373477,102.570376271237
Ardenna pacifica,0.257135353754295,-78.7669693449084
Bombycilla japonica,0.870830324456839,67.9776188650239
Butastur indicus,0.901984754779734,122.536236087571
Cecropis daurica,0.547620807623821,64.5852153365305
Cephalopyrus flammiceps,0.532778597816418,13.43520315059
Emberiza leucocephalos,1.01271847357108,65.6290244547246
Emberiza siemsseni,0.995593777897743,28.4955881056443
Emberiza stewarti,1.22998012163647,47.3436305925432
Monticola gularis,0.197112910491538,119.801514209186
Muscicapa ferruginea,0.86474664182397,-37.1904330129567
Onychoprion anaethetus,0.574144381758316,-49.0506238805062
Perdix hodgsoniae,0.575417735462282,18.3311720501779
Phoenicurus ochruros,1.16847850101142,14.3370403717833
Phylloscopus coronatus,0.439472229838426,97.0917142882373
Phylloscopus soror,1.05008436153006,80.5992989894781
Porphyrio porphyrio,0.450815845545879,37.8471023657344
Rubigula flaviventris,0.267603120796672,70.5547096036237
Sittiparus varius,0.511103678081938,121.667354450331
Thalasseus bergii,0.200105229130148,6.38866969753644
Bubo nipalensis,0.698942076328461,-146.178916258458
Certhia himalayana,0.442469319743436,-63.4727745888364
Cyornis poliogenys,0.467351703791035,-525.925586694305
Emberiza pallasi,1.26346933236832,28.4722897304384
Emberiza pusilla,1.1683891795686,30.3549926579498
Emberiza yessoensis,0.630673978475565,30.0706961452371
Falco severus,0.362451281798396,-89.0401927728017
Hirundapus caudacutus,0.842723443712942,-37.7689672009942
Histrionicus histrionicus,1.34789738497457,30.3717007636825
Lalage melaschistos,0.566213135718787,-66.5604379831575
Larus ichthyaetus,0.428958413720435,-14.9982027316285
Leptoptilos javanicus,0.319168449221365,-150.881578244663
Nycticorax nycticorax,0.59803266468051,-8.92778875806653
Paradoxornis guttaticollis,0.562768762822746,-64.2352789795164
Parayuhina diademata,0.579944209047564,36.8066549479877
Pericrocotus ethologus,0.948908693296628,-50.0087929493767
Phylloscopus cantator,0.564815135282043,-91.3210777262145
Phylloscopus magnirostris,0.489911540813976,-71.6806505538998
Pteruthius xanthochlorus,0.632411442686265,-62.1687363515786
Sasia ochracea,0.378529557159034,-145.294085542145
Spodiopsar sericeus,0.861065589615654,133.339626480209
Turdus cardis,0.770734160663642,10.1157050442232
Accipiter soloensis,1.06757982321898,77.4731865629148
Aix galericulata,1.17746477524065,64.4638691684154
Artamus fuscus,0.525422837582712,16.26548678576
Circus spilonotus,1.64954249454466,-25.50654187848
Dendrocopos hyperythrus,0.673224254035917,-5.57888445735989
Dicrurus annectens,0.704762178175425,-76.3376946027249
Egretta garzetta,0.660237478761658,-24.6518312641905
Enicurus leschenaulti,0.640732908710692,-35.2281685601154
Hydrophasianus chirurgus,0.890580803391913,68.8478077915261
Ixobrychus eurhythmus,1.06877914836816,29.0198578082279
Megaceryle lugubris,0.8447873522684,-5.39349744739582
Muscicapa muttui,0.727624390531271,11.6112862431053
Niltava sundara,0.591324647309101,57.1342836122906
Passer hispaniolensis,1.49449036839515,35.212892685297
Phylloscopus proregulus,1.71086533376185,-23.9465492069014
Remiz consobrinus,1.28930482394172,52.7596737930597
Stachyris humei,0.28569265379423,-96.1272823713343
Alcippe morrisonia,0.766834928363448,153.362613731898
Anser fabalis,1.64897772155626,2.74058842503496
Ardeola grayii,0.864690562273623,6.08087549385277
Cacomantis merulinus,0.71631673619412,100.356612743687
Carpodacus roborowskii,0.888033020779917,-9.78526241463521
Dicaeum ignipectus,0.75712336539236,103.072854989176
Eudynamys scolopaceus,0.755600874882075,85.5195587421162
Ficedula erithacus,0.953795208045412,-13.3465047994744
Hierococcyx nisicolor,0.719851858072143,135.381448647789
Ixos mcclellandii,1.00744971165724,101.468570752111
Lophophanes dichrous,0.818039905617916,8.83281306743334
Macropygia unchall,0.81540261661698,97.0700097139402
Pomatorhinus schisticeps,0.768218433009064,50.7600173780952
Prinia atrogularis,0.646801529717008,-62.3156701001984
Prinia inornata,0.798863276151336,59.7748396997339
Psarisomus dalhousiae,0.782317145314242,44.5512331412572
Zoothera dixoni,0.717683838860067,7.56214248053709
Abroscopus albogularis,0.802423412425431,19.0219623802063
Acrocephalus bistrigiceps,1.31904785759974,28.6658165635168
Acrocephalus dumetorum,1.25320048154736,57.1345949997116
Aethopyga gouldiae,0.623862926318157,122.621242909429
Anthus richardi,1.45068158006093,3.78949861892806
Columba oenas,1.34558465315189,7.71807754161523
Cygnus cygnus,1.69363376882917,31.1734424195936
Emberiza buchanani,1.29900028082706,-28.3527265935926
Emberiza citrinella,1.14536829770186,44.3928564499453
Emberiza elegans,1.14111116242149,21.3076469349398
Ficedula albicilla,1.84971759845065,36.582674182623
Ficedula ruficauda,0.898458844846574,3.03446583138748
Ficedula strophiata,0.629329916907029,108.56680378648
Fringilla coelebs,1.72268365686414,43.4116465055341
Hydrocoloeus minutus,1.29917355291485,40.8454132535522
Lanius collurioides,0.43215419108261,192.884058068739
Lophura nycthemera,0.856858815489655,151.576137536216
Melanitta stejnegeri,1.94376552237916,22.3534011184954
Mergus serrator,1.64781307708869,30.2614177164279
Netta rufina,1.37597241855715,-1.49243537138521
Oriolus oriolus,1.2004277931631,17.7051895834674
Periparus rubidiventris,0.802614349937098,63.7600307121526
Phoenicurus frontalis,0.726243095064364,53.2468398476259
Pitta moluccensis,0.369623394809206,292.137734494493
Platalea minor,0.873871111824911,-115.547075881969
Podiceps auritus,1.01563449443778,18.8037743529967
Psilopogon virens,0.594094458151584,153.309404902897
Pterorhinus lanceolatus,0.67373896225743,79.1279550637494
Pterorhinus sannio,0.65807167656731,93.4346528438505
Sitta cinnamoventris,0.534365345165867,113.457999881226
Spizixos semitorques,0.883058447935144,26.7840151085644
Sula sula,0.451126088806117,89.2478114679573
Suthora fulvifrons,0.658213355271116,54.9954100179311
Urosphena squameiceps,0.720553269367892,-87.7549270646384
Anastomus oscitans,0.562450398626665,69.6860951498566
Aviceda jerdoni,0.57914870014352,87.8728688274314
Cettia brunnifrons,0.517860201635692,-41.3773081192176
Ciconia boyciana,1.06848120658927,69.7894377668462
Delichon dasypus,0.745265192787309,27.897908967771
Dendrocitta formosae,0.524924042321906,-6.39251936073765
Enicurus maculatus,0.836954919524491,-9.20138446580734
Eumyias thalassinus,0.754917985816507,8.22308871887503
Falco cherrug,0.856751490891871,22.3243890570798
Gavia arctica,1.5599909301928,21.5251944471765
Halcyon pileata,0.735201706042826,31.0254683682979
Hemiprocne coronata,0.319192406822449,-62.4362888324415
Heteroxenicus stellatus,0.44830913638404,-37.9524939758671
Ianthocincla lunulata,0.611783552201789,6.1882563097364
Melanochlora sultanea,0.588805450186193,-111.056520328139
Myiomela leucura,0.427006282774205,12.8511578654982
Niltava davidi,0.526637798810086,44.4556557393348
Pernis ptilorhynchus,0.614337252153312,26.142122058809
Phylloscopus claudiae,0.764642965915952,21.9214534330733
Psilopogon faber,0.497476984353646,-22.9118612575801
Pycnonotus xanthorrhous,0.745263166812523,-29.7755849459066
Spodiopsar cineraceus,0.907969349235875,47.9102963485293
Tarsiger indicus,0.443616645076592,13.1693647774783
Turdus rubrocanus,0.759575028304066,39.0997672937841
Ardea purpurea,0.852922170605925,41.9056952044334
Asarcornis scutulata,0.811004360277202,-269.385746752252
Caprimulgus macrurus,0.600220496232023,-158.372431027022
Dicrurus remifer,0.841384734565576,-223.194813378484
Elachura formosa,0.800583666440677,-206.937894140339
Erpornis zantholeuca,0.840716827261872,-167.130437705877
Erythrogenys hypoleucos,0.834142371362148,-205.821683041572
Ficedula mugimaki,1.39031153171784,17.9326844068733
Glareola lactea,0.60712845788424,42.4611584341799
Gorsachius melanolophus,0.883650732297745,-141.955716344946
Grus vipio,1.10308247989499,28.7894191883012
Ixobrychus cinnamomeus,0.813093985864562,-93.4918801774238
Lanius sphenocercus,1.25992482325812,62.2706275674463
Larus relictus,1.25000889922598,-4.0260450465548
Lophotriorchis kienerii,0.710435894353729,-176.472709751566
Mareca falcata,1.58517492615471,23.763270641152
Monticola solitarius,1.10954451936793,-9.90131147836166
Oxyura leucocephala,1.41805556359357,-3.27975492712596
Phylloscopus emeiensis,0.827708914166406,-39.5397120884488
Picus chlorolophus,0.744549376487385,-23.9070138799975
Pteruthius rufiventer,0.632080781733926,-160.979459097953
Saxicola ferreus,0.798791541134031,-63.159857929194
Sitta formosa,0.892270688813866,-267.214557685593
Sturnia sinensis,0.935569523563913,16.2592550833419
Turdus viscivorus,1.67350849350858,33.4105356912731
Vanellus indicus,0.736443549484431,61.3298707440381
Zosterops erythropleurus,1.09711105914503,85.5194835686512
Acrocephalus tangorum,1.41736505140962,62.2888235881583
Aegithalos caudatus,2.02528946726282,34.0190444993216
Aegithalos concinnus,1.0651307742108,20.9213079301082
Aquila fasciata,0.819688076110255,27.3487865969219
Cyornis glaucicomans,1.00535378644601,62.1902609187247
Ficedula superciliaris,0.510835329612577,25.2121750283142
Gallicrex cinerea,0.689940456717242,105.118578625992
Gelochelidon nilotica,1.31751788665757,-17.3735641603039
Harpactes wardi,0.617214036957524,-2.49677631692725
Hypothymis azurea,0.588943116479726,100.841505819713
Ixobrychus minutus,1.69863312813487,-11.7230584518837
Larvivora brunnea,0.535126524713374,27.4628239023841
Panurus biarmicus,1.57685161535948,24.9115601355141
Pericrocotus divaricatus,1.24532071870639,158.915202843998
Phoenicurus erythronotus,1.57709849163625,43.6327756889908
Pomatorhinus superciliaris,0.515776665456233,-14.454337660728
Tarsiger chrysaeus,0.744806919981085,13.061163897381
Tephrodornis virgatus,0.698292806962481,76.5839622632839
Anthus roseatus,1.02773031104502,38.5010005132369
Aquila heliaca,1.69510030071275,20.6134604017826
Calliope obscura,1.00413326299706,313.578896664994
Cettia castaneocoronata,0.852199741098753,-41.1424626194946
Chlidonias niger,1.10352727917273,-0.214294017672557
Ciconia nigra,1.22396555328392,29.0930752907752
Circaetus gallicus,1.50830659045659,14.9946744860826
Clamator jacobinus,0.490944611675026,23.6359580434454
Dendrocygna javanica,0.664758202567562,103.814458549238
Grus monacha,1.03169811917739,60.9805477423824
Gyps tenuirostris,0.55956777091729,-75.9923129818053
Hypsipetes leucocephalus,0.911297235288739,1.2764881812127
Melanitta fusca,0.531998897353383,29.6181741367162
Mycerobas carnipes,1.01399084074698,3.47040894727576
Phasianus colchicus,1.34694347322961,27.0671312380434
Sula dactylatra,0.381517682917131,5.61001534311367
Syrmaticus reevesii,1.01935528619157,220.148736640083
Tragopan temminckii,1.01520103300669,62.5385917733349
Turdus ruficollis,1.33788757511202,46.9943521790464
Carpodacus vinaceus,0.862051742814964,-22.5214658316521
Coracias garrulus,1.66252888604526,-12.5493236981623
Curruca curruca,1.80603701717583,17.9940456260167
Hirundo rustica,1.46575407109058,1.75776988976247
Iduna caligata,1.37368497734124,4.21083323319891
Indicator xanthonotus,0.581290469808772,-29.0834382837011
Lanius borealis,1.39988103097528,47.648167848262
Lanius isabellinus,1.11289206863703,-15.4255023877781
Moupinia poecilotis,0.781066349342945,-18.5023863694655
Phylloscopus pulcher,0.708216697955627,-7.40472007489132
Prinia flaviventris,0.616626333208963,146.823114913392
Prunella collaris,1.22486072243163,4.12477347438454
Rallus aquaticus,1.75324407049414,8.95161391586652
Remiz coronatus,1.58126381842314,3.58310443854225
Staphida torqueola,0.769966856610868,-26.5977298057965
Syrmaticus humiae,0.564565432525029,-23.6776004947278
Temnurus temnurus,0.293501949218474,83.9150780012954
Tragopan caboti,0.899581740294053,36.3577484897812
Acridotheres cristatellus,1.28502539622834,16.1499950255568
Acrocephalus agricola,2.24565052573472,5.09589739063483
Agropsar sturninus,1.35308191709383,21.7948767354617
Alauda gulgula,1.09307724691753,29.9414213583279
Circus macrourus,2.19732557974892,35.0333602173413
Clanga clanga,1.92293257350679,34.7285820171671
Cyanistes cyanus,1.85696106920423,22.634388913925
Cyornis hainanus,1.07702645110376,16.8869620883543
Emberiza hortulana,1.97806707137126,47.4856126114212
Grus nigricollis,0.931344605441235,2.83034270746643
Ibidorhyncha struthersii,1.36150674567799,-3.03994342342736
Linaria cannabina,1.98326520712306,45.5635756952308
Merops philippinus,0.763592606571873,33.4606480796113
Niltava macgrigoriae,1.11366973242565,-35.6676678115591
Ninox japonica,1.41206768504805,37.4919880556764
Pericrocotus cantonensis,1.28710948118075,26.5034266725211
Phylloscopus omeiensis,1.22270420414869,41.2688704219455
Phylloscopus subaffinis,1.2179477701794,13.292213955604
Pseudopodoces humilis,1.00487483907891,3.50005010373638
Spilopelia senegalensis,1.02671381367126,32.7193715358625
Sturnia pagodarum,0.46092902172327,84.3225045884819
Treron curvirostra,0.902548418267109,24.1899347035351
Treron sphenurus,1.08569987582469,-12.9812064365187
Turnix suscitator,0.802209947672171,29.6801847412626
Acrocephalus orientalis,1.65525448407043,91.5003155301396
Alaudala cheleensis,1.69381419878287,48.249645765329
Anhinga melanogaster,0.93395436114838,171.762800214235
Anthus trivialis,2.13388809551252,42.451181355557
Calandrella brachydactyla,1.83752907841162,7.39690797407411
Certhia familiaris,1.92851873889306,35.8824267464116
Charadrius atrifrons,1.33146795003388,22.7452181194618
Charadrius dealbatus,1.28784395506474,198.368066409468
Crossoptilon mantchuricum,1.8589308724649,38.1186198150762
Emberiza rustica,2.0643897719473,36.5535583265209
Enicurus schistaceus,1.2253997780188,33.8365033924354
Geokichla wardii,0.928241495402801,-45.0514029149324
Grus japonensis,1.30738221126903,97.8703709530483
Helopsaltes certhiola,1.90007005453437,43.1770287690567
Hemitesia pallidipes,1.10258228478207,-48.7063653631751
Ketupa flavipes,1.38484498552177,69.3666180588955
Larus brunnicephalus,1.57968146469263,14.0934669275412
Lophura leucomelanos,1.00827616430206,-86.1215638574654
Loxia curvirostra,1.85733626697455,22.942636378537
Nipponia nippon,1.47750619741587,-132.105773925781
Oenanthe oenanthe,2.05506458889107,34.7708846151728
Otus lettia,1.25223274222823,53.3125980063921
Pelecanus crispus,1.64784443120525,63.5081686975537
Ptyonoprogne rupestris,1.74952768795745,12.6050239391947
Remiz pendulinus,2.07142153695054,0.639005719803208
Suthora webbiana,1.60538401804989,92.2473383688057
Urile pelagicus,1.08287004448946,10.7156401561197
Zosterops meyeni,1.24407172867648,471.182664689092
