species,centroid_lon,centroid_lat
Accipiter badius,95.4954667438299,34.9109515670697
Accipiter soloensis,110.617564154199,30.082204069779
Accipiter trivirgatus,103.059862866445,30.1183148055148
Accipiter virgatus,110.358343106803,17.7878288549739
Aquila fasciata,117.683248517012,35.9766250134939
Aquila heliaca,102.441079849356,35.3614976980126
Aviceda jerdoni,106.1040322922,27.6172083049529
Aviceda leuphotes,104.027534446149,30.9305874200139
Butastur indicus,95.6898827433522,34.3143379249755
Circaetus gallicus,99.5714093352385,35.1896614010944
Circus aeruginosus,,
Circus macrourus,113.696736706079,30.1401757747978
Circus spilonotus,,
Clanga clanga,93.8985219134204,37.2380139757355
Elanus caeruleus,110.989529409804,30.2426800413865
Gypaetus barbatus,95.5333665250675,36.7111614935999
Gyps himalayensis,92.378713668353,35.5235410655364
Gyps tenuirostris,,
Haliaeetus pelagicus,121.469264939024,31.2045240127431
Haliastur indus,102.288511316231,29.8435872046141
Hieraaetus pennatus,98.7329457199565,38.0378408550013
Ictinaetus malaiensis,100.295800047307,31.0337509238331
Lophotriorchis kienerii,103.194005491059,25.0088414547876
Nisaetus nipalensis,108.396086849793,29.9348804967107
Spilornis cheela,125.337700535981,44.0660546243762
Aix galericulata,90.9801283319071,35.1756468078951
Anas carolinensis,,
Anser albifrons,114.537796467178,32.9120371169596
Anser caerulescens,116.815221581547,34.6660395614672
Anser erythropus,113.47382777924,27.6208006930459
Anser fabalis,91.2366525867244,38.9305563963654
Anser indicus,94.397547678229,35.6578125382228
Asarcornis scutulata,,
Aythya nyroca,97.2093699310782,34.5047130288728
Branta bernicla,117.560868831817,35.7662163816721
Branta canadensis,118.977476315303,33.0438160070797
Branta hutchinsii,115.537759942068,32.8639495037472
Branta leucopsis,112.895345772038,32.3492506899504
Branta ruficollis,100.512634529996,36.2876300674896
Clangula hyemalis,103.758098659213,37.0495139270953
Cygnus columbianus,,
Cygnus cygnus,95.9233929131041,41.2389256061768
Cygnus olor,92.3638997591095,39.1982773329948
Dendrocygna javanica,114.01494348869,25.6286747115874
Histrionicus histrionicus,119.436165071957,40.257531325644
Mareca falcata,98.1880198185964,36.5743013289442
Melanitta fusca,90.4259505576905,39.257484332787
Melanitta stejnegeri,105.265708865592,37.1795405886176
Mergus serrator,101.020261411734,38.1040981808854
Netta rufina,97.6805371839738,34.6272030854704
Oxyura leucocephala,90.493600014847,39.9367486496736
Sibirionetta formosa,116.070849383812,29.7904458653378
Gracupica nigricollis,109.561113071865,28.3596888720677
Hirundapus caudacutus,103.031709247497,35.2046414862726
Caprimulgus macrurus,102.391560305846,24.3360217071678
Hemiprocne coronata,106.846087408568,28.2861182640655
Brachyramphus perdix,123.952123127554,42.0389438747044
Charadrius atrifrons,94.5715601006362,34.9091683040137
Charadrius dealbatus,112.750289553773,23.8153930542495
Charadrius hiaticula,94.3706466364977,38.5398505950396
Charadrius mongolus,100.906638252399,36.3916238409171
Charadrius veredus,126.503982168551,46.1836274966835
Pluvialis apricaria,116.10797890559,39.517045306238
Glareola lactea,94.5951579598284,29.3928454117568
Hydrophasianus chirurgus,114.669555189586,35.7081037825284
Anous stolidus,116.817470268908,26.4221061308868
Chlidonias leucopterus,91.5852641060002,42.1187795447849
Chlidonias niger,97.7920631861007,38.3734853629608
Larus brunnicephalus,96.8031294159964,32.0197171009299
Larus genei,97.5778781882593,35.2218925356609
Gelochelidon nilotica,101.495304366617,35.3234567681927
Gygis alba,112.815080342145,22.3340139116534
Hydrocoloeus minutus,98.4167144640521,39.7069389052881
Hydroprogne caspia,103.908547786846,35.0966936363978
Larus ichthyaetus,95.0738246664799,35.6753381434723
Larus relictus,99.9880770454011,37.817726847497
Larus fuscus,95.7600045074015,34.345151222624
Larus glaucescens,121.005477874547,36.6985187013734
Larus hyperboreus,101.812625418596,35.8975581367998
Onychoprion aleuticus,116.505804895559,28.2170925259696
Onychoprion anaethetus,113.761292401642,24.6284212636411
Onychoprion fuscatus,115.816294087627,34.156957132397
Rissa tridactyla,104.063040421,36.4329259622137
Thalasseus bengalensis,116.203072417695,29.0622119415673
Thalasseus bergii,120.098919260137,29.1817600115059
Recurvirostra avosetta,88.5581841305189,31.5582032448636
Calidris acuminata,100.62165161429,39.9613362534928
Calidris alba,120.973371588975,23.7519935426755
Calidris alpina,97.1696001845122,37.5115360188936
Calidris falcinellus,100.792831423459,40.3985147029781
Calidris melanotos,100.792474092392,35.9961455100276
Calidris minuta,101.044331360854,35.8314808839813
Calidris pugnax,98.677197903998,35.1374751259908
Calidris pygmaea,,
Calidris subminuta,101.226927242505,34.1460984811193
Calidris tenuirostris,115.996047538215,31.9334232570082
Limnodromus scolopaceus,100.458244389844,38.3501077710032
Limnodromus semipalmatus,103.278786390228,38.7126971070547
Limosa lapponica,103.125158043513,38.0242976398462
Limosa limosa,120.973371588975,23.7519935426755
Numenius madagascariensis,116.580517741968,39.9772369085206
Numenius minutus,95.2942548396781,38.3215953978633
Numenius phaeopus,101.49400402436,24.9754203509886
Phalaropus fulicarius,97.6881980503185,39.5434198048299
Phalaropus lobatus,101.62391971963,35.5727902200889
Tringa brevipes,115.242267121651,20.7784530744411
Tringa guttifer,,
Stercorarius parasiticus,97.6458917677323,35.0230537795515
Stercorarius pomarinus,107.194420070469,32.5022279061987
Turnix suscitator,110.230051154301,25.6502972842435
Anastomus oscitans,106.317834091094,30.5457559056026
Ciconia boyciana,118.197743999711,37.0894634154541
Ciconia nigra,108.303741095238,38.1754050492318
Leptoptilos javanicus,106.268732973994,25.997864841374
Chalcophaps indica,108.654373591216,26.9093070211582
Columba oenas,,
Geopelia striata,120.973371588975,23.7519935426755
Macropygia unchall,107.644555837383,27.9013884310448
Spilopelia chinensis,,
Spilopelia senegalensis,,
Streptopelia decaocto,101.078076599286,39.7582572662944
Treron curvirostra,104.68979212019,24.1996594492477
Treron sieboldii,118.639452570133,29.2277888320671
Treron sphenurus,97.1590528213344,29.918501220134
Alcedo hercules,92.382915387529,29.8534304410039
Ceryle rudis,111.020502715836,28.1665699385923
Halcyon coromanda,109.273284305742,31.3202094581847
Halcyon smyrnensis,110.431213995394,26.5878740894106
Megaceryle lugubris,98.2970930305829,43.588367554417
Todiramphus chloris,,
Coracias garrulus,88.5581841305189,31.5582032448636
Merops philippinus,108.459958400917,24.4002639857161
Cacomantis merulinus,101.594915832523,28.9746442087247
Centropus bengalensis,111.185361802007,28.1803772837218
Clamator coromandus,97.7328331067305,32.6703765373133
Clamator jacobinus,,
Eudynamys scolopaceus,105.203044020299,31.7273748455161
Hierococcyx nisicolor,109.239911902221,27.6383895191864
Falco cherrug,91.3194229068475,36.3611757808119
Falco severus,104.68979212019,24.1996594492477
Chrysolophus pictus,103.826614251193,31.8319225161071
Crossoptilon mantchuricum,110.552837083709,36.3788781710745
Lophura nycthemera,114.895168004105,28.7255175046209
Perdix hodgsoniae,91.3194229068475,36.3611757808119
Syrmaticus reevesii,106.584848110395,32.2670816096185
Gavia adamsii,108.780145574058,32.2752009763089
Gavia arctica,101.1636910628,38.4328455486682
Gavia pacifica,122.442960324564,42.2833264809443
Gavia stellata,,
Grus canadensis,121.926031172961,40.7013765659621
Grus vipio,105.210896861436,39.4316770118868
Grus japonensis,110.172847510256,28.850182122904
Grus monacha,127.382193934577,46.5438823268767
Grus nigricollis,92.8017882291022,35.2249024156133
Anthropoides virgo,99.0985049469097,36.9716555277682
Leucogeranus leucogeranus,118.918245927385,37.4889359030159
Amaurornis phoenicurus,105.826167403891,32.2407841721546
Coturnicops exquisitus,110.866888469277,31.4536391356319
Crex crex,86.6170262806194,37.0301081755345
Gallicrex cinerea,110.525555262605,31.9926958151423
Amaurornis cinerea,105.605050998318,28.2827921990085
Porphyrio porphyrio,106.537497573045,27.7530939170755
Rallina eurizonoides,109.720010985786,27.283147150871
Rallina fasciata,,
Rallus aquaticus,96.6895063042387,38.0526916409747
Zapornia bicolor,97.9474612618769,29.2401186100198
Tetrax tetrax,91.7064992095435,38.7624797658365
Acrocephalus bistrigiceps,112.796047529775,30.2106506331141
Acrocephalus concinens,109.280331710268,29.6475395271511
Acrocephalus dumetorum,89.0612412638023,39.3636588975095
Acrocephalus orientalis,85.9447572596377,40.7887555254391
Acrocephalus tangorum,120.007279583341,38.5927433611734
Iduna caligata,93.0428674688222,37.9805305228454
Aegithalos bonvaloti,95.4040876249329,30.0984353311246
Aegithalos caudatus,99.358292154929,43.6063635988447
Aegithalos concinnus,108.857998071773,37.4238939912452
Aegithalos fuliginosus,104.747564674528,33.742918161213
Leptopoecile elegans,94.640574750026,33.5156560029079
Alaudala cheleensis,93.0366064257266,36.1098689988502
Alaudala heinei,,
Calandrella brachydactyla,97.2004706568679,37.4459716841954
Galerida cristata,93.781865688307,36.4726743395057
Alcippe morrisonia,105.089424246549,29.8151539095426
Artamus fuscus,98.4901426874439,28.7422463651889
Bombycilla japonica,106.499792166522,34.0068903314021
Plectrophenax nivalis,97.8167296952337,43.6338222662519
Coracina javensis,111.449932889651,26.6455215826802
Lalage melaschistos,93.0434326558193,29.8006965500648
Pericrocotus divaricatus,124.619953497361,42.6342828983726
Pericrocotus ethologus,101.077690093491,31.5454786563278
Pericrocotus solaris,117.37528389728,28.2313292118784
Certhia familiaris,88.0157743292953,40.9701428243263
Certhia himalayana,93.0345825388191,35.191414918882
Certhia tianquanensis,,
Cisticola exilis,,
Cisticola juncidis,108.459958400917,24.4002639857161
Prinia atrogularis,98.8543606871293,29.1766095619044
Prinia flaviventris,102.208772753238,30.3926523905698
Prinia inornata,109.447371367369,27.8786659812382
Prinia rufescens,96.9097652132546,28.9039882901938
Prinia superciliaris,101.623157774631,31.591123169462
Dendrocitta formosae,,
Podoces biddulphi,,
Temnurus temnurus,110.358343106803,17.7878288549739
Dicaeum ignipectus,108.263337544317,30.4852773599737
Dicrurus annectens,109.023256309757,22.967289178171
Dicrurus hottentottus,102.107304191545,35.1291819333781
Dicrurus remifer,,
Elachura formosa,106.648928160389,28.7420152596875
Emberiza buchanani,,
Emberiza chrysophrys,,
Emberiza citrinella,95.6243360420301,43.3593599512445
Emberiza elegans,115.45838051481,37.2074748282482
Emberiza godlewskii,99.7985749976619,34.2033549422612
Emberiza leucocephalos,,
Emberiza melanocephala,87.6986131507783,40.3048864729128
Emberiza rustica,110.086369821349,31.753421020585
Emberiza siemsseni,109.569345518807,31.189348178011
Emberiza sulphurata,119.046073744627,28.5485705352273
Emberiza yessoensis,120.688913113298,36.7870991015576
Lonchura striata,106.411737089355,26.9908421329877
Psarisomus dalhousiae,108.782270335874,23.8334065276383
Acanthis flammea,86.5807966956308,40.7282787191326
Bucanetes mongolicus,95.3846302246352,38.9822432071572
Carduelis caniceps,88.3835993151076,40.5396218293743
Carpodacus roborowskii,88.5581841305189,31.5582032448636
Chloris ambigua,95.5451481361918,31.4236657858828
Fringilla coelebs,101.417512069318,38.1374674959712
Loxia curvirostra,93.1552010078826,36.3394724882796
Mycerobas affinis,96.6598062357499,32.0260126285616
Pyrrhula nipalensis,100.715776288554,29.3799831014187
Pyrrhula pyrrhula,102.019543105289,42.5081347473633
Rhodospiza obsoleta,90.7122221105902,39.3304521464076
Cecropis striolata,105.224693902605,24.6190239753568
Delichon dasypus,104.099640438847,33.2418956859783
Hirundo smithii,,
Ptyonoprogne rupestris,,
Lanius borealis,101.421962155504,37.8116332431497
Lanius collurioides,105.68494527166,25.1300996051982
Lanius isabellinus,95.3015702925478,41.0554577097911
Lanius schach,113.151633391339,26.0254304502214
Lanius sphenocercus,112.928881034762,24.229229165747
Lanius tephronotus,94.321784368713,35.0438056875098
Cutia nipalensis,,
Garrulax canorus,103.508690146223,37.0386635419122
Garrulax maesi,104.296285427378,24.5982032845435
Garrulax monileger,102.80480854789,29.376440389482
Heterophasia desgodinsi,97.9571583596853,29.4925501507148
Ianthocincla lunulata,104.696991039151,33.6104548389267
Pterorhinus berthemyi,,
Pterorhinus lanceolatus,103.706928587162,30.8506372475172
Pterorhinus pectoralis,,
Pterorhinus sannio,108.020864091773,29.5574950766969
Helopsaltes certhiola,96.0325273766957,35.6801724804942
Helopsaltes ochotensis,117.973352930441,31.497476573835
Helopsaltes pleskei,116.234691877332,26.6629167495884
Helopsaltes pryeri,115.707928146737,27.6052429949483
Locustella davidi,110.994155736811,36.8566735445956
Locustella mandelli,108.091619855477,28.3166262861054
Hypothymis azurea,109.132582024981,25.1477789413389
Anthus godlewskii,94.3693968510723,36.5832290176491
Anthus gustavi,123.469870990261,41.6826198388699
Anthus richardi,,
Anthus roseatus,100.61455651776,32.9390507489254
Anthus trivialis,121.469264939024,31.2045240127431
Motacilla citreola,104.27120336406,35.2306562638727
Calliope obscura,102.683386430459,31.9021742440669
Copsychus saularis,103.160657880221,25.5841272184024
Cyornis glaucicomans,108.185692790533,29.1123796518729
Cyornis hainanus,106.61063938387,24.5523227762617
Cyornis poliogenys,91.8659774985578,30.1121524046297
Cyornis rubeculoides,98.8191872801987,30.1687691126507
Enicurus maculatus,101.826483977569,29.2684200209982
Enicurus schistaceus,108.904482794319,28.3091737487902
Erithacus rubecula,91.6049670462552,40.1714781759893
Eumyias thalassinus,101.704914661404,30.0147260809935
Ficedula albicilla,,
Ficedula elisae,112.437152687571,31.3596991853872
Ficedula erithacus,98.070329342936,32.8953307406577
Ficedula hyperythra,98.6266536191536,29.5589500307112
Ficedula mugimaki,105.409556849436,37.2132647121877
Ficedula narcissina,,
Ficedula owstoni,116.513970126,25.8077404992959
Ficedula parva,96.4312564664961,37.730423944669
Ficedula strophiata,88.5581841305189,31.5582032448636
Ficedula superciliaris,103.619780413441,27.2614179166144
Ficedula tricolor,97.5104815262523,31.7411247612821
Heteroxenicus stellatus,94.3919563319863,30.3222992692073
Larvivora akahige,115.224052871288,29.1745181636951
Larvivora brunnea,95.6250281343972,30.8291744782063
Larvivora cyane,104.100780002891,33.2458525488027
Monticola gularis,113.338267928402,34.8345132487141
Monticola rufiventris,100.509554063132,29.2477410104179
Monticola solitarius,,
Muscicapa dauurica,113.857012378096,37.959501554768
Muscicapa ferruginea,101.363082715076,30.4825326551108
Muscicapa muttui,106.661905775289,29.2458675180867
Myiomela leucura,113.961413829356,22.5746993883716
Niltava davidi,107.420816442843,27.9711859357751
Niltava grandis,91.8659774985578,30.1121524046297
Niltava macgrigoriae,,
Niltava sundara,97.5711773919322,30.6771152508498
Oenanthe deserti,92.5549343763774,36.3076354786003
Oenanthe oenanthe,120.388804978606,27.9529358031499
Phoenicurus erythronotus,,
Phoenicurus frontalis,100.484345771197,32.091656401361
Phoenicurus leucocephalus,97.5885573688777,32.7717906591773
Phoenicurus ochruros,97.9312577572526,34.7750290140592
Phoenicurus schisticeps,104.54876519955,33.9638684428899
Saxicola ferreus,116.131935315057,39.5706255886914
Tarsiger chrysaeus,97.4371230874551,32.0558883359689
Tarsiger indicus,94.8797728479051,30.2644683038288
Aethopyga christinae,108.618115371316,27.552267698526
Aethopyga gouldiae,105.089424246549,29.8151539095426
Oriolus oriolus,86.6170262806194,37.0301081755345
Panurus biarmicus,98.5436086959465,41.0162307005215
Moupinia poecilotis,,
Paradoxornis guttaticollis,107.922732585063,29.8442836213686
Paradoxornis heudei,120.014448404695,38.3795119256702
Paradoxornis gularis,110.911452043283,30.7162538982822
Suthora alphonsiana,,
Suthora przewalskii,101.870177838313,34.0165916982847
Suthora webbiana,108.174015927893,30.0881537925244
Suthora fulvifrons,96.3863559871865,31.9549938841054
Cephalopyrus flammiceps,97.7731071678229,30.1889422546343
Cyanistes cyanus,105.496186999914,40.3892391901323
Melanochlora sultanea,108.091514096946,25.6285104769296
Pardaliparus venustulus,111.53192392812,33.879550070555
Parus major,84.999146142582,41.0398271437856
Parus monticolus,104.903685170479,31.163184067691
Sittiparus varius,121.603983468987,37.8522188959896
Sylviparus modestus,,
Passer cinnamomeus,103.751757417858,32.100179751856
Passer domesticus,97.9844642399294,35.5021122377294
Passer hispaniolensis,87.4712687205392,40.961651612229
Pellorneum albiventre,94.1946022690239,29.4496209225316
Pellorneum tickelli,,
Phylloscopus affinis,93.7904980009261,35.2195874512647
Phylloscopus borealoides,115.159888488105,28.7492297040718
Phylloscopus burkii,104.635223177122,30.5374135148211
Phylloscopus cantator,91.8659774985578,30.1121524046297
Phylloscopus castaniceps,104.204056068447,32.3663101462451
Phylloscopus claudiae,104.510415598397,30.4511424425805
Phylloscopus collybita,95.9471032347615,36.0324522230232
Phylloscopus emeiensis,102.950914996472,27.9360947576217
Phylloscopus humei,114.432306768752,38.7065852424095
Phylloscopus intermedius,101.590445248682,29.4008126438487
Phylloscopus maculipennis,,
Phylloscopus magnirostris,96.4715367588144,32.4967730494885
Phylloscopus ogilviegranti,105.777493516362,27.9565162139482
Phylloscopus omeiensis,103.138689422114,34.2552954800302
Phylloscopus pulcher,95.5379330495279,32.5200925129806
Phylloscopus ricketti,107.472264592213,29.1714739817125
Phylloscopus sibilatrix,88.6245552412784,35.7059614719898
Phylloscopus soror,109.415484613438,30.0484678266725
Phylloscopus tenellipes,117.106559445778,36.2716622786622
Phylloscopus tephrocephalus,104.638934467959,29.779952347925
Phylloscopus valentini,108.319174387173,29.9524444231678
Phylloscopus yunnanensis,102.984543470184,32.4340854329188
Pitta moluccensis,106.992949102931,24.3969591618518
Pitta nympha,110.999945719038,31.0801035570119
Pitta sordida,91.8659774985578,30.1121524046297
Prunella collaris,103.531490290256,36.5050926751325
Prunella himalayana,86.6170262806194,37.0301081755345
Prunella immaculata,95.5379330495279,32.5200925129806
Prunella montanella,100.582470640582,37.2052072128403
Prunella strophiata,97.6424417873072,32.4279965647009
Hemixos castanonotus,116.02207480322,30.748582091515
Hypsipetes leucocephalus,108.157576427917,28.7368121881086
Ixos mcclellandii,108.610971682245,29.8913583585007
Pycnonotus jocosus,109.869105637901,25.7820752517914
Pycnonotus sinensis,108.566480267763,32.410547106766
Pycnonotus xanthorrhous,110.991107308323,34.6070275810452
Spizixos semitorques,108.973658943884,30.4995285560815
Regulus regulus,116.034852416102,32.892272634422
Remiz consobrinus,110.647276611907,30.9049122575511
Remiz coronatus,106.159698266387,37.2604621286117
Abroscopus albogularis,103.691990288287,30.6484070804526
Cettia brunnifrons,94.3919563319863,30.3222992692073
Cettia castaneocoronata,96.7593751479926,29.576361460397
Hemitesia pallidipes,107.92362258791,24.9987376830454
Phyllergates cucullatus,104.296285427378,24.5982032845435
Urosphena squameiceps,120.973371588975,23.7519935426755
Sitta cinnamoventris,,
Sitta formosa,,
Sitta villosa,,
Acridotheres tristis,96.7400555089436,35.4436219726596
Agropsar sturninus,,
Spodiopsar cineraceus,97.8226768669762,36.5305812350089
Spodiopsar sericeus,110.304796942583,29.6828231780126
Sturnia pagodarum,91.8659774985578,30.1121524046297
Sturnia sinensis,112.680185264852,26.5070413190903
Sturnus vulgaris,99.7889397197297,37.1297703514753
Curruca communis,88.4678502182582,39.5326360678478
Curruca curruca,96.4031163656075,34.994304100223
Cyanoderma rufifrons,,
Mixornis gularis,,
Stachyris humei,,
Geokichla citrina,112.05586272455,26.9418365556327
Otocichla mupinensis,105.918195109447,32.51038112854
Turdus boulboul,98.805385235213,33.6836509755745
Turdus cardis,,
Turdus feae,,
Turdus mandarinus,101.421962155504,37.8116332431497
Turdus pilaris,90.5642497735499,39.3714893805395
Turdus rubrocanus,100.403988911354,32.3134056800866
Turdus ruficollis,,
Turdus viscivorus,,
Zoothera dixoni,98.315868387615,30.6434523682888
Zoothera mollissima,97.0188484231526,30.3857362134418
Zoothera monticola,,
Tephrodornis virgatus,108.79805703406,25.1679891233783
Erpornis zantholeuca,112.934954901096,25.4969896808566
Pteruthius rufiventer,,
Pteruthius xanthochlorus,106.558528445039,30.7890474503649
Staphida castaniceps,110.193535450647,29.0166057312052
Staphida torqueola,113.614543522147,33.8767640524588
Yuhina nigrimenta,101.016665300871,29.9753890002382
Zosterops erythropleurus,98.2383990847904,34.3773486824843
Zosterops japonicus,120.03271344206,30.0129596586707
Ardea intermedia,104.527936174004,31.2038213408215
Ardeola bacchus,108.160557518131,32.3432660681124
Ardeola grayii,89.0332506591,35.6257723765613
Ardeola speciosa,119.741378045336,28.9323700346686
Bubulcus ibis,116.40866614672,40.1838492440431
Egretta eulophotes,,
Egretta garzetta,99.5634764889043,31.5473507618899
Egretta picata,120.973371588975,23.7519935426755
Gorsachius goisagi,113.935090825943,29.0630584175644
Gorsachius melanolophus,107.15759806143,24.1001032801751
Oroanassa magnifica,109.068316200507,27.5585110388173
Ixobrychus cinnamomeus,111.021761246577,30.5304875581667
Ixobrychus eurhythmus,91.5523453375791,38.6680957412245
Ixobrychus minutus,88.6676494334673,38.1772185464338
Nycticorax nycticorax,,
Mycteria leucocephala,106.997958507306,28.7825642273763
Pelecanus crispus,102.346574147145,36.157016427893
Pelecanus onocrotalus,94.6991673258575,37.4714874259784
Nipponia nippon,108.844485995849,35.1538808912007
Platalea minor,120.973371588975,23.7519935426755
Plegadis falcinellus,99.1296672420202,33.9242515630145
Phoenicopterus roseus,100.076959371616,36.4838270325027
Indicator xanthonotus,91.8659774985578,30.1121524046297
Psilopogon faber,112.987071850568,24.6654344724554
Psilopogon faiostrictus,110.775313125676,23.643223390544
Psilopogon virens,102.970021484715,29.5505900261963
Dendrocopos hyperythrus,102.146058447215,28.1456231634784
Picumnus innominatus,108.762336952187,30.3728161932732
Picus chlorolophus,112.854656119213,25.0840944682033
Sasia ochracea,95.3397848686,29.2755367126628
Podiceps auritus,103.938691083743,38.0844723975886
Podiceps grisegena,121.540561995062,39.0488563878691
Podiceps nigricollis,100.759969682875,38.5336136871519
Oceanites oceanicus,118.690181332233,35.006705447258
Ardenna pacifica,117.039887277328,24.3121966114169
Ardenna tenuirostris,117.055982326721,32.3979808311756
Bulweria bulwerii,116.234114055663,24.9332720410979
Calonectris leucomelas,116.870869184316,28.8072326652212
Syrrhaptes paradoxus,91.9378796769264,39.3429970383986
Asio flammeus,,
Athene noctua,96.4114364812737,31.7768251851671
Bubo nipalensis,104.277702413699,26.9303333479648
Glaucidium cuculoides,103.505854725214,30.6551164949847
Ketupa flavipes,109.759994250365,28.8092806428821
Ninox japonica,120.262000599953,38.7176947364623
Otus lettia,109.918652873283,28.6792372892645
Otus semitorques,115.45429947539,40.5116162866163
Otus spilocephalus,100.948789546604,29.0516705043268
Tyto alba,105.137671547884,24.7560464415932
Tyto longimembris,110.4202409275,26.4780562606088
Fregata andrewsi,110.775313125676,23.643223390544
Fregata ariel,115.960175222176,29.3794653532126
Urile pelagicus,,
Sula dactylatra,119.22815458596,26.9940139719923
Sula sula,115.78781208404,29.7248244086132
Harpactes wardi,,
