"species","species_cn","english_name","order","iucn","n_event_records","tree_label_direct","target_tree_label","bridge_type","bridge_note","tree_label_final","exact_match","bridged_match","unresolved","match_status"
"Accipiter badius","褐耳鹰","Accipiter badius","Accipitriformes","LC",1,"Accipiter_badius",NA,NA,NA,"Accipiter_badius",TRUE,FALSE,FALSE,"Exact match"
"Accipiter gularis","日本松雀鹰","Japanese Sparrowhawk","Accipitriformes","LC",1,"Accipiter_gularis",NA,NA,NA,"Accipiter_gularis",TRUE,FALSE,FALSE,"Exact match"
"Accipiter soloensis","赤腹鹰","Chinese Sparrowhawk","Accipitriformes","LC",3,"Accipiter_soloensis",NA,NA,NA,"Accipiter_soloensis",TRUE,FALSE,FALSE,"Exact match"
"Accipiter trivirgatus","凤头鹰","Crested Goshawk","Accipitriformes","LC",7,"Accipiter_trivirgatus",NA,NA,NA,"Accipiter_trivirgatus",TRUE,FALSE,FALSE,"Exact match"
"Accipiter virgatus","松雀鹰","Besra","Accipitriformes","LC",1,"Accipiter_virgatus",NA,NA,NA,"Accipiter_virgatus",TRUE,FALSE,FALSE,"Exact match"
"Aquila fasciata","白腹隼雕","Bonelli's Eagle","Accipitriformes","LC",2,"Aquila_fasciata",NA,NA,NA,"Aquila_fasciata",TRUE,FALSE,FALSE,"Exact match"
"Aquila heliaca","白肩雕","Eastern Imperial Eagle","Accipitriformes","VU",2,"Aquila_heliaca",NA,NA,NA,"Aquila_heliaca",TRUE,FALSE,FALSE,"Exact match"
"Aviceda jerdoni","褐冠鹃隼","Jerdon's Baza","Accipitriformes","LC",2,"Aviceda_jerdoni",NA,NA,NA,"Aviceda_jerdoni",TRUE,FALSE,FALSE,"Exact match"
"Aviceda leuphotes","黑冠鹃隼","Black Baza","Accipitriformes","LC",4,"Aviceda_leuphotes",NA,NA,NA,"Aviceda_leuphotes",TRUE,FALSE,FALSE,"Exact match"
"Butastur indicus","灰脸鵟鹰","Grey-faced Buzzard","Accipitriformes","LC",2,"Butastur_indicus",NA,NA,NA,"Butastur_indicus",TRUE,FALSE,FALSE,"Exact match"
"Circaetus gallicus","短趾雕","Short-toed Snake-eagle","Accipitriformes","LC",3,"Circaetus_gallicus",NA,NA,NA,"Circaetus_gallicus",TRUE,FALSE,FALSE,"Exact match"
"Circus aeruginosus","白头鹞","Western Marsh Harrier","Accipitriformes","LC",2,"Circus_aeruginosus",NA,NA,NA,"Circus_aeruginosus",TRUE,FALSE,FALSE,"Exact match"
"Circus macrourus","草原鹞","Pallid Harrier","Accipitriformes","NT",1,"Circus_macrourus",NA,NA,NA,"Circus_macrourus",TRUE,FALSE,FALSE,"Exact match"
"Circus spilonotus","白腹鹞","Eastern Marsh-harrier","Accipitriformes","LC",1,"Circus_spilonotus",NA,NA,NA,"Circus_spilonotus",TRUE,FALSE,FALSE,"Exact match"
"Clanga clanga","乌雕","Greater Spotted Eagle","Accipitriformes","VU",1,"Clanga_clanga",NA,NA,NA,"Clanga_clanga",TRUE,FALSE,FALSE,"Exact match"
"Elanus caeruleus","黑翅鸢","Black-winged Kite","Accipitriformes","LC",8,"Elanus_caeruleus",NA,NA,NA,"Elanus_caeruleus",TRUE,FALSE,FALSE,"Exact match"
"Gypaetus barbatus","胡兀鹫","Bearded Vulture","Accipitriformes","NT",2,"Gypaetus_barbatus",NA,NA,NA,"Gypaetus_barbatus",TRUE,FALSE,FALSE,"Exact match"
"Gyps himalayensis","高山兀鹫","Himalayan Griffon","Accipitriformes","NT",2,"Gyps_himalayensis",NA,NA,NA,"Gyps_himalayensis",TRUE,FALSE,FALSE,"Exact match"
"Gyps tenuirostris","细嘴兀鹫","Slender-billed Vulture","Accipitriformes","CR",1,"Gyps_tenuirostris",NA,NA,NA,"Gyps_tenuirostris",TRUE,FALSE,FALSE,"Exact match"
"Haliaeetus leucoryphus","玉带海雕","Pallas's Fish-eagle","Accipitriformes","EN",1,"Haliaeetus_leucoryphus",NA,NA,NA,"Haliaeetus_leucoryphus",TRUE,FALSE,FALSE,"Exact match"
"Haliaeetus pelagicus","虎头海雕","Steller's Sea-eagle","Accipitriformes","VU",1,"Haliaeetus_pelagicus",NA,NA,NA,"Haliaeetus_pelagicus",TRUE,FALSE,FALSE,"Exact match"
"Haliastur indus","栗鸢","Brahminy Kite","Accipitriformes","LC",1,"Haliastur_indus",NA,NA,NA,"Haliastur_indus",TRUE,FALSE,FALSE,"Exact match"
"Hieraaetus pennatus","靴隼雕","Booted Eagle","Accipitriformes","LC",7,"Hieraaetus_pennatus",NA,NA,NA,"Hieraaetus_pennatus",TRUE,FALSE,FALSE,"Exact match"
"Ictinaetus malaiensis","林雕","Black Eagle","Accipitriformes","LC",2,"Ictinaetus_malaiensis",NA,NA,NA,"Ictinaetus_malaiensis",TRUE,FALSE,FALSE,"Exact match"
"Lophotriorchis kienerii","棕腹隼雕","Rufous-bellied Eagle","Accipitriformes","NT",1,"Lophotriorchis_kienerii",NA,NA,NA,"Lophotriorchis_kienerii",TRUE,FALSE,FALSE,"Exact match"
"Nisaetus nipalensis","鹰雕","Mountain Hawk-eagle","Accipitriformes","EN",2,"Nisaetus_nipalensis",NA,NA,NA,"Nisaetus_nipalensis",TRUE,FALSE,FALSE,"Exact match"
"Pernis ptilorhynchus","凤头蜂鹰","Oriental Honey-buzzard","Accipitriformes","LC",2,"Pernis_ptilorhynchus",NA,NA,NA,"Pernis_ptilorhynchus",TRUE,FALSE,FALSE,"Exact match"
"Spilornis cheela","蛇雕","Crested Serpent-eagle","Accipitriformes","LC",2,"Spilornis_cheela",NA,NA,NA,"Spilornis_cheela",TRUE,FALSE,FALSE,"Exact match"
"Aix galericulata","鸳鸯","Mandarin Duck","Anseriformes","LC",2,"Aix_galericulata",NA,NA,NA,"Aix_galericulata",TRUE,FALSE,FALSE,"Exact match"
"Anas carolinensis","美洲绿翅鸭","Green-Winged Teal","Anseriformes","LC",1,"Anas_carolinensis","Anas_crecca","Checklist-tree concept bridge","Tree follows a less split taxonomic concept than the checklist for this teal.","Anas_crecca",FALSE,TRUE,FALSE,"Bridged match"
"Anser albifrons","白额雁","Greater White-fronted Goose","Anseriformes","LC",1,"Anser_albifrons",NA,NA,NA,"Anser_albifrons",TRUE,FALSE,FALSE,"Exact match"
"Anser anser","灰雁","Greylag Goose","Anseriformes","LC",1,"Anser_anser",NA,NA,NA,"Anser_anser",TRUE,FALSE,FALSE,"Exact match"
"Anser caerulescens","雪雁","Snow Goose","Anseriformes","LC",4,"Anser_caerulescens",NA,NA,NA,"Anser_caerulescens",TRUE,FALSE,FALSE,"Exact match"
"Anser erythropus","小白额雁","Lesser White-fronted Goose","Anseriformes","VU",1,"Anser_erythropus",NA,NA,NA,"Anser_erythropus",TRUE,FALSE,FALSE,"Exact match"
"Anser fabalis","豆雁","Bean Goose","Anseriformes","LC",1,"Anser_fabalis",NA,NA,NA,"Anser_fabalis",TRUE,FALSE,FALSE,"Exact match"
"Anser indicus","斑头雁","Bar-headed Goose","Anseriformes","LC",2,"Anser_indicus",NA,NA,NA,"Anser_indicus",TRUE,FALSE,FALSE,"Exact match"
"Asarcornis scutulata","白翅栖鸭","White-winged Duck","Anseriformes","CR",1,"Asarcornis_scutulata",NA,NA,NA,"Asarcornis_scutulata",TRUE,FALSE,FALSE,"Exact match"
"Aythya collaris","环颈潜鸭","Ring-necked Duck","Anseriformes","LC",1,"Aythya_collaris",NA,NA,NA,"Aythya_collaris",TRUE,FALSE,FALSE,"Exact match"
"Aythya fuligula","凤头潜鸭","Tufted Duck","Anseriformes","LC",1,"Aythya_fuligula",NA,NA,NA,"Aythya_fuligula",TRUE,FALSE,FALSE,"Exact match"
"Aythya nyroca","白眼潜鸭","Ferruginous Duck","Anseriformes","NT",2,"Aythya_nyroca",NA,NA,NA,"Aythya_nyroca",TRUE,FALSE,FALSE,"Exact match"
"Branta bernicla","黑雁","Brent Goose","Anseriformes","LC",2,"Branta_bernicla",NA,NA,NA,"Branta_bernicla",TRUE,FALSE,FALSE,"Exact match"
"Branta canadensis","加拿大雁","Canada Goose","Anseriformes","LC",3,"Branta_canadensis",NA,NA,NA,"Branta_canadensis",TRUE,FALSE,FALSE,"Exact match"
"Branta hutchinsii","小美洲黑雁","Cackling Goose","Anseriformes","LC",3,"Branta_hutchinsii",NA,NA,NA,"Branta_hutchinsii",TRUE,FALSE,FALSE,"Exact match"
"Branta leucopsis","白颊黑雁","Barnacle Goose","Anseriformes","LC",1,"Branta_leucopsis",NA,NA,NA,"Branta_leucopsis",TRUE,FALSE,FALSE,"Exact match"
"Branta ruficollis","红胸黑雁","Red-breasted Goose","Anseriformes","VU",4,"Branta_ruficollis",NA,NA,NA,"Branta_ruficollis",TRUE,FALSE,FALSE,"Exact match"
"Clangula hyemalis","长尾鸭","Long-tailed Duck","Anseriformes","VU",7,"Clangula_hyemalis",NA,NA,NA,"Clangula_hyemalis",TRUE,FALSE,FALSE,"Exact match"
"Cygnus columbianus","小天鹅","Tundra Swan","Anseriformes","LC",1,"Cygnus_columbianus",NA,NA,NA,"Cygnus_columbianus",TRUE,FALSE,FALSE,"Exact match"
"Cygnus olor","疣鼻天鹅","Mute Swan","Anseriformes","LC",3,"Cygnus_olor",NA,NA,NA,"Cygnus_olor",TRUE,FALSE,FALSE,"Exact match"
"Dendrocygna javanica","栗树鸭","Lesser Whistling-duck","Anseriformes","LC",1,"Dendrocygna_javanica",NA,NA,NA,"Dendrocygna_javanica",TRUE,FALSE,FALSE,"Exact match"
"Histrionicus histrionicus","丑鸭","Harlequin Duck","Anseriformes","LC",3,"Histrionicus_histrionicus",NA,NA,NA,"Histrionicus_histrionicus",TRUE,FALSE,FALSE,"Exact match"
"Mareca falcata","罗纹鸭","Falcated Duck","Anseriformes","LC",3,"Mareca_falcata",NA,NA,NA,"Mareca_falcata",TRUE,FALSE,FALSE,"Exact match"
"Melanitta fusca","丝绒海番鸭","Velvet Scoter","Anseriformes","VU",2,"Melanitta_fusca",NA,NA,NA,"Melanitta_fusca",TRUE,FALSE,FALSE,"Exact match"
"Melanitta stejnegeri","斑脸海番鸭","Siberian Scoter","Anseriformes","LC",3,"Melanitta_stejnegeri",NA,NA,NA,"Melanitta_stejnegeri",TRUE,FALSE,FALSE,"Exact match"
"Mergus serrator","红胸秋沙鸭","Red-breasted Merganser","Anseriformes","LC",4,"Mergus_serrator",NA,NA,NA,"Mergus_serrator",TRUE,FALSE,FALSE,"Exact match"
"Netta rufina","赤嘴潜鸭","Red-crested Pochard","Anseriformes","LC",4,"Netta_rufina",NA,NA,NA,"Netta_rufina",TRUE,FALSE,FALSE,"Exact match"
"Oxyura leucocephala","白头硬尾鸭","White-headed Duck","Anseriformes","EN",1,"Oxyura_leucocephala",NA,NA,NA,"Oxyura_leucocephala",TRUE,FALSE,FALSE,"Exact match"
"Sibirionetta formosa","花脸鸭","Falcated Duck","Anseriformes","EN",2,"Sibirionetta_formosa",NA,NA,NA,"Sibirionetta_formosa",TRUE,FALSE,FALSE,"Exact match"
"Aerodramus brevirostris","短嘴金丝燕","Himalayan Swiftlet","Caprimulgiformes","LC",1,"Aerodramus_brevirostris",NA,NA,NA,"Aerodramus_brevirostris",TRUE,FALSE,FALSE,"Exact match"
"Caprimulgus macrurus","长尾夜鹰","Large-tailed Nightjar","Caprimulgiformes","LC",1,"Caprimulgus_macrurus",NA,NA,NA,"Caprimulgus_macrurus",TRUE,FALSE,FALSE,"Exact match"
"Hemiprocne coronata","凤头雨燕","Crested Treeswift","Caprimulgiformes","LC",1,"Hemiprocne_coronata",NA,NA,NA,"Hemiprocne_coronata",TRUE,FALSE,FALSE,"Exact match"
"Hirundapus caudacutus","白喉针尾雨燕","White-throated Needletail","Caprimulgiformes","LC",1,"Hirundapus_caudacutus",NA,NA,NA,"Hirundapus_caudacutus",TRUE,FALSE,FALSE,"Exact match"
"Anous stolidus","白顶玄燕鸥","Brown Noddy","Charadriiformes","LC",2,"Anous_stolidus",NA,NA,NA,"Anous_stolidus",TRUE,FALSE,FALSE,"Exact match"
"Arenaria interpres","翻石鹬","Ruddy Turnstone","Charadriiformes","NT",2,"Arenaria_interpres",NA,NA,NA,"Arenaria_interpres",TRUE,FALSE,FALSE,"Exact match"
"Brachyramphus perdix","长嘴海雀","Long-billed Murrelet","Charadriiformes","NT",1,"Brachyramphus_perdix",NA,NA,NA,"Brachyramphus_perdix",TRUE,FALSE,FALSE,"Exact match"
"Calidris acuminata","尖尾滨鹬","Sharp-tailed Sandpiper","Charadriiformes","VU",2,"Calidris_acuminata",NA,NA,NA,"Calidris_acuminata",TRUE,FALSE,FALSE,"Exact match"
"Calidris alba","三趾滨鹬","Sanderling","Charadriiformes","LC",1,"Calidris_alba",NA,NA,NA,"Calidris_alba",TRUE,FALSE,FALSE,"Exact match"
"Calidris alpina","黑腹滨鹬","Dunlin","Charadriiformes","NT",4,"Calidris_alpina",NA,NA,NA,"Calidris_alpina",TRUE,FALSE,FALSE,"Exact match"
"Calidris bairdii","黑腰滨鹬","Baird's Sandpiper","Charadriiformes","LC",1,"Calidris_bairdii",NA,NA,NA,"Calidris_bairdii",TRUE,FALSE,FALSE,"Exact match"
"Calidris melanotos","斑胸滨鹬","Pectoral Sandpiper","Charadriiformes","LC",5,"Calidris_melanotos",NA,NA,NA,"Calidris_melanotos",TRUE,FALSE,FALSE,"Exact match"
"Calidris minuta","小滨鹬","Little Stint","Charadriiformes","LC",10,"Calidris_minuta",NA,NA,NA,"Calidris_minuta",TRUE,FALSE,FALSE,"Exact match"
"Calidris pugnax","流苏鹬","Ruff","Charadriiformes","LC",5,"Calidris_pugnax",NA,NA,NA,"Calidris_pugnax",TRUE,FALSE,FALSE,"Exact match"
"Calidris pygmaea","勺嘴鹬","Spoon-billed Sandpiper","Charadriiformes","CR",1,"Calidris_pygmaea",NA,NA,NA,"Calidris_pygmaea",TRUE,FALSE,FALSE,"Exact match"
"Calidris subminuta","长趾滨鹬","Long-toed Stint","Charadriiformes","LC",2,"Calidris_subminuta",NA,NA,NA,"Calidris_subminuta",TRUE,FALSE,FALSE,"Exact match"
"Calidris tenuirostris","大滨鹬","Great Knot","Charadriiformes","EN",3,"Calidris_tenuirostris",NA,NA,NA,"Calidris_tenuirostris",TRUE,FALSE,FALSE,"Exact match"
"Charadrius asiaticus","红胸鸻","Caspian Plover","Charadriiformes","LC",1,"Charadrius_asiaticus","Anarhynchus_asiaticus","Genus update","Recent plover generic revision.","Anarhynchus_asiaticus",FALSE,TRUE,FALSE,"Bridged match"
"Charadrius atrifrons","蒙古沙鸻","Siberian Sandplover","Charadriiformes","LC",6,"Charadrius_atrifrons","Anarhynchus_atrifrons","Genus update","Recent plover generic revision.","Anarhynchus_atrifrons",FALSE,TRUE,FALSE,"Bridged match"
"Charadrius dealbatus","白脸鸻","White-faced Plover","Charadriiformes","LC",1,"Charadrius_dealbatus","Anarhynchus_dealbatus","Genus update","Recent plover generic revision.","Anarhynchus_dealbatus",FALSE,TRUE,FALSE,"Bridged match"
"Charadrius hiaticula","剑鸻","Common Ringed Plover","Charadriiformes","LC",1,"Charadrius_hiaticula",NA,NA,NA,"Charadrius_hiaticula",TRUE,FALSE,FALSE,"Exact match"
"Charadrius mongolus","蒙古沙鸻","Siberian Sandplover","Charadriiformes","EN",2,"Charadrius_mongolus","Anarhynchus_mongolus","Genus update","Recent plover generic revision.","Anarhynchus_mongolus",FALSE,TRUE,FALSE,"Bridged match"
"Charadrius placidus","长嘴剑鸻","Long-billed Plover","Charadriiformes","LC",1,"Charadrius_placidus",NA,NA,NA,"Charadrius_placidus",TRUE,FALSE,FALSE,"Exact match"
"Charadrius veredus","东方鸻","Oriental Plover","Charadriiformes","LC",4,"Charadrius_veredus","Anarhynchus_veredus","Genus update","Recent plover generic revision.","Anarhynchus_veredus",FALSE,TRUE,FALSE,"Bridged match"
"Chlidonias leucopterus","白翅浮鸥","White-winged Tern","Charadriiformes","LC",1,"Chlidonias_leucopterus",NA,NA,NA,"Chlidonias_leucopterus",TRUE,FALSE,FALSE,"Exact match"
"Chlidonias niger","黑浮鸥","Black Tern","Charadriiformes","LC",2,"Chlidonias_niger",NA,NA,NA,"Chlidonias_niger",TRUE,FALSE,FALSE,"Exact match"
"Gelochelidon nilotica","鸥嘴噪鸥","Common Gull-billed Tern","Charadriiformes","LC",2,"Gelochelidon_nilotica",NA,NA,NA,"Gelochelidon_nilotica",TRUE,FALSE,FALSE,"Exact match"
"Glareola lactea","灰燕鸻","Little Pratincole","Charadriiformes","LC",2,"Glareola_lactea",NA,NA,NA,"Glareola_lactea",TRUE,FALSE,FALSE,"Exact match"
"Gygis alba","白玄鸥","Atlantic White Tern","Charadriiformes","LC",1,"Gygis_alba",NA,NA,NA,"Gygis_alba",TRUE,FALSE,FALSE,"Exact match"
"Hydrocoloeus minutus","小鸥","Little Gull","Charadriiformes","LC",1,"Hydrocoloeus_minutus",NA,NA,NA,"Hydrocoloeus_minutus",TRUE,FALSE,FALSE,"Exact match"
"Hydrophasianus chirurgus","水雉","Pheasant-tailed Jacana","Charadriiformes","LC",7,"Hydrophasianus_chirurgus",NA,NA,NA,"Hydrophasianus_chirurgus",TRUE,FALSE,FALSE,"Exact match"
"Hydroprogne caspia","红嘴巨燕鸥","Caspian Tern","Charadriiformes","LC",3,"Hydroprogne_caspia",NA,NA,NA,"Hydroprogne_caspia",TRUE,FALSE,FALSE,"Exact match"
"Larus argentatus","西伯利亚银鸥","European Herring Gull","Charadriiformes","LC",1,"Larus_argentatus",NA,NA,NA,"Larus_argentatus",TRUE,FALSE,FALSE,"Exact match"
"Larus brunnicephalus","棕头鸥","Brown-headed Gull","Charadriiformes","LC",1,"Larus_brunnicephalus","Chroicocephalus_brunnicephalus","Genus update","Checklist gull genus differs from tree taxonomy.","Chroicocephalus_brunnicephalus",FALSE,TRUE,FALSE,"Bridged match"
"Larus cachinnans","黄腿银鸥","Caspian Gull","Charadriiformes","LC",1,"Larus_cachinnans",NA,NA,NA,"Larus_cachinnans",TRUE,FALSE,FALSE,"Exact match"
"Larus canus","普通海鸥","Mew Gull","Charadriiformes","LC",1,"Larus_canus",NA,NA,NA,"Larus_canus",TRUE,FALSE,FALSE,"Exact match"
"Larus crassirostris","黑尾鸥","Black-tailed Gull","Charadriiformes","LC",1,"Larus_crassirostris",NA,NA,NA,"Larus_crassirostris",TRUE,FALSE,FALSE,"Exact match"
"Larus fuscus","小黑背银鸥","Lesser Black-backed Gull","Charadriiformes","LC",3,"Larus_fuscus",NA,NA,NA,"Larus_fuscus",TRUE,FALSE,FALSE,"Exact match"
"Larus genei","细嘴鸥","Slender-billed Gull","Charadriiformes","LC",2,"Larus_genei","Chroicocephalus_genei","Genus update","Checklist gull genus differs from tree taxonomy.","Chroicocephalus_genei",FALSE,TRUE,FALSE,"Bridged match"
"Larus glaucescens","灰翅鸥","Glaucous-winged Gull","Charadriiformes","LC",2,"Larus_glaucescens",NA,NA,NA,"Larus_glaucescens",TRUE,FALSE,FALSE,"Exact match"
"Larus hyperboreus","北极鸥","Glaucous Gull","Charadriiformes","LC",3,"Larus_hyperboreus",NA,NA,NA,"Larus_hyperboreus",TRUE,FALSE,FALSE,"Exact match"
"Larus ichthyaetus","渔鸥","Pallas's Gull","Charadriiformes","LC",2,"Larus_ichthyaetus","Ichthyaetus_ichthyaetus","Genus update","Checklist gull genus differs from tree taxonomy.","Ichthyaetus_ichthyaetus",FALSE,TRUE,FALSE,"Bridged match"
"Larus relictus","遗鸥","Relict Gull","Charadriiformes","VU",1,"Larus_relictus","Ichthyaetus_relictus","Genus update","Checklist gull genus differs from tree taxonomy.","Ichthyaetus_relictus",FALSE,TRUE,FALSE,"Bridged match"
"Limnodromus scolopaceus","长嘴半蹼鹬","Long-billed Dowitcher","Charadriiformes","VU",6,"Limnodromus_scolopaceus",NA,NA,NA,"Limnodromus_scolopaceus",TRUE,FALSE,FALSE,"Exact match"
"Limnodromus semipalmatus","半蹼鹬","Asian Dowitcher","Charadriiformes","NT",2,"Limnodromus_semipalmatus",NA,NA,NA,"Limnodromus_semipalmatus",TRUE,FALSE,FALSE,"Exact match"
"Limosa lapponica","斑尾塍鹬","Bar-tailed Godwit","Charadriiformes","NT",1,"Limosa_lapponica",NA,NA,NA,"Limosa_lapponica",TRUE,FALSE,FALSE,"Exact match"
"Limosa limosa","黑尾塍鹬","Black-tailed Godwit","Charadriiformes","NT",1,"Limosa_limosa",NA,NA,NA,"Limosa_limosa",TRUE,FALSE,FALSE,"Exact match"
"Numenius madagascariensis","大杓鹬","Far Eastern Curlew","Charadriiformes","EN",1,"Numenius_madagascariensis",NA,NA,NA,"Numenius_madagascariensis",TRUE,FALSE,FALSE,"Exact match"
"Numenius minutus","小杓鹬","Little Curlew","Charadriiformes","LC",1,"Numenius_minutus",NA,NA,NA,"Numenius_minutus",TRUE,FALSE,FALSE,"Exact match"
"Numenius phaeopus","中杓鹬","Whimbrel","Charadriiformes","LC",1,"Numenius_phaeopus",NA,NA,NA,"Numenius_phaeopus",TRUE,FALSE,FALSE,"Exact match"
"Onychoprion aleuticus","白腰燕鸥","Aleutian Tern","Charadriiformes","VU",4,"Onychoprion_aleuticus",NA,NA,NA,"Onychoprion_aleuticus",TRUE,FALSE,FALSE,"Exact match"
"Onychoprion anaethetus","褐翅燕鸥","Bridled Tern","Charadriiformes","LC",4,"Onychoprion_anaethetus",NA,NA,NA,"Onychoprion_anaethetus",TRUE,FALSE,FALSE,"Exact match"
"Onychoprion fuscatus","乌燕鸥","Sooty Tern","Charadriiformes","LC",1,"Onychoprion_fuscatus",NA,NA,NA,"Onychoprion_fuscatus",TRUE,FALSE,FALSE,"Exact match"
"Phalaropus fulicarius","灰瓣蹼鹬","Red Phalarope","Charadriiformes","LC",4,"Phalaropus_fulicarius",NA,NA,NA,"Phalaropus_fulicarius",TRUE,FALSE,FALSE,"Exact match"
"Phalaropus lobatus","红颈瓣蹼鹬","Red-necked Phalarope","Charadriiformes","LC",5,"Phalaropus_lobatus",NA,NA,NA,"Phalaropus_lobatus",TRUE,FALSE,FALSE,"Exact match"
"Pluvialis apricaria","欧金鸻","Eurasian Golden Plover","Charadriiformes","LC",1,"Pluvialis_apricaria",NA,NA,NA,"Pluvialis_apricaria",TRUE,FALSE,FALSE,"Exact match"
"Recurvirostra avosetta","反嘴鹬","Pied Avocet","Charadriiformes","LC",2,"Recurvirostra_avosetta",NA,NA,NA,"Recurvirostra_avosetta",TRUE,FALSE,FALSE,"Exact match"
"Rissa tridactyla","三趾鸥","Black-legged Kittiwake","Charadriiformes","VU",7,"Rissa_tridactyla",NA,NA,NA,"Rissa_tridactyla",TRUE,FALSE,FALSE,"Exact match"
"Stercorarius parasiticus","短尾贼鸥","Arctic Jaeger","Charadriiformes","LC",8,"Stercorarius_parasiticus",NA,NA,NA,"Stercorarius_parasiticus",TRUE,FALSE,FALSE,"Exact match"
"Thalasseus bengalensis","小凤头燕鸥","Lesser Crested Tern","Charadriiformes","LC",2,"Thalasseus_bengalensis",NA,NA,NA,"Thalasseus_bengalensis",TRUE,FALSE,FALSE,"Exact match"
"Thalasseus bergii","大凤头燕鸥","Greater Crested Tern","Charadriiformes","LC",1,"Thalasseus_bergii",NA,NA,NA,"Thalasseus_bergii",TRUE,FALSE,FALSE,"Exact match"
"Tringa brevipes","灰尾漂鹬","Grey-tailed Tattler","Charadriiformes","LC",1,"Tringa_brevipes",NA,NA,NA,"Tringa_brevipes",TRUE,FALSE,FALSE,"Exact match"
"Vanellus cinereus","灰头麦鸡","Grey-headed Lapwing","Charadriiformes","LC",1,"Vanellus_cinereus",NA,NA,NA,"Vanellus_cinereus",TRUE,FALSE,FALSE,"Exact match"
"Vanellus vanellus","凤头麦鸡","Northern Lapwing","Charadriiformes","NT",1,"Vanellus_vanellus",NA,NA,NA,"Vanellus_vanellus",TRUE,FALSE,FALSE,"Exact match"
"Anastomus oscitans","钳嘴鹳","Asian Openbill","Ciconiiformes","LC",8,"Anastomus_oscitans",NA,NA,NA,"Anastomus_oscitans",TRUE,FALSE,FALSE,"Exact match"
"Ciconia boyciana","东方白鹳","Oriental Stork","Ciconiiformes","EN",3,"Ciconia_boyciana",NA,NA,NA,"Ciconia_boyciana",TRUE,FALSE,FALSE,"Exact match"
"Ciconia episcopus","白颈鹳","Asian Woollyneck","Ciconiiformes","NT",1,"Ciconia_episcopus",NA,NA,NA,"Ciconia_episcopus",TRUE,FALSE,FALSE,"Exact match"
"Ciconia nigra","黑鹳","Black Stork","Ciconiiformes","LC",1,"Ciconia_nigra",NA,NA,NA,"Ciconia_nigra",TRUE,FALSE,FALSE,"Exact match"
"Chalcophaps indica","绿翅金鸠","Grey-capped Emerald Dove","Columbiformes","LC",3,"Chalcophaps_indica",NA,NA,NA,"Chalcophaps_indica",TRUE,FALSE,FALSE,"Exact match"
"Columba oenas","欧鸽","Stock Dove","Columbiformes","LC",4,"Columba_oenas",NA,NA,NA,"Columba_oenas",TRUE,FALSE,FALSE,"Exact match"
"Geopelia striata","斑姬地鸠","Zebra Dove","Columbiformes","LC",1,"Geopelia_striata",NA,NA,NA,"Geopelia_striata",TRUE,FALSE,FALSE,"Exact match"
"Macropygia unchall","斑尾鹃鸠","Barred Cuckoo-Dove","Columbiformes","LC",3,"Macropygia_unchall",NA,NA,NA,"Macropygia_unchall",TRUE,FALSE,FALSE,"Exact match"
"Spilopelia chinensis","珠颈斑鸠","Eastern Spotted Dove","Columbiformes","LC",2,"Spilopelia_chinensis",NA,NA,NA,"Spilopelia_chinensis",TRUE,FALSE,FALSE,"Exact match"
"Spilopelia senegalensis","棕斑鸠","Laughing Dove","Columbiformes","LC",1,"Spilopelia_senegalensis",NA,NA,NA,"Spilopelia_senegalensis",TRUE,FALSE,FALSE,"Exact match"
"Streptopelia decaocto","灰斑鸠","Eurasian Collared-dove","Columbiformes","LC",1,"Streptopelia_decaocto",NA,NA,NA,"Streptopelia_decaocto",TRUE,FALSE,FALSE,"Exact match"
"Treron curvirostra","厚嘴绿鸠","Thick-billed Green-pigeon","Columbiformes","LC",1,"Treron_curvirostra",NA,NA,NA,"Treron_curvirostra",TRUE,FALSE,FALSE,"Exact match"
"Treron seimundi","白腹针尾绿鸠","Yellow-vented Green-pigeon","Columbiformes","LC",1,"Treron_seimundi",NA,NA,NA,"Treron_seimundi",TRUE,FALSE,FALSE,"Exact match"
"Treron sieboldii","红翅绿鸠","White-bellied Green-pigeon","Columbiformes","LC",3,"Treron_sieboldii",NA,NA,NA,"Treron_sieboldii",TRUE,FALSE,FALSE,"Exact match"
"Treron sphenurus","楔尾绿鸠","Wedge-tailed Green-pigeon","Columbiformes","LC",1,"Treron_sphenurus",NA,NA,NA,"Treron_sphenurus",TRUE,FALSE,FALSE,"Exact match"
"Alcedo hercules","斑头大翠鸟","Blyth's Kingfisher","Coraciiformes","NT",1,"Alcedo_hercules",NA,NA,NA,"Alcedo_hercules",TRUE,FALSE,FALSE,"Exact match"
"Ceryle rudis","斑鱼狗","Pied Kingfisher","Coraciiformes","LC",2,"Ceryle_rudis",NA,NA,NA,"Ceryle_rudis",TRUE,FALSE,FALSE,"Exact match"
"Coracias garrulus","蓝胸佛法僧","European Roller","Coraciiformes","LC",1,"Coracias_garrulus",NA,NA,NA,"Coracias_garrulus",TRUE,FALSE,FALSE,"Exact match"
"Halcyon coromanda","赤翡翠","Ruddy Kingfisher","Coraciiformes","LC",1,"Halcyon_coromanda",NA,NA,NA,"Halcyon_coromanda",TRUE,FALSE,FALSE,"Exact match"
"Halcyon smyrnensis","白胸翡翠","White-throated Kingfisher","Coraciiformes","LC",5,"Halcyon_smyrnensis",NA,NA,NA,"Halcyon_smyrnensis",TRUE,FALSE,FALSE,"Exact match"
"Megaceryle lugubris","冠鱼狗","Crested Kingfisher","Coraciiformes","LC",3,"Megaceryle_lugubris",NA,NA,NA,"Megaceryle_lugubris",TRUE,FALSE,FALSE,"Exact match"
"Merops philippinus","栗喉蜂虎","Blue-tailed Bee-eater","Coraciiformes","LC",1,"Merops_philippinus",NA,NA,NA,"Merops_philippinus",TRUE,FALSE,FALSE,"Exact match"
"Todiramphus chloris","白领翡翠","Collared Kingfisher","Coraciiformes","LC",1,"Todiramphus_chloris",NA,NA,NA,"Todiramphus_chloris",TRUE,FALSE,FALSE,"Exact match"
"Clamator coromandus","红翅凤头鹃","Chestnut-winged Cuckoo","Cuculiformes","LC",5,"Clamator_coromandus",NA,NA,NA,"Clamator_coromandus",TRUE,FALSE,FALSE,"Exact match"
"Clamator jacobinus","斑翅凤头鹃","Jacobin Cuckoo","Cuculiformes","LC",3,"Clamator_jacobinus",NA,NA,NA,"Clamator_jacobinus",TRUE,FALSE,FALSE,"Exact match"
"Eudynamys scolopaceus","噪鹃","Western Koel","Cuculiformes","LC",4,"Eudynamys_scolopaceus",NA,NA,NA,"Eudynamys_scolopaceus",TRUE,FALSE,FALSE,"Exact match"
"Hierococcyx nisicolor","棕腹杜鹃","Whistling Hawk-cuckoo","Cuculiformes","LC",1,"Hierococcyx_nisicolor",NA,NA,NA,"Hierococcyx_nisicolor",TRUE,FALSE,FALSE,"Exact match"
"Falco cherrug","猎隼","Saker Falcon","Falconiformes","EN",1,"Falco_cherrug",NA,NA,NA,"Falco_cherrug",TRUE,FALSE,FALSE,"Exact match"
"Chrysolophus pictus","红腹锦鸡","Golden Pheasant","Galliformes","LC",1,"Chrysolophus_pictus",NA,NA,NA,"Chrysolophus_pictus",TRUE,FALSE,FALSE,"Exact match"
"Crossoptilon mantchuricum","褐马鸡","Brown Eared-pheasant","Galliformes","LC",1,"Crossoptilon_mantchuricum",NA,NA,NA,"Crossoptilon_mantchuricum",TRUE,FALSE,FALSE,"Exact match"
"Gavia adamsii","黄嘴潜鸟","Yellow-billed Loon","Galliformes","NT",6,"Gavia_adamsii",NA,NA,NA,"Gavia_adamsii",TRUE,FALSE,FALSE,"Exact match"
"Lophura leucomelanos","黑鹇","Kalij Pheasant","Galliformes","LC",1,"Lophura_leucomelanos",NA,NA,NA,"Lophura_leucomelanos",TRUE,FALSE,FALSE,"Exact match"
"Lophura nycthemera","白鹇","Silver pheasant","Galliformes","LC",4,"Lophura_nycthemera",NA,NA,NA,"Lophura_nycthemera",TRUE,FALSE,FALSE,"Exact match"
"Pavo cristatus","蓝孔雀","Indian Peafowl","Galliformes","LC",1,"Pavo_cristatus",NA,NA,NA,"Pavo_cristatus",TRUE,FALSE,FALSE,"Exact match"
"Perdix hodgsoniae","高原山鹑","Tibetan Partridge","Galliformes","LC",1,"Perdix_hodgsoniae",NA,NA,NA,"Perdix_hodgsoniae",TRUE,FALSE,FALSE,"Exact match"
"Tragopan caboti","黄腹角雉","Cabot's Tragopan","Galliformes","VU",1,"Tragopan_caboti",NA,NA,NA,"Tragopan_caboti",TRUE,FALSE,FALSE,"Exact match"
"Tragopan temminckii","红腹角雉","Temminck's Tragopan","Galliformes","LC",1,"Tragopan_temminckii",NA,NA,NA,"Tragopan_temminckii",TRUE,FALSE,FALSE,"Exact match"
"Gavia arctica","黑喉潜鸟","Arctic Loon","Gaviiformes","LC",3,"Gavia_arctica",NA,NA,NA,"Gavia_arctica",TRUE,FALSE,FALSE,"Exact match"
"Gavia pacifica","太平洋潜鸟","Pacific Diver","Gaviiformes","LC",1,"Gavia_pacifica",NA,NA,NA,"Gavia_pacifica",TRUE,FALSE,FALSE,"Exact match"
"Gavia stellata","红喉潜鸟","Red-throated Loon","Gaviiformes","LC",2,"Gavia_stellata",NA,NA,NA,"Gavia_stellata",TRUE,FALSE,FALSE,"Exact match"
"Amaurornis cinerea","白眉田鸡","White-browed Crake","Gruiformes","LC",1,"Amaurornis_cinerea","Poliolimnas_cinereus","Genus and epithet update","Checklist rail concept linked to current tree taxonomy.","Poliolimnas_cinereus",FALSE,TRUE,FALSE,"Bridged match"
"Amaurornis phoenicurus","白胸苦恶鸟","White-breasted Waterhen","Gruiformes","LC",3,"Amaurornis_phoenicurus",NA,NA,NA,"Amaurornis_phoenicurus",TRUE,FALSE,FALSE,"Exact match"
"Coturnicops exquisitus","花田鸡","Swinhoe's Rail","Gruiformes","LC",1,"Coturnicops_exquisitus",NA,NA,NA,"Coturnicops_exquisitus",TRUE,FALSE,FALSE,"Exact match"
"Grus canadensis","沙丘鹤","Sandhill Crane","Gruiformes","LC",4,"Grus_canadensis","Antigone_canadensis","Genus update","Crane genus placement updated in the tree taxonomy.","Antigone_canadensis",FALSE,TRUE,FALSE,"Bridged match"
"Grus japonensis","丹顶鹤","Red-crowned Crane","Gruiformes","VU",2,"Grus_japonensis",NA,NA,NA,"Grus_japonensis",TRUE,FALSE,FALSE,"Exact match"
"Grus monacha","白头鹤","Hooded Crane","Gruiformes","VU",1,"Grus_monacha",NA,NA,NA,"Grus_monacha",TRUE,FALSE,FALSE,"Exact match"
"Grus nigricollis","黑颈鹤","Black-necked Crane","Gruiformes","NT",1,"Grus_nigricollis",NA,NA,NA,"Grus_nigricollis",TRUE,FALSE,FALSE,"Exact match"
"Grus vipio","白枕鹤","White-naped Crane","Gruiformes","VU",3,"Grus_vipio","Antigone_vipio","Genus update","Crane genus placement updated in the tree taxonomy.","Antigone_vipio",FALSE,TRUE,FALSE,"Bridged match"
"Grus virgo","蓑羽鹤","Demoiselle Crane","Gruiformes","LC",2,"Grus_virgo","Anthropoides_virgo","Genus update","Crane genus placement updated in the tree taxonomy.","Anthropoides_virgo",FALSE,TRUE,FALSE,"Bridged match"
"Leucogeranus leucogeranus","白鹤","Siberian Crane","Gruiformes","CR",2,"Leucogeranus_leucogeranus",NA,NA,NA,"Leucogeranus_leucogeranus",TRUE,FALSE,FALSE,"Exact match"
"Porphyrio porphyrio","紫水鸡","Purple Swamphen","Gruiformes","NR",1,"Porphyrio_porphyrio",NA,NA,NA,"Porphyrio_porphyrio",TRUE,FALSE,FALSE,"Exact match"
"Rallina eurizonoides","白喉斑秧鸡","Slaty-legged Crake","Gruiformes","LC",4,"Rallina_eurizonoides",NA,NA,NA,"Rallina_eurizonoides",TRUE,FALSE,FALSE,"Exact match"
"Rallina fasciata","红脚斑秧鸡","Red-legged Crake","Gruiformes","LC",3,"Rallina_fasciata",NA,NA,NA,"Rallina_fasciata",TRUE,FALSE,FALSE,"Exact match"
"Rallus aquaticus","西秧鸡","Western Water Rail","Gruiformes","LC",3,"Rallus_aquaticus",NA,NA,NA,"Rallus_aquaticus",TRUE,FALSE,FALSE,"Exact match"
"Zapornia bicolor","棕背田鸡","Brown-backed Crake","Gruiformes","LC",1,"Zapornia_bicolor",NA,NA,NA,"Zapornia_bicolor",TRUE,FALSE,FALSE,"Exact match"
"Tetrax tetrax","小鸨","Little Bustard","Otidiformes","NT",1,"Tetrax_tetrax",NA,NA,NA,"Tetrax_tetrax",TRUE,FALSE,FALSE,"Exact match"
"Abroscopus albogularis","棕脸鹟莺","Rufous-faced Warbler","Passeriformes","LC",5,"Abroscopus_albogularis",NA,NA,NA,"Abroscopus_albogularis",TRUE,FALSE,FALSE,"Exact match"
"Acanthis flammea","白腰朱顶雀","Redpoll","Passeriformes","LC",2,"Acanthis_flammea",NA,NA,NA,"Acanthis_flammea",TRUE,FALSE,FALSE,"Exact match"
"Acridotheres tristis","家八哥","Common Myna","Passeriformes","LC",2,"Acridotheres_tristis",NA,NA,NA,"Acridotheres_tristis",TRUE,FALSE,FALSE,"Exact match"
"Acrocephalus agricola","稻田苇莺","Paddyfield Warbler","Passeriformes","LC",1,"Acrocephalus_agricola",NA,NA,NA,"Acrocephalus_agricola",TRUE,FALSE,FALSE,"Exact match"
"Acrocephalus bistrigiceps","黑眉苇莺","Black-browed Reed-warbler","Passeriformes","LC",2,"Acrocephalus_bistrigiceps",NA,NA,NA,"Acrocephalus_bistrigiceps",TRUE,FALSE,FALSE,"Exact match"
"Acrocephalus concinens","钝翅苇莺","Blunt-winged Warbler","Passeriformes","LC",1,"Acrocephalus_concinens",NA,NA,NA,"Acrocephalus_concinens",TRUE,FALSE,FALSE,"Exact match"
"Acrocephalus dumetorum","布氏苇莺","Blyth's Reed-warbler","Passeriformes","LC",1,"Acrocephalus_dumetorum",NA,NA,NA,"Acrocephalus_dumetorum",TRUE,FALSE,FALSE,"Exact match"
"Acrocephalus tangorum","远东苇莺","White-browed Reed-warbler","Passeriformes","VU",1,"Acrocephalus_tangorum",NA,NA,NA,"Acrocephalus_tangorum",TRUE,FALSE,FALSE,"Exact match"
"Aegithalos bonvaloti","黑眉长尾山雀","Black-browed Tit","Passeriformes","LC",1,"Aegithalos_bonvaloti",NA,NA,NA,"Aegithalos_bonvaloti",FALSE,FALSE,TRUE,"Unresolved"
"Aegithalos caudatus","北长尾山雀","Long-tailed Tit","Passeriformes","LC",2,"Aegithalos_caudatus",NA,NA,NA,"Aegithalos_caudatus",TRUE,FALSE,FALSE,"Exact match"
"Aegithalos concinnus","红头长尾山雀","Black-Throated Bushtit","Passeriformes","LC",4,"Aegithalos_concinnus",NA,NA,NA,"Aegithalos_concinnus",TRUE,FALSE,FALSE,"Exact match"
"Aegithalos fuliginosus","银脸长尾山雀","Sooty Tit","Passeriformes","LC",2,"Aegithalos_fuliginosus",NA,NA,NA,"Aegithalos_fuliginosus",TRUE,FALSE,FALSE,"Exact match"
"Aethopyga christinae","叉尾太阳鸟","Hainan Sunbird","Passeriformes","LC",2,"Aethopyga_christinae",NA,NA,NA,"Aethopyga_christinae",TRUE,FALSE,FALSE,"Exact match"
"Aethopyga gouldiae","蓝喉太阳鸟","Gould's Sunbird","Passeriformes","LC",1,"Aethopyga_gouldiae",NA,NA,NA,"Aethopyga_gouldiae",TRUE,FALSE,FALSE,"Exact match"
"Agropsar philippensis","紫背椋鸟","Chestnut-cheeked Starling","Passeriformes","LC",1,"Agropsar_philippensis",NA,NA,NA,"Agropsar_philippensis",TRUE,FALSE,FALSE,"Exact match"
"Agropsar sturninus","北椋鸟","Purple-backed Starling","Passeriformes","LC",1,"Agropsar_sturninus",NA,NA,NA,"Agropsar_sturninus",TRUE,FALSE,FALSE,"Exact match"
"Alcippe morrisonia","灰眶雀鹛","Grey-cheeked Fulvetta","Passeriformes","NR",1,"Alcippe_morrisonia",NA,NA,NA,"Alcippe_morrisonia",TRUE,FALSE,FALSE,"Exact match"
"Anthreptes malacensis","褐喉直嘴太阳鸟","Brown-throated Sunbird","Passeriformes","LC",1,"Anthreptes_malacensis",NA,NA,NA,"Anthreptes_malacensis",TRUE,FALSE,FALSE,"Exact match"
"Anthus godlewskii","布莱氏鹨","Blyth's Pipit","Passeriformes","LC",1,"Anthus_godlewskii",NA,NA,NA,"Anthus_godlewskii",TRUE,FALSE,FALSE,"Exact match"
"Anthus gustavi","北鹨","Pechora Pipit","Passeriformes","LC",5,"Anthus_gustavi",NA,NA,NA,"Anthus_gustavi",TRUE,FALSE,FALSE,"Exact match"
"Anthus pratensis","草地鹨","Meadow Pipit","Passeriformes","LC",1,"Anthus_pratensis",NA,NA,NA,"Anthus_pratensis",TRUE,FALSE,FALSE,"Exact match"
"Anthus richardi","田鹨","Richard's Pipit","Passeriformes","LC",1,"Anthus_richardi",NA,NA,NA,"Anthus_richardi",TRUE,FALSE,FALSE,"Exact match"
"Anthus roseatus","粉红胸鹨","Rosy Pipit","Passeriformes","LC",1,"Anthus_roseatus",NA,NA,NA,"Anthus_roseatus",TRUE,FALSE,FALSE,"Exact match"
"Anthus trivialis","林鹨","Tree Pipit","Passeriformes","LC",1,"Anthus_trivialis",NA,NA,NA,"Anthus_trivialis",TRUE,FALSE,FALSE,"Exact match"
"Artamus fuscus","灰燕鵙","Ashy Woodswallow","Passeriformes","LC",6,"Artamus_fuscus",NA,NA,NA,"Artamus_fuscus",TRUE,FALSE,FALSE,"Exact match"
"Bombycilla japonica","小太平鸟","Japanese Waxwing","Passeriformes","NT",3,"Bombycilla_japonica",NA,NA,NA,"Bombycilla_japonica",TRUE,FALSE,FALSE,"Exact match"
"Bucanetes mongolicus","蒙古沙雀","Mongolian Finch","Passeriformes","LC",3,"Bucanetes_mongolicus",NA,NA,NA,"Bucanetes_mongolicus",TRUE,FALSE,FALSE,"Exact match"
"Calandrella brachydactyla","大短趾百灵","Greater Short-toed Lark","Passeriformes","LC",1,"Calandrella_brachydactyla",NA,NA,NA,"Calandrella_brachydactyla",TRUE,FALSE,FALSE,"Exact match"
"Callacanthis burtoni","红眉金翅雀","Spectacled Finch","Passeriformes","LC",1,"Callacanthis_burtoni",NA,NA,NA,"Callacanthis_burtoni",TRUE,FALSE,FALSE,"Exact match"
"Calliope obscura","黑喉歌鸲","Blackthroat","Passeriformes","VU",1,"Calliope_obscura",NA,NA,NA,"Calliope_obscura",TRUE,FALSE,FALSE,"Exact match"
"Carduelis carduelis","红额金翅雀","European Goldfinch","Passeriformes","LC",2,"Carduelis_carduelis",NA,NA,NA,"Carduelis_carduelis",TRUE,FALSE,FALSE,"Exact match"
"Carpodacus roborowskii","藏雀","Tibetan Rosefinch","Passeriformes","LC",1,"Carpodacus_roborowskii",NA,NA,NA,"Carpodacus_roborowskii",TRUE,FALSE,FALSE,"Exact match"
"Carpodacus vinaceus","酒红朱雀","Vinaceous Rosefinch","Passeriformes","LC",1,"Carpodacus_vinaceus",NA,NA,NA,"Carpodacus_vinaceus",TRUE,FALSE,FALSE,"Exact match"
"Cecropis daurica","金腰燕","Red-rumped Swallow","Passeriformes","LC",1,"Cecropis_daurica",NA,NA,NA,"Cecropis_daurica",TRUE,FALSE,FALSE,"Exact match"
"Cecropis striolata","斑腰燕","Striated Swallow","Passeriformes","LC",1,"Cecropis_striolata",NA,NA,NA,"Cecropis_striolata",TRUE,FALSE,FALSE,"Exact match"
"Cephalopyrus flammiceps","火冠雀","Fire-capped Tit","Passeriformes","LC",2,"Cephalopyrus_flammiceps",NA,NA,NA,"Cephalopyrus_flammiceps",TRUE,FALSE,FALSE,"Exact match"
"Cettia brunnifrons","棕顶树莺","Grey-sided Bush-warbler","Passeriformes","LC",1,"Cettia_brunnifrons",NA,NA,NA,"Cettia_brunnifrons",TRUE,FALSE,FALSE,"Exact match"
"Cettia castaneocoronata","栗头树莺","Chestnut-headed Tesia","Passeriformes","LC",1,"Cettia_castaneocoronata",NA,NA,NA,"Cettia_castaneocoronata",TRUE,FALSE,FALSE,"Exact match"
"Chloris ambigua","黑头金翅雀","Black-headed Greenfinch","Passeriformes","LC",1,"Chloris_ambigua",NA,NA,NA,"Chloris_ambigua",TRUE,FALSE,FALSE,"Exact match"
"Chloris chloris","欧金翅雀","European Greenfinch","Passeriformes","LC",1,"Chloris_chloris",NA,NA,NA,"Chloris_chloris",TRUE,FALSE,FALSE,"Exact match"
"Chloris sinica","金翅雀","Oriental Greenfinch","Passeriformes","LC",1,"Chloris_sinica",NA,NA,NA,"Chloris_sinica",TRUE,FALSE,FALSE,"Exact match"
"Copsychus saularis","鹊鸲","Oriental Magpie-robin","Passeriformes","LC",1,"Copsychus_saularis",NA,NA,NA,"Copsychus_saularis",TRUE,FALSE,FALSE,"Exact match"
"Coracina macei","大鹃鵙","Indian Cuckooshrike","Passeriformes","LC",1,"Coracina_macei",NA,NA,NA,"Coracina_macei",TRUE,FALSE,FALSE,"Exact match"
"Curruca communis","灰白喉林莺","Common Whitethroat","Passeriformes","LC",1,"Curruca_communis",NA,NA,NA,"Curruca_communis",TRUE,FALSE,FALSE,"Exact match"
"Curruca crassirostris","东歌林莺","Eastern Orphean Warbler","Passeriformes","LC",1,"Curruca_crassirostris",NA,NA,NA,"Curruca_crassirostris",TRUE,FALSE,FALSE,"Exact match"
"Curruca curruca","白喉林莺","Lesser Whitethroat","Passeriformes","LC",2,"Curruca_curruca",NA,NA,NA,"Curruca_curruca",TRUE,FALSE,FALSE,"Exact match"
"Cyanistes cyanus","灰蓝山雀","Azure Tit","Passeriformes","LC",1,"Cyanistes_cyanus",NA,NA,NA,"Cyanistes_cyanus",TRUE,FALSE,FALSE,"Exact match"
"Cyanoderma pyrrhops","黑颏穗鹛","Black-chinned Babbler","Passeriformes","LC",1,"Cyanoderma_pyrrhops",NA,NA,NA,"Cyanoderma_pyrrhops",TRUE,FALSE,FALSE,"Exact match"
"Cyanoderma rufifrons","黄喉穗鹛","Rufous-fronted Babbler","Passeriformes","LC",1,"Cyanoderma_rufifrons",NA,NA,NA,"Cyanoderma_rufifrons",TRUE,FALSE,FALSE,"Exact match"
"Cyornis glaucicomans","中华仙鹟","Chinese Blue Flycatcher","Passeriformes","LC",2,"Cyornis_glaucicomans",NA,NA,NA,"Cyornis_glaucicomans",TRUE,FALSE,FALSE,"Exact match"
"Delichon dasypus","烟腹毛脚燕","Asian House Martin","Passeriformes","LC",1,"Delichon_dasypus",NA,NA,NA,"Delichon_dasypus",TRUE,FALSE,FALSE,"Exact match"
"Dendrocitta formosae","灰树鹊","Grey Treepie","Passeriformes","LC",1,"Dendrocitta_formosae",NA,NA,NA,"Dendrocitta_formosae",TRUE,FALSE,FALSE,"Exact match"
"Dicaeum cruentatum","朱背啄花鸟","Scarlet-backed Flowerpecker","Passeriformes","LC",1,"Dicaeum_cruentatum",NA,NA,NA,"Dicaeum_cruentatum",TRUE,FALSE,FALSE,"Exact match"
"Dicaeum ignipectus","红胸啄花鸟","Fire-breasted Flowerpecker","Passeriformes","LC",1,"Dicaeum_ignipectus",NA,NA,NA,"Dicaeum_ignipectus",TRUE,FALSE,FALSE,"Exact match"
"Dicaeum minullum","纯色啄花鸟","Plain Flowerpecker","Passeriformes","LC",1,"Dicaeum_minullum",NA,NA,NA,"Dicaeum_minullum",TRUE,FALSE,FALSE,"Exact match"
"Dicrurus annectens","鸦嘴卷尾","Crow-billed Drongo","Passeriformes","LC",1,"Dicrurus_annectens",NA,NA,NA,"Dicrurus_annectens",TRUE,FALSE,FALSE,"Exact match"
"Dicrurus hottentottus","发冠卷尾","Hair-crested Drongo","Passeriformes","LC",1,"Dicrurus_hottentottus",NA,NA,NA,"Dicrurus_hottentottus",TRUE,FALSE,FALSE,"Exact match"
"Dicrurus remifer","小盘尾","Lesser Racquet-tailed Drongo","Passeriformes","LC",1,"Dicrurus_remifer",NA,NA,NA,"Dicrurus_remifer",TRUE,FALSE,FALSE,"Exact match"
"Elachura formosa","丽星鹩鹛","Spotted Elachura","Passeriformes","LC",2,"Elachura_formosa",NA,NA,NA,"Elachura_formosa",TRUE,FALSE,FALSE,"Exact match"
"Emberiza buchanani","灰颈鹀","Grey-necked Bunting","Passeriformes","LC",1,"Emberiza_buchanani",NA,NA,NA,"Emberiza_buchanani",TRUE,FALSE,FALSE,"Exact match"
"Emberiza chrysophrys","黄眉鹀","Yellow-browed Bunting","Passeriformes","LC",3,"Emberiza_chrysophrys",NA,NA,NA,"Emberiza_chrysophrys",TRUE,FALSE,FALSE,"Exact match"
"Emberiza elegans","黄喉鹀","Yellow-throated Bunting","Passeriformes","LC",3,"Emberiza_elegans",NA,NA,NA,"Emberiza_elegans",TRUE,FALSE,FALSE,"Exact match"
"Emberiza godlewskii","灰眉岩鹀","Godlewski's Bunting","Passeriformes","LC",2,"Emberiza_godlewskii",NA,NA,NA,"Emberiza_godlewskii",TRUE,FALSE,FALSE,"Exact match"
"Emberiza hortulana","圃鹀","Ortolan Bunting","Passeriformes","LC",1,"Emberiza_hortulana",NA,NA,NA,"Emberiza_hortulana",TRUE,FALSE,FALSE,"Exact match"
"Emberiza leucocephalos","白头鹀","Pine Bunting","Passeriformes","LC",3,"Emberiza_leucocephalos",NA,NA,NA,"Emberiza_leucocephalos",TRUE,FALSE,FALSE,"Exact match"
"Emberiza melanocephala","黑头鹀","Black-headed Bunting","Passeriformes","LC",1,"Emberiza_melanocephala",NA,NA,NA,"Emberiza_melanocephala",TRUE,FALSE,FALSE,"Exact match"
"Emberiza pusilla","小鹀","Little Bunting","Passeriformes","LC",1,"Emberiza_pusilla",NA,NA,NA,"Emberiza_pusilla",TRUE,FALSE,FALSE,"Exact match"
"Emberiza rustica","田鹀","Rustic Bunting","Passeriformes","VU",1,"Emberiza_rustica",NA,NA,NA,"Emberiza_rustica",TRUE,FALSE,FALSE,"Exact match"
"Emberiza siemsseni","蓝鹀","Slaty Bunting","Passeriformes","LC",2,"Emberiza_siemsseni",NA,NA,NA,"Emberiza_siemsseni",TRUE,FALSE,FALSE,"Exact match"
"Emberiza stewarti","白顶鹀","White-capped Bunting","Passeriformes","LC",1,"Emberiza_stewarti",NA,NA,NA,"Emberiza_stewarti",TRUE,FALSE,FALSE,"Exact match"
"Emberiza sulphurata","硫磺鹀","Yellow Bunting","Passeriformes","LC",1,"Emberiza_sulphurata",NA,NA,NA,"Emberiza_sulphurata",TRUE,FALSE,FALSE,"Exact match"
"Emberiza yessoensis","红颈苇鹀","Ochre-rumped Bunting","Passeriformes","NT",2,"Emberiza_yessoensis",NA,NA,NA,"Emberiza_yessoensis",TRUE,FALSE,FALSE,"Exact match"
"Enicurus leschenaulti","白冠燕尾","White-crowned Forktail","Passeriformes","LC",1,"Enicurus_leschenaulti",NA,NA,NA,"Enicurus_leschenaulti",TRUE,FALSE,FALSE,"Exact match"
"Enicurus maculatus","斑背燕尾","Spotted Forktail","Passeriformes","LC",2,"Enicurus_maculatus",NA,NA,NA,"Enicurus_maculatus",TRUE,FALSE,FALSE,"Exact match"
"Enicurus schistaceus","灰背燕尾","Slaty-backed Forktail","Passeriformes","LC",1,"Enicurus_schistaceus",NA,NA,NA,"Enicurus_schistaceus",TRUE,FALSE,FALSE,"Exact match"
"Eremophila alpestris","角百灵","Horned Lark","Passeriformes","LC",1,"Eremophila_alpestris",NA,NA,NA,"Eremophila_alpestris",TRUE,FALSE,FALSE,"Exact match"
"Erithacus rubecula","欧亚鸲","European Robin","Passeriformes","LC",8,"Erithacus_rubecula",NA,NA,NA,"Erithacus_rubecula",TRUE,FALSE,FALSE,"Exact match"
"Erpornis zantholeuca","白腹凤鹛","White-bellied Erpornis","Passeriformes","LC",1,"Erpornis_zantholeuca",NA,NA,NA,"Erpornis_zantholeuca",TRUE,FALSE,FALSE,"Exact match"
"Erythrogenys hypoleucos","长嘴钩嘴鹛","Large Scimitar-babbler","Passeriformes","LC",1,"Erythrogenys_hypoleucos",NA,NA,NA,"Erythrogenys_hypoleucos",TRUE,FALSE,FALSE,"Exact match"
"Eumyias thalassinus","铜蓝鹟","Verditer Flycatcher","Passeriformes","LC",6,"Eumyias_thalassinus",NA,NA,NA,"Eumyias_thalassinus",TRUE,FALSE,FALSE,"Exact match"
"Ficedula albicilla","红喉姬鹟","Red-throated Flycatcher","Passeriformes","LC",1,"Ficedula_albicilla",NA,NA,NA,"Ficedula_albicilla",TRUE,FALSE,FALSE,"Exact match"
"Ficedula elisae","绿背姬鹟","Green-backed Flycatcher","Passeriformes","LC",3,"Ficedula_elisae",NA,NA,NA,"Ficedula_elisae",TRUE,FALSE,FALSE,"Exact match"
"Ficedula erithacus","锈胸蓝姬鹟","Slaty-backed Flycatcher","Passeriformes","LC",2,"Ficedula_erithacus",NA,NA,NA,"Ficedula_erithacus",TRUE,FALSE,FALSE,"Exact match"
"Ficedula mugimaki","鸲姬鹟","Mugimaki Flycatcher","Passeriformes","LC",1,"Ficedula_mugimaki",NA,NA,NA,"Ficedula_mugimaki",TRUE,FALSE,FALSE,"Exact match"
"Ficedula narcissina","黄眉姬鹟","Narcissus Flycatcher","Passeriformes","LC",3,"Ficedula_narcissina",NA,NA,NA,"Ficedula_narcissina",TRUE,FALSE,FALSE,"Exact match"
"Ficedula owstoni","琉球姬鹟","Ryukyu Flycatcher","Passeriformes","LC",1,"Ficedula_owstoni",NA,NA,NA,"Ficedula_owstoni",TRUE,FALSE,FALSE,"Exact match"
"Ficedula parva","红胸姬鹟","Red-breasted Flycatcher","Passeriformes","LC",7,"Ficedula_parva",NA,NA,NA,"Ficedula_parva",TRUE,FALSE,FALSE,"Exact match"
"Ficedula ruficauda","栗尾姬鹟","Rusty-tailed Flycatcher","Passeriformes","LC",1,"Ficedula_ruficauda",NA,NA,NA,"Ficedula_ruficauda",TRUE,FALSE,FALSE,"Exact match"
"Ficedula strophiata","橙胸姬鹟","Rufous-gorgeted Flycatcher","Passeriformes","LC",1,"Ficedula_strophiata",NA,NA,NA,"Ficedula_strophiata",TRUE,FALSE,FALSE,"Exact match"
"Ficedula superciliaris","白眉蓝姬鹟","Ultramarine Flycatcher","Passeriformes","LC",1,"Ficedula_superciliaris",NA,NA,NA,"Ficedula_superciliaris",TRUE,FALSE,FALSE,"Exact match"
"Ficedula tricolor","灰蓝姬鹟","Slaty-blue Flycatcher","Passeriformes","LC",3,"Ficedula_tricolor",NA,NA,NA,"Ficedula_tricolor",TRUE,FALSE,FALSE,"Exact match"
"Fringilla coelebs","苍头燕雀","Common Chaffinch","Passeriformes","LC",6,"Fringilla_coelebs",NA,NA,NA,"Fringilla_coelebs",TRUE,FALSE,FALSE,"Exact match"
"Fringilla montifringilla","燕雀","Brambling","Passeriformes","LC",1,"Fringilla_montifringilla",NA,NA,NA,"Fringilla_montifringilla",TRUE,FALSE,FALSE,"Exact match"
"Galerida cristata","凤头百灵","Crested Lark","Passeriformes","LC",1,"Galerida_cristata",NA,NA,NA,"Galerida_cristata",TRUE,FALSE,FALSE,"Exact match"
"Garrulax maesi","褐胸噪鹛","Grey Laughingthrush","Passeriformes","LC",1,"Garrulax_maesi",NA,NA,NA,"Garrulax_maesi",TRUE,FALSE,FALSE,"Exact match"
"Garrulax monileger","小黑领噪鹛","Lesser Necklaced Laughingthrush","Passeriformes","LC",3,"Garrulax_monileger",NA,NA,NA,"Garrulax_monileger",TRUE,FALSE,FALSE,"Exact match"
"Geokichla citrina","橙头地鸫","Orange-headed Thrush","Passeriformes","LC",2,"Geokichla_citrina",NA,NA,NA,"Geokichla_citrina",TRUE,FALSE,FALSE,"Exact match"
"Geokichla wardii","杂色地鸫","Pied Thrush","Passeriformes","LC",1,"Geokichla_wardii",NA,NA,NA,"Geokichla_wardii",TRUE,FALSE,FALSE,"Exact match"
"Gracupica nigricollis","黑领椋鸟","Black-collared Starling","Passeriformes","LC",4,"Gracupica_nigricollis",NA,NA,NA,"Gracupica_nigricollis",TRUE,FALSE,FALSE,"Exact match"
"Grandala coelicolor","蓝大翅鸲","Grandala","Passeriformes","LC",1,"Grandala_coelicolor",NA,NA,NA,"Grandala_coelicolor",TRUE,FALSE,FALSE,"Exact match"
"Helopsaltes certhiola","小蝗莺","Pallas's Grasshopper-warbler","Passeriformes","LC",1,"Helopsaltes_certhiola",NA,NA,NA,"Helopsaltes_certhiola",TRUE,FALSE,FALSE,"Exact match"
"Helopsaltes ochotensis","北蝗莺","Middendorff's Grasshopper-warbler","Passeriformes","LC",1,"Helopsaltes_ochotensis",NA,NA,NA,"Helopsaltes_ochotensis",TRUE,FALSE,FALSE,"Exact match"
"Helopsaltes pleskei","史氏蝗莺","Pleske's Grasshopper Warbler","Passeriformes","LC",2,"Helopsaltes_pleskei",NA,NA,NA,"Helopsaltes_pleskei",TRUE,FALSE,FALSE,"Exact match"
"Helopsaltes pryeri","斑背大尾莺","Marsh Grassbird","Passeriformes","NT",1,"Helopsaltes_pryeri",NA,NA,NA,"Helopsaltes_pryeri",TRUE,FALSE,FALSE,"Exact match"
"Hemitesia pallidipes","淡脚树莺","Pale-footed Bush-warbler","Passeriformes","LC",1,"Hemitesia_pallidipes",NA,NA,NA,"Hemitesia_pallidipes",TRUE,FALSE,FALSE,"Exact match"
"Hemixos castanonotus","栗背短脚鹎","Chestnut Bulbul","Passeriformes","LC",2,"Hemixos_castanonotus",NA,NA,NA,"Hemixos_castanonotus",TRUE,FALSE,FALSE,"Exact match"
"Heterophasia desgodinsi","黑头奇鹛","Black-headed Sibia","Passeriformes","LC",2,"Heterophasia_desgodinsi",NA,NA,NA,"Heterophasia_desgodinsi",TRUE,FALSE,FALSE,"Exact match"
"Heteroxenicus stellatus","栗背短翅鸫","Gould's Shortwing","Passeriformes","LC",1,"Heteroxenicus_stellatus",NA,NA,NA,"Heteroxenicus_stellatus",TRUE,FALSE,FALSE,"Exact match"
"Hypothymis azurea","黑枕王鹟","Black-naped Monarch","Passeriformes","LC",1,"Hypothymis_azurea",NA,NA,NA,"Hypothymis_azurea",TRUE,FALSE,FALSE,"Exact match"
"Hypsipetes leucocephalus","黑短脚鹎","Black Bulbul","Passeriformes","LC",1,"Hypsipetes_leucocephalus",NA,NA,NA,"Hypsipetes_leucocephalus",TRUE,FALSE,FALSE,"Exact match"
"Ianthocincla lunulata","斑背噪鹛","Barred Laughingthrush","Passeriformes","LC",3,"Ianthocincla_lunulata",NA,NA,NA,"Ianthocincla_lunulata",TRUE,FALSE,FALSE,"Exact match"
"Iduna caligata","靴篱莺","Booted Warbler","Passeriformes","LC",1,"Iduna_caligata",NA,NA,NA,"Iduna_caligata",TRUE,FALSE,FALSE,"Exact match"
"Ixos mcclellandii","绿翅短脚鹎","Mountain Bulbul","Passeriformes","LC",2,"Ixos_mcclellandii",NA,NA,NA,"Ixos_mcclellandii",TRUE,FALSE,FALSE,"Exact match"
"Lalage melaschistos","暗灰鹃鵙","Black-winged Cuckooshrike","Passeriformes","LC",1,"Lalage_melaschistos",NA,NA,NA,"Lalage_melaschistos",TRUE,FALSE,FALSE,"Exact match"
"Lanius borealis","灰伯劳","Northern Grey Shrike","Passeriformes","LC",1,"Lanius_borealis",NA,NA,NA,"Lanius_borealis",TRUE,FALSE,FALSE,"Exact match"
"Lanius collurioides","栗背伯劳","Burmese Shrike","Passeriformes","LC",1,"Lanius_collurioides",NA,NA,NA,"Lanius_collurioides",TRUE,FALSE,FALSE,"Exact match"
"Lanius isabellinus","荒漠伯劳","Isabelline Shrike","Passeriformes","LC",1,"Lanius_isabellinus",NA,NA,NA,"Lanius_isabellinus",TRUE,FALSE,FALSE,"Exact match"
"Lanius schach","棕背伯劳","Long-tailed Shrike","Passeriformes","LC",6,"Lanius_schach",NA,NA,NA,"Lanius_schach",TRUE,FALSE,FALSE,"Exact match"
"Lanius sphenocercus","楔尾伯劳","Chinese Grey Shrike","Passeriformes","LC",1,"Lanius_sphenocercus",NA,NA,NA,"Lanius_sphenocercus",TRUE,FALSE,FALSE,"Exact match"
"Lanius tephronotus","灰背伯劳","Grey-backed Shrike","Passeriformes","LC",2,"Lanius_tephronotus",NA,NA,NA,"Lanius_tephronotus",TRUE,FALSE,FALSE,"Exact match"
"Larvivora akahige","日本歌鸲","Japanese Robin","Passeriformes","LC",2,"Larvivora_akahige",NA,NA,NA,"Larvivora_akahige",TRUE,FALSE,FALSE,"Exact match"
"Larvivora brunnea","栗腹歌鸲","Indian Blue Robin","Passeriformes","LC",1,"Larvivora_brunnea",NA,NA,NA,"Larvivora_brunnea",TRUE,FALSE,FALSE,"Exact match"
"Larvivora cyane","蓝歌鸲","Siberian Blue Robin","Passeriformes","LC",2,"Larvivora_cyane",NA,NA,NA,"Larvivora_cyane",TRUE,FALSE,FALSE,"Exact match"
"Leptopoecile elegans","凤头雀莺","Crested Tit-warbler","Passeriformes","LC",1,"Leptopoecile_elegans",NA,NA,NA,"Leptopoecile_elegans",TRUE,FALSE,FALSE,"Exact match"
"Linaria cannabina","赤胸朱顶雀","Common Linnet","Passeriformes","LC",1,"Linaria_cannabina",NA,NA,NA,"Linaria_cannabina",TRUE,FALSE,FALSE,"Exact match"
"Locustella davidi","北短翅莺","Baikal Grasshopper-warbler","Passeriformes","LC",2,"Locustella_davidi",NA,NA,NA,"Locustella_davidi",TRUE,FALSE,FALSE,"Exact match"
"Locustella mandelli","高山短翅蝗莺","Russet Grasshopper-warbler","Passeriformes","LC",2,"Locustella_mandelli",NA,NA,NA,"Locustella_mandelli",TRUE,FALSE,FALSE,"Exact match"
"Lonchura striata","白腰文鸟","White-rumped Munia","Passeriformes","LC",4,"Lonchura_striata",NA,NA,NA,"Lonchura_striata",TRUE,FALSE,FALSE,"Exact match"
"Lophophanes dichrous","褐冠山雀","Grey-crested Tit","Passeriformes","LC",1,"Lophophanes_dichrous",NA,NA,NA,"Lophophanes_dichrous",TRUE,FALSE,FALSE,"Exact match"
"Loxia curvirostra","红交嘴雀","Red Crossbill","Passeriformes","LC",1,"Loxia_curvirostra",NA,NA,NA,"Loxia_curvirostra",TRUE,FALSE,FALSE,"Exact match"
"Machlolophus xanthogenys","眼纹黄山雀","Black-lored Tit","Passeriformes","LC",1,"Machlolophus_xanthogenys",NA,NA,NA,"Machlolophus_xanthogenys",TRUE,FALSE,FALSE,"Exact match"
"Melanochlora sultanea","冕雀","Sultan Tit","Passeriformes","LC",2,"Melanochlora_sultanea",NA,NA,NA,"Melanochlora_sultanea",TRUE,FALSE,FALSE,"Exact match"
"Mixornis gularis","纹胸鹛","Pin-striped Tit-babbler","Passeriformes","LC",1,"Mixornis_gularis",NA,NA,NA,"Mixornis_gularis",TRUE,FALSE,FALSE,"Exact match"
"Monticola gularis","白喉矶鸫","White-throated Rock-thrush","Passeriformes","LC",1,"Monticola_gularis",NA,NA,NA,"Monticola_gularis",TRUE,FALSE,FALSE,"Exact match"
"Monticola rufiventris","栗腹矶鸫","Chestnut-bellied Rock-thrush","Passeriformes","LC",1,"Monticola_rufiventris",NA,NA,NA,"Monticola_rufiventris",TRUE,FALSE,FALSE,"Exact match"
"Monticola solitarius","蓝矶鸫","Blue Rock-thrush","Passeriformes","LC",1,"Monticola_solitarius",NA,NA,NA,"Monticola_solitarius",TRUE,FALSE,FALSE,"Exact match"
"Motacilla citreola","黄头鹡鸰","Citrine Wagtail","Passeriformes","LC",1,"Motacilla_citreola",NA,NA,NA,"Motacilla_citreola",TRUE,FALSE,FALSE,"Exact match"
"Moupinia poecilotis","宝兴鹛雀","Rufous-tailed Babbler","Passeriformes","LC",1,"Moupinia_poecilotis",NA,NA,NA,"Moupinia_poecilotis",TRUE,FALSE,FALSE,"Exact match"
"Muscicapa dauurica","北灰鹟","Asian Brown Flycatcher","Passeriformes","LC",1,"Muscicapa_dauurica",NA,NA,NA,"Muscicapa_dauurica",TRUE,FALSE,FALSE,"Exact match"
"Muscicapa ferruginea","棕尾褐鹟","Ferruginous Flycatcher","Passeriformes","LC",3,"Muscicapa_ferruginea",NA,NA,NA,"Muscicapa_ferruginea",TRUE,FALSE,FALSE,"Exact match"
"Muscicapa muttui","褐胸鹟","Brown-breasted Flycatcher","Passeriformes","LC",1,"Muscicapa_muttui",NA,NA,NA,"Muscicapa_muttui",TRUE,FALSE,FALSE,"Exact match"
"Mycerobas affinis","黄颈拟蜡嘴雀","Collared Grosbeak","Passeriformes","LC",2,"Mycerobas_affinis",NA,NA,NA,"Mycerobas_affinis",TRUE,FALSE,FALSE,"Exact match"
"Mycerobas carnipes","白斑翅拟蜡嘴雀","White-winged Grosbeak","Passeriformes","LC",1,"Mycerobas_carnipes",NA,NA,NA,"Mycerobas_carnipes",TRUE,FALSE,FALSE,"Exact match"
"Myiomela leucura","白尾蓝地鸲","White-tailed Blue Robin","Passeriformes","LC",1,"Myiomela_leucura",NA,NA,NA,"Myiomela_leucura",TRUE,FALSE,FALSE,"Exact match"
"Myophonus caeruleus","紫啸鸫","Blue Whistling-thrush","Passeriformes","LC",1,"Myophonus_caeruleus",NA,NA,NA,"Myophonus_caeruleus",TRUE,FALSE,FALSE,"Exact match"
"Napothera malacoptila","长嘴鹩鹛","Long-billed Wren-babbler","Passeriformes","LC",1,"Napothera_malacoptila",NA,NA,NA,"Napothera_malacoptila",TRUE,FALSE,FALSE,"Exact match"
"Niltava davidi","棕腹大仙鹟","Fujian Niltava","Passeriformes","LC",1,"Niltava_davidi",NA,NA,NA,"Niltava_davidi",TRUE,FALSE,FALSE,"Exact match"
"Niltava grandis","大仙鹟","Large Niltava","Passeriformes","LC",1,"Niltava_grandis",NA,NA,NA,"Niltava_grandis",TRUE,FALSE,FALSE,"Exact match"
"Niltava macgrigoriae","小仙鹟","Small Niltava","Passeriformes","LC",1,"Niltava_macgrigoriae",NA,NA,NA,"Niltava_macgrigoriae",TRUE,FALSE,FALSE,"Exact match"
"Niltava sundara","棕腹仙鹟","Rufous-bellied Niltava","Passeriformes","LC",1,"Niltava_sundara",NA,NA,NA,"Niltava_sundara",TRUE,FALSE,FALSE,"Exact match"
"Oenanthe deserti","漠䳭","Desert Wheatear","Passeriformes","LC",5,"Oenanthe_deserti",NA,NA,NA,"Oenanthe_deserti",TRUE,FALSE,FALSE,"Exact match"
"Oenanthe oenanthe","穗䳭","Northern Wheatear","Passeriformes","LC",1,"Oenanthe_oenanthe",NA,NA,NA,"Oenanthe_oenanthe",TRUE,FALSE,FALSE,"Exact match"
"Oriolus oriolus","金黄鹂","Eurasian Golden Oriole","Passeriformes","LC",1,"Oriolus_oriolus",NA,NA,NA,"Oriolus_oriolus",TRUE,FALSE,FALSE,"Exact match"
"Otocichla mupinensis","宝兴歌鸫","Chinese Thrush","Passeriformes","LC",6,"Otocichla_mupinensis","Turdus_mupinensis","Genus update","Chinese Thrush placed in Turdus in the tree taxonomy.","Turdus_mupinensis",FALSE,TRUE,FALSE,"Bridged match"
"Panurus biarmicus","文须雀","Bearded Reedling","Passeriformes","LC",2,"Panurus_biarmicus",NA,NA,NA,"Panurus_biarmicus",TRUE,FALSE,FALSE,"Exact match"
"Paradoxornis gularis","灰头鸦雀","Grey-headed Parrotbill","Passeriformes","LC",1,"Paradoxornis_gularis","Psittiparus_gularis","Genus update","Parrotbill generic revision.","Psittiparus_gularis",FALSE,TRUE,FALSE,"Bridged match"
"Paradoxornis guttaticollis","点胸鸦雀","Spot-breasted Parrotbill","Passeriformes","LC",1,"Paradoxornis_guttaticollis",NA,NA,NA,"Paradoxornis_guttaticollis",TRUE,FALSE,FALSE,"Exact match"
"Paradoxornis heudei","震旦鸦雀","Reed Parrotbill","Passeriformes","NT",4,"Paradoxornis_heudei","Calamornis_heudei","Genus update","Parrotbill generic revision.","Calamornis_heudei",FALSE,TRUE,FALSE,"Bridged match"
"Parayuhina diademata","白领凤鹛","White-collared Yuhina","Passeriformes","LC",1,"Parayuhina_diademata",NA,NA,NA,"Parayuhina_diademata",TRUE,FALSE,FALSE,"Exact match"
"Pardaliparus venustulus","黄腹山雀","Yellow-bellied Tit","Passeriformes","LC",2,"Pardaliparus_venustulus","Periparus_venustulus","Genus update","Tit generic revision.","Periparus_venustulus",FALSE,TRUE,FALSE,"Bridged match"
"Parus major","欧亚大山雀","Parus major","Passeriformes","LC",1,"Parus_major",NA,NA,NA,"Parus_major",TRUE,FALSE,FALSE,"Exact match"
"Parus monticolus","绿背山雀","Green-backed Tit","Passeriformes","LC",1,"Parus_monticolus",NA,NA,NA,"Parus_monticolus",TRUE,FALSE,FALSE,"Exact match"
"Passer cinnamomeus","山麻雀","Russet Sparrow","Passeriformes","LC",2,"Passer_cinnamomeus",NA,NA,NA,"Passer_cinnamomeus",TRUE,FALSE,FALSE,"Exact match"
"Passer domesticus","家麻雀","House Sparrow","Passeriformes","LC",2,"Passer_domesticus",NA,NA,NA,"Passer_domesticus",TRUE,FALSE,FALSE,"Exact match"
"Passer hispaniolensis","黑胸麻雀","Spanish Sparrow","Passeriformes","LC",2,"Passer_hispaniolensis",NA,NA,NA,"Passer_hispaniolensis",TRUE,FALSE,FALSE,"Exact match"
"Passerculus sandwichensis","稀树草鹀","Savannah Sparrow","Passeriformes","LC",1,"Passerculus_sandwichensis",NA,NA,NA,"Passerculus_sandwichensis",TRUE,FALSE,FALSE,"Exact match"
"Pastor roseus","粉红椋鸟","Rosy Starling","Passeriformes","LC",1,"Pastor_roseus",NA,NA,NA,"Pastor_roseus",TRUE,FALSE,FALSE,"Exact match"
"Pellorneum albiventre","白腹幽鹛","Spot-Throated Babbler","Passeriformes","LC",1,"Pellorneum_albiventre",NA,NA,NA,"Pellorneum_albiventre",TRUE,FALSE,FALSE,"Exact match"
"Pericrocotus cantonensis","小灰山椒鸟","Brown-rumped Minivet","Passeriformes","LC",1,"Pericrocotus_cantonensis",NA,NA,NA,"Pericrocotus_cantonensis",TRUE,FALSE,FALSE,"Exact match"
"Pericrocotus divaricatus","灰山椒鸟","Ashy Minivet","Passeriformes","LC",1,"Pericrocotus_divaricatus",NA,NA,NA,"Pericrocotus_divaricatus",TRUE,FALSE,FALSE,"Exact match"
"Pericrocotus ethologus","长尾山椒鸟","Long-tailed Minivet","Passeriformes","LC",3,"Pericrocotus_ethologus",NA,NA,NA,"Pericrocotus_ethologus",TRUE,FALSE,FALSE,"Exact match"
"Pericrocotus solaris","灰喉山椒鸟","Grey-chinned Minivet","Passeriformes","LC",1,"Pericrocotus_solaris",NA,NA,NA,"Pericrocotus_solaris",TRUE,FALSE,FALSE,"Exact match"
"Periparus rubidiventris","黑冠山雀","Rufous-vented Tit","Passeriformes","LC",1,"Periparus_rubidiventris",NA,NA,NA,"Periparus_rubidiventris",TRUE,FALSE,FALSE,"Exact match"
"Phoenicurus erythronotus","红背红尾鸲","Eversmann's Redstart","Passeriformes","LC",1,"Phoenicurus_erythronotus",NA,NA,NA,"Phoenicurus_erythronotus",TRUE,FALSE,FALSE,"Exact match"
"Phoenicurus frontalis","蓝额红尾鸲","Blue-fronted Redstart","Passeriformes","LC",2,"Phoenicurus_frontalis",NA,NA,NA,"Phoenicurus_frontalis",TRUE,FALSE,FALSE,"Exact match"
"Phoenicurus ochruros","赭红尾鸲","Black Redstart","Passeriformes","LC",3,"Phoenicurus_ochruros",NA,NA,NA,"Phoenicurus_ochruros",TRUE,FALSE,FALSE,"Exact match"
"Phoenicurus schisticeps","白喉红尾鸲","White-throated Redstart","Passeriformes","LC",1,"Phoenicurus_schisticeps",NA,NA,NA,"Phoenicurus_schisticeps",TRUE,FALSE,FALSE,"Exact match"
"Phyllergates cucullatus","栗头织叶莺","Mountain Tailorbird","Passeriformes","LC",1,"Phyllergates_cucullatus",NA,NA,NA,"Phyllergates_cucullatus",TRUE,FALSE,FALSE,"Exact match"
"Phylloscopus affinis","黄腹柳莺","Tickell's Leaf-warbler","Passeriformes","LC",4,"Phylloscopus_affinis",NA,NA,NA,"Phylloscopus_affinis",TRUE,FALSE,FALSE,"Exact match"
"Phylloscopus borealoides","库页岛柳莺","Sakhalin Leaf-warbler","Passeriformes","LC",5,"Phylloscopus_borealoides",NA,NA,NA,"Phylloscopus_borealoides",TRUE,FALSE,FALSE,"Exact match"
"Phylloscopus burkii","金眶鹟莺","Green-crowned Warbler","Passeriformes","LC",1,"Phylloscopus_burkii",NA,NA,NA,"Phylloscopus_burkii",TRUE,FALSE,FALSE,"Exact match"
"Phylloscopus cantator","黄胸柳莺","Yellow-vented Warbler","Passeriformes","LC",2,"Phylloscopus_cantator",NA,NA,NA,"Phylloscopus_cantator",TRUE,FALSE,FALSE,"Exact match"
"Phylloscopus castaniceps","栗头鹟莺","Chestnut-crowned Warbler","Passeriformes","LC",5,"Phylloscopus_castaniceps",NA,NA,NA,"Phylloscopus_castaniceps",TRUE,FALSE,FALSE,"Exact match"
"Phylloscopus claudiae","冠纹柳莺","Claudia's Leaf-warbler","Passeriformes","LC",1,"Phylloscopus_claudiae",NA,NA,NA,"Phylloscopus_claudiae",TRUE,FALSE,FALSE,"Exact match"
"Phylloscopus collybita","叽喳柳莺","Common Chiffchaff","Passeriformes","LC",8,"Phylloscopus_collybita",NA,NA,NA,"Phylloscopus_collybita",TRUE,FALSE,FALSE,"Exact match"
"Phylloscopus coronatus","冕柳莺","Eastern Crowned Warbler","Passeriformes","LC",1,"Phylloscopus_coronatus",NA,NA,NA,"Phylloscopus_coronatus",TRUE,FALSE,FALSE,"Exact match"
"Phylloscopus humei","淡眉柳莺","Hume's Leaf Warbler","Passeriformes","LC",1,"Phylloscopus_humei",NA,NA,NA,"Phylloscopus_humei",TRUE,FALSE,FALSE,"Exact match"
"Phylloscopus intermedius","白眶鹟莺","White-spectacled Warbler","Passeriformes","LC",5,"Phylloscopus_intermedius",NA,NA,NA,"Phylloscopus_intermedius",TRUE,FALSE,FALSE,"Exact match"
"Phylloscopus maculipennis","灰喉柳莺","ashy-throated warbler","Passeriformes","LC",1,"Phylloscopus_maculipennis",NA,NA,NA,"Phylloscopus_maculipennis",TRUE,FALSE,FALSE,"Exact match"
"Phylloscopus magnirostris","乌嘴柳莺","Large-billed Leaf-warbler","Passeriformes","LC",1,"Phylloscopus_magnirostris",NA,NA,NA,"Phylloscopus_magnirostris",TRUE,FALSE,FALSE,"Exact match"
"Phylloscopus ogilviegranti","白斑尾柳莺","Kloss's Leaf-warbler","Passeriformes","LC",1,"Phylloscopus_ogilviegranti",NA,NA,NA,"Phylloscopus_ogilviegranti",TRUE,FALSE,FALSE,"Exact match"
"Phylloscopus omeiensis","峨眉鹟莺","Martens's Warbler","Passeriformes","LC",1,"Phylloscopus_omeiensis",NA,NA,NA,"Phylloscopus_omeiensis",TRUE,FALSE,FALSE,"Exact match"
"Phylloscopus proregulus","黄腹柳莺","Pallas's Leaf-warbler","Passeriformes","LC",1,"Phylloscopus_proregulus",NA,NA,NA,"Phylloscopus_proregulus",TRUE,FALSE,FALSE,"Exact match"
"Phylloscopus pulcher","橙斑翅柳莺","Buff-barred Warbler","Passeriformes","LC",1,"Phylloscopus_pulcher",NA,NA,NA,"Phylloscopus_pulcher",TRUE,FALSE,FALSE,"Exact match"
"Phylloscopus ricketti","黑眉柳莺","Sulphur-breasted Warbler","Passeriformes","LC",3,"Phylloscopus_ricketti",NA,NA,NA,"Phylloscopus_ricketti",TRUE,FALSE,FALSE,"Exact match"
"Phylloscopus sibilatrix","林柳莺","Wood Warbler","Passeriformes","LC",1,"Phylloscopus_sibilatrix",NA,NA,NA,"Phylloscopus_sibilatrix",TRUE,FALSE,FALSE,"Exact match"
"Phylloscopus soror","淡尾鹟莺","Alström's Warbler","Passeriformes","LC",4,"Phylloscopus_soror",NA,NA,NA,"Phylloscopus_soror",TRUE,FALSE,FALSE,"Exact match"
"Phylloscopus subaffinis","棕腹柳莺","Buff-throated Warbler","Passeriformes","LC",1,"Phylloscopus_subaffinis",NA,NA,NA,"Phylloscopus_subaffinis",TRUE,FALSE,FALSE,"Exact match"
"Phylloscopus tenellipes","淡脚柳莺","Pale-legged Leaf-warbler","Passeriformes","LC",1,"Phylloscopus_tenellipes",NA,NA,NA,"Phylloscopus_tenellipes",TRUE,FALSE,FALSE,"Exact match"
"Phylloscopus tephrocephalus","灰冠鹟莺","Grey-crowned Warbler","Passeriformes","LC",5,"Phylloscopus_tephrocephalus",NA,NA,NA,"Phylloscopus_tephrocephalus",TRUE,FALSE,FALSE,"Exact match"
"Phylloscopus valentini","比氏鹟莺","Phylloscopus valentine","Passeriformes","LC",1,"Phylloscopus_valentini",NA,NA,NA,"Phylloscopus_valentini",TRUE,FALSE,FALSE,"Exact match"
"Phylloscopus yunnanensis","云南柳莺","Chinese Leaf-warbler","Passeriformes","LC",1,"Phylloscopus_yunnanensis",NA,NA,NA,"Phylloscopus_yunnanensis",TRUE,FALSE,FALSE,"Exact match"
"Pitta brachyura","印度八色鸫","Indian Pitta","Passeriformes","LC",1,"Pitta_brachyura",NA,NA,NA,"Pitta_brachyura",TRUE,FALSE,FALSE,"Exact match"
"Pitta moluccensis","蓝翅八色鸫","Blue-winged Pitta","Passeriformes","LC",1,"Pitta_moluccensis",NA,NA,NA,"Pitta_moluccensis",TRUE,FALSE,FALSE,"Exact match"
"Pitta nympha","仙八色鸫","Fairy Pitta","Passeriformes","VU",2,"Pitta_nympha",NA,NA,NA,"Pitta_nympha",TRUE,FALSE,FALSE,"Exact match"
"Pitta sordida","绿胸八色鸫","Western Hooded Pitta","Passeriformes","LC",1,"Pitta_sordida",NA,NA,NA,"Pitta_sordida",TRUE,FALSE,FALSE,"Exact match"
"Plectrophenax nivalis","雪鹀","Snow Bunting","Passeriformes","LC",2,"Plectrophenax_nivalis",NA,NA,NA,"Plectrophenax_nivalis",TRUE,FALSE,FALSE,"Exact match"
"Pnoepyga immaculata","尼泊尔鹪鹛","Nepal Cupwing","Passeriformes","LC",1,"Pnoepyga_immaculata",NA,NA,NA,"Pnoepyga_immaculata",TRUE,FALSE,FALSE,"Exact match"
"Podoces biddulphi","白尾地鸦","Xinjiang Ground-jay","Passeriformes","NT",1,"Podoces_biddulphi",NA,NA,NA,"Podoces_biddulphi",TRUE,FALSE,FALSE,"Exact match"
"Pomatorhinus schisticeps","灰头钩嘴鹛","White-browed Scimitar-babbler","Passeriformes","LC",1,"Pomatorhinus_schisticeps",NA,NA,NA,"Pomatorhinus_schisticeps",TRUE,FALSE,FALSE,"Exact match"
"Pomatorhinus superciliaris","细嘴钩嘴鹛","Slender-billed Scimitar-babbler","Passeriformes","LC",1,"Pomatorhinus_superciliaris",NA,NA,NA,"Pomatorhinus_superciliaris",TRUE,FALSE,FALSE,"Exact match"
"Prinia atrogularis","黑喉山鹪莺","Black-throated Prinia","Passeriformes","LC",4,"Prinia_atrogularis",NA,NA,NA,"Prinia_atrogularis",TRUE,FALSE,FALSE,"Exact match"
"Prinia flaviventris","黄腹山鹪莺","Yellow-bellied Prinia","Passeriformes","LC",4,"Prinia_flaviventris",NA,NA,NA,"Prinia_flaviventris",TRUE,FALSE,FALSE,"Exact match"
"Prinia inornata","纯色山鹪莺","Plain Prinia","Passeriformes","LC",4,"Prinia_inornata",NA,NA,NA,"Prinia_inornata",TRUE,FALSE,FALSE,"Exact match"
"Prinia rufescens","暗冕山鹪莺","rufescent prinia","Passeriformes","LC",1,"Prinia_rufescens",NA,NA,NA,"Prinia_rufescens",TRUE,FALSE,FALSE,"Exact match"
"Prinia striata","山鹪莺","Rufous-fronted Prinia","Passeriformes","LC",1,"Prinia_striata",NA,NA,NA,"Prinia_striata",TRUE,FALSE,FALSE,"Exact match"
"Prunella collaris","领岩鹨","Alpine Accentor","Passeriformes","LC",1,"Prunella_collaris",NA,NA,NA,"Prunella_collaris",TRUE,FALSE,FALSE,"Exact match"
"Prunella himalayana","高原岩鹨","Altai Accentor","Passeriformes","LC",1,"Prunella_himalayana",NA,NA,NA,"Prunella_himalayana",TRUE,FALSE,FALSE,"Exact match"
"Prunella immaculata","栗背岩鹨","Maroon-backed Accentor","Passeriformes","LC",1,"Prunella_immaculata",NA,NA,NA,"Prunella_immaculata",TRUE,FALSE,FALSE,"Exact match"
"Prunella montanella","棕眉山岩鹨","Siberian Accentor","Passeriformes","LC",2,"Prunella_montanella",NA,NA,NA,"Prunella_montanella",TRUE,FALSE,FALSE,"Exact match"
"Prunella strophiata","棕胸岩鹨","Rufous-breasted Accentor","Passeriformes","LC",2,"Prunella_strophiata",NA,NA,NA,"Prunella_strophiata",TRUE,FALSE,FALSE,"Exact match"
"Psarisomus dalhousiae","长尾阔嘴鸟","Long-tailed Broadbill","Passeriformes","LC",1,"Psarisomus_dalhousiae",NA,NA,NA,"Psarisomus_dalhousiae",TRUE,FALSE,FALSE,"Exact match"
"Pseudopodoces humilis","地山雀","Ground Tit","Passeriformes","LC",1,"Pseudopodoces_humilis",NA,NA,NA,"Pseudopodoces_humilis",TRUE,FALSE,FALSE,"Exact match"
"Pterorhinus berthemyi","棕噪鹛","Buffy Laughingthrush","Passeriformes","LC",1,"Pterorhinus_berthemyi",NA,NA,NA,"Pterorhinus_berthemyi",TRUE,FALSE,FALSE,"Exact match"
"Pterorhinus gularis","棕臀噪鹛","Rufous-vented Laughingthrush","Passeriformes","LC",1,"Pterorhinus_gularis",NA,NA,NA,"Pterorhinus_gularis",TRUE,FALSE,FALSE,"Exact match"
"Pterorhinus sannio","白颊噪鹛","White-browed Laughingthrush","Passeriformes","LC",1,"Pterorhinus_sannio",NA,NA,NA,"Pterorhinus_sannio",TRUE,FALSE,FALSE,"Exact match"
"Pteruthius rufiventer","棕腹鵙鹛","Black-headed Shrike-babbler","Passeriformes","LC",1,"Pteruthius_rufiventer",NA,NA,NA,"Pteruthius_rufiventer",TRUE,FALSE,FALSE,"Exact match"
"Pteruthius xanthochlorus","淡绿鵙鹛","Green Shrike-babbler","Passeriformes","LC",3,"Pteruthius_xanthochlorus",NA,NA,NA,"Pteruthius_xanthochlorus",TRUE,FALSE,FALSE,"Exact match"
"Ptyonoprogne rupestris","岩燕","Eurasian Crag Martin","Passeriformes","LC",1,"Ptyonoprogne_rupestris",NA,NA,NA,"Ptyonoprogne_rupestris",TRUE,FALSE,FALSE,"Exact match"
"Pycnonotus aurigaster","白喉红臀鹎","Sooty-headed Bulbul","Passeriformes","LC",1,"Pycnonotus_aurigaster",NA,NA,NA,"Pycnonotus_aurigaster",TRUE,FALSE,FALSE,"Exact match"
"Pycnonotus blanfordi","条耳鹎","Streak-eared Bulbul","Passeriformes","LC",1,"Pycnonotus_blanfordi",NA,NA,NA,"Pycnonotus_blanfordi",TRUE,FALSE,FALSE,"Exact match"
"Pycnonotus goiavier","白眉黄臀鹎","Yellow-vented Bulbul","Passeriformes","LC",1,"Pycnonotus_goiavier",NA,NA,NA,"Pycnonotus_goiavier",TRUE,FALSE,FALSE,"Exact match"
"Pycnonotus jocosus","红耳鹎","Red-whiskered Bulbul","Passeriformes","LC",3,"Pycnonotus_jocosus",NA,NA,NA,"Pycnonotus_jocosus",TRUE,FALSE,FALSE,"Exact match"
"Pycnonotus sinensis","白头鹎","Light-vented Bulbul","Passeriformes","LC",5,"Pycnonotus_sinensis",NA,NA,NA,"Pycnonotus_sinensis",TRUE,FALSE,FALSE,"Exact match"
"Pycnonotus xanthorrhous","黄臀鹎","Brown-breasted Bulbul","Passeriformes","LC",1,"Pycnonotus_xanthorrhous",NA,NA,NA,"Pycnonotus_xanthorrhous",TRUE,FALSE,FALSE,"Exact match"
"Pyrrhula erythaca","灰头灰雀","Grey-headed Bullfinch","Passeriformes","LC",1,"Pyrrhula_erythaca",NA,NA,NA,"Pyrrhula_erythaca",TRUE,FALSE,FALSE,"Exact match"
"Pyrrhula nipalensis","褐灰雀","Brown Bullfinch","Passeriformes","LC",3,"Pyrrhula_nipalensis",NA,NA,NA,"Pyrrhula_nipalensis",TRUE,FALSE,FALSE,"Exact match"
"Pyrrhula pyrrhula","红腹灰雀","Eurasian Bullfinch","Passeriformes","LC",1,"Pyrrhula_pyrrhula",NA,NA,NA,"Pyrrhula_pyrrhula",TRUE,FALSE,FALSE,"Exact match"
"Regulus regulus","戴菊","Goldcrest","Passeriformes","LC",2,"Regulus_regulus",NA,NA,NA,"Regulus_regulus",TRUE,FALSE,FALSE,"Exact match"
"Remiz consobrinus","中华攀雀","Chinese Penduline-tit","Passeriformes","LC",4,"Remiz_consobrinus",NA,NA,NA,"Remiz_consobrinus",TRUE,FALSE,FALSE,"Exact match"
"Remiz coronatus","白冠攀雀","White-crowned Penduline-tit","Passeriformes","LC",4,"Remiz_coronatus",NA,NA,NA,"Remiz_coronatus",TRUE,FALSE,FALSE,"Exact match"
"Remiz pendulinus","欧亚攀雀","Eurasian penduline tit","Passeriformes","LC",1,"Remiz_pendulinus",NA,NA,NA,"Remiz_pendulinus",TRUE,FALSE,FALSE,"Exact match"
"Rhodospiza obsoleta","巨嘴沙雀","Desert Finch","Passeriformes","LC",1,"Rhodospiza_obsoleta",NA,NA,NA,"Rhodospiza_obsoleta",TRUE,FALSE,FALSE,"Exact match"
"Riparia riparia","崖沙燕","Collared Sand Martin","Passeriformes","LC",1,"Riparia_riparia",NA,NA,NA,"Riparia_riparia",TRUE,FALSE,FALSE,"Exact match"
"Rubigula flaviventris","黑冠黄鹎","Black-crested Bulbul","Passeriformes","LC",1,"Rubigula_flaviventris",NA,NA,NA,"Rubigula_flaviventris",TRUE,FALSE,FALSE,"Exact match"
"Saxicola ferreus","灰林䳭","Grey Bushchat","Passeriformes","LC",1,"Saxicola_ferreus",NA,NA,NA,"Saxicola_ferreus",TRUE,FALSE,FALSE,"Exact match"
"Saxicola rubetra","草原石䳭","Whinchat","Passeriformes","LC",1,"Saxicola_rubetra",NA,NA,NA,"Saxicola_rubetra",TRUE,FALSE,FALSE,"Exact match"
"Sitta cinnamoventris","栗腹䴓","Chestnut-bellied Nuthatch","Passeriformes","LC",1,"Sitta_cinnamoventris",NA,NA,NA,"Sitta_cinnamoventris",TRUE,FALSE,FALSE,"Exact match"
"Sitta formosa","丽䴓","Beautiful Nuthatch","Passeriformes","VU",1,"Sitta_formosa",NA,NA,NA,"Sitta_formosa",TRUE,FALSE,FALSE,"Exact match"
"Sittiparus varius","杂色山雀","Varied Tit","Passeriformes","LC",1,"Sittiparus_varius",NA,NA,NA,"Sittiparus_varius",TRUE,FALSE,FALSE,"Exact match"
"Spinus spinus","黄雀","Eurasian Siskin","Passeriformes","LC",1,"Spinus_spinus",NA,NA,NA,"Spinus_spinus",TRUE,FALSE,FALSE,"Exact match"
"Spizixos semitorques","领雀嘴鹎","Collared Finchbill","Passeriformes","LC",3,"Spizixos_semitorques",NA,NA,NA,"Spizixos_semitorques",TRUE,FALSE,FALSE,"Exact match"
"Spodiopsar cineraceus","灰椋鸟","White-cheeked Starling","Passeriformes","LC",1,"Spodiopsar_cineraceus",NA,NA,NA,"Spodiopsar_cineraceus",TRUE,FALSE,FALSE,"Exact match"
"Spodiopsar sericeus","丝光椋鸟","Red-billed Starling","Passeriformes","LC",9,"Spodiopsar_sericeus",NA,NA,NA,"Spodiopsar_sericeus",TRUE,FALSE,FALSE,"Exact match"
"Stachyris humei","黑胸楔嘴穗鹛","Blackish-breasted Babbler","Passeriformes","NT",1,"Stachyris_humei",NA,NA,NA,"Stachyris_humei",TRUE,FALSE,FALSE,"Exact match"
"Stachyris nonggangensis","弄岗穗鹛","Nonggang Babbler","Passeriformes","VU",1,"Stachyris_nonggangensis",NA,NA,NA,"Stachyris_nonggangensis",TRUE,FALSE,FALSE,"Exact match"
"Staphida castaniceps","栗耳凤鹛","Striated Yuhina","Passeriformes","LC",1,"Staphida_castaniceps",NA,NA,NA,"Staphida_castaniceps",TRUE,FALSE,FALSE,"Exact match"
"Staphida torqueola","栗颈凤鹛","Indochinese Yuhina","Passeriformes","LC",1,"Staphida_torqueola",NA,NA,NA,"Staphida_torqueola",TRUE,FALSE,FALSE,"Exact match"
"Sturnia pagodarum","黑冠椋鸟","Brahminy Starling","Passeriformes","LC",1,"Sturnia_pagodarum",NA,NA,NA,"Sturnia_pagodarum",TRUE,FALSE,FALSE,"Exact match"
"Sturnia sinensis","灰背椋鸟","White-shouldered Starling","Passeriformes","LC",1,"Sturnia_sinensis",NA,NA,NA,"Sturnia_sinensis",TRUE,FALSE,FALSE,"Exact match"
"Sturnus vulgaris","紫翅椋鸟","Common Starling","Passeriformes","LC",4,"Sturnus_vulgaris",NA,NA,NA,"Sturnus_vulgaris",TRUE,FALSE,FALSE,"Exact match"
"Suthora alphonsiana","灰喉鸦雀","Ashy-throated Parrotbill","Passeriformes","LC",1,"Suthora_alphonsiana",NA,NA,NA,"Suthora_alphonsiana",TRUE,FALSE,FALSE,"Exact match"
"Suthora conspicillata","白眶鸦雀","Spectacled Parrotbill","Passeriformes","LC",1,"Suthora_conspicillata",NA,NA,NA,"Suthora_conspicillata",TRUE,FALSE,FALSE,"Exact match"
"Suthora fulvifrons","黄额鸦雀","Fulvous Parrotbill","Passeriformes","LC",1,"Suthora_fulvifrons",NA,NA,NA,"Suthora_fulvifrons",TRUE,FALSE,FALSE,"Exact match"
"Suthora przewalskii","灰冠鸦雀","Rusty-throated Parrotbill","Passeriformes","LC",1,"Suthora_przewalskii",NA,NA,NA,"Suthora_przewalskii",TRUE,FALSE,FALSE,"Exact match"
"Suthora webbiana","棕头鸦雀","Vinous-throated Parrotbill","Passeriformes","LC",1,"Suthora_webbiana",NA,NA,NA,"Suthora_webbiana",TRUE,FALSE,FALSE,"Exact match"
"Sylvia atricapilla","黑顶林莺","Eurasian Blackcap","Passeriformes","LC",1,"Sylvia_atricapilla",NA,NA,NA,"Sylvia_atricapilla",TRUE,FALSE,FALSE,"Exact match"
"Sylviparus modestus","黄眉林雀","Yellow-browed Tit","Passeriformes","LC",1,"Sylviparus_modestus",NA,NA,NA,"Sylviparus_modestus",TRUE,FALSE,FALSE,"Exact match"
"Tarsiger chrysaeus","金色林鸲","Golden Bush-robin","Passeriformes","LC",5,"Tarsiger_chrysaeus",NA,NA,NA,"Tarsiger_chrysaeus",TRUE,FALSE,FALSE,"Exact match"
"Tarsiger indicus","白眉林鸲","White-browed Bush-robin","Passeriformes","LC",1,"Tarsiger_indicus",NA,NA,NA,"Tarsiger_indicus",TRUE,FALSE,FALSE,"Exact match"
"Temnurus temnurus","塔尾树鹊","Ratchet-tailed Treepie","Passeriformes","LC",1,"Temnurus_temnurus",NA,NA,NA,"Temnurus_temnurus",TRUE,FALSE,FALSE,"Exact match"
"Tephrodornis virgatus","钩嘴林鵙","Large Woodshrike","Passeriformes","LC",1,"Tephrodornis_virgatus",NA,NA,NA,"Tephrodornis_virgatus",TRUE,FALSE,FALSE,"Exact match"
"Timalia pileata","红顶鹛","Chestnut-capped Babbler","Passeriformes","LC",1,"Timalia_pileata",NA,NA,NA,"Timalia_pileata",TRUE,FALSE,FALSE,"Exact match"
"Turdus boulboul","灰翅鸫","Grey-winged Blackbird","Passeriformes","LC",10,"Turdus_boulboul",NA,NA,NA,"Turdus_boulboul",TRUE,FALSE,FALSE,"Exact match"
"Turdus cardis","乌灰鸫","Japanese Thrush","Passeriformes","LC",2,"Turdus_cardis",NA,NA,NA,"Turdus_cardis",TRUE,FALSE,FALSE,"Exact match"
"Turdus feae","褐头鸫","Grey-sided Thrush","Passeriformes","VU",2,"Turdus_feae",NA,NA,NA,"Turdus_feae",TRUE,FALSE,FALSE,"Exact match"
"Turdus migratorius","旅鸫","American Robin","Passeriformes","LC",1,"Turdus_migratorius",NA,NA,NA,"Turdus_migratorius",TRUE,FALSE,FALSE,"Exact match"
"Turdus naumanni","红尾斑鸫","Naumann's Thrush","Passeriformes","LC",1,"Turdus_naumanni",NA,NA,NA,"Turdus_naumanni",TRUE,FALSE,FALSE,"Exact match"
"Turdus pilaris","田鸫","Fieldfare","Passeriformes","LC",2,"Turdus_pilaris",NA,NA,NA,"Turdus_pilaris",TRUE,FALSE,FALSE,"Exact match"
"Turdus rubrocanus","灰头鸫","Chestnut Thrush","Passeriformes","LC",4,"Turdus_rubrocanus",NA,NA,NA,"Turdus_rubrocanus",TRUE,FALSE,FALSE,"Exact match"
"Turdus ruficollis","赤颈鸫","Rufous-throated Thrush","Passeriformes","LC",1,"Turdus_ruficollis",NA,NA,NA,"Turdus_ruficollis",TRUE,FALSE,FALSE,"Exact match"
"Turdus viscivorus","槲鸫","Mistle Thrush","Passeriformes","LC",2,"Turdus_viscivorus",NA,NA,NA,"Turdus_viscivorus",TRUE,FALSE,FALSE,"Exact match"
"Urosphena squameiceps","鳞头树莺","Asian Stubtail","Passeriformes","LC",1,"Urosphena_squameiceps",NA,NA,NA,"Urosphena_squameiceps",TRUE,FALSE,FALSE,"Exact match"
"Yuhina nigrimenta","黑颏凤鹛","Black-chinned Yuhina","Passeriformes","LC",2,"Yuhina_nigrimenta",NA,NA,NA,"Yuhina_nigrimenta",TRUE,FALSE,FALSE,"Exact match"
"Zoothera dixoni","长尾地鸫","Long-tailed Thrush","Passeriformes","LC",2,"Zoothera_dixoni",NA,NA,NA,"Zoothera_dixoni",TRUE,FALSE,FALSE,"Exact match"
"Zoothera mollissima","光背地鸫","Alpine Thrush","Passeriformes","LC",5,"Zoothera_mollissima",NA,NA,NA,"Zoothera_mollissima",TRUE,FALSE,FALSE,"Exact match"
"Zoothera monticola","大长嘴地鸫","Long-billed Thrush","Passeriformes","LC",2,"Zoothera_monticola",NA,NA,NA,"Zoothera_monticola",TRUE,FALSE,FALSE,"Exact match"
"Zosterops erythropleurus","红胁绣眼鸟","Chestnut-flanked White-eye","Passeriformes","LC",1,"Zosterops_erythropleurus",NA,NA,NA,"Zosterops_erythropleurus",TRUE,FALSE,FALSE,"Exact match"
"Zosterops meyeni","日本绣眼鸟","Lowland White-eye","Passeriformes","LC",1,"Zosterops_meyeni",NA,NA,NA,"Zosterops_meyeni",TRUE,FALSE,FALSE,"Exact match"
"Ardea intermedia","中白鹭","Intermediate Egret","Pelecaniformes","LC",2,"Ardea_intermedia",NA,NA,NA,"Ardea_intermedia",TRUE,FALSE,FALSE,"Exact match"
"Ardea purpurea","草鹭","Purple Heron","Pelecaniformes","LC",1,"Ardea_purpurea",NA,NA,NA,"Ardea_purpurea",TRUE,FALSE,FALSE,"Exact match"
"Ardeola grayii","印度池鹭","Indian Pond Heron","Pelecaniformes","LC",1,"Ardeola_grayii",NA,NA,NA,"Ardeola_grayii",TRUE,FALSE,FALSE,"Exact match"
"Ardeola speciosa","爪哇池鹭","Javan Pond-Heron","Pelecaniformes","LC",1,"Ardeola_speciosa",NA,NA,NA,"Ardeola_speciosa",TRUE,FALSE,FALSE,"Exact match"
"Bubulcus ibis","牛背鹭","Cattle Egret","Pelecaniformes","NR",3,"Bubulcus_ibis",NA,NA,NA,"Bubulcus_ibis",TRUE,FALSE,FALSE,"Exact match"
"Egretta eulophotes","黄嘴白鹭","Chinese Egret","Pelecaniformes","VU",2,"Egretta_eulophotes",NA,NA,NA,"Egretta_eulophotes",TRUE,FALSE,FALSE,"Exact match"
"Egretta garzetta","白鹭","Little Egret","Pelecaniformes","LC",1,"Egretta_garzetta",NA,NA,NA,"Egretta_garzetta",TRUE,FALSE,FALSE,"Exact match"
"Egretta picata","斑鹭","Pied Heron","Pelecaniformes","LC",1,"Egretta_picata",NA,NA,NA,"Egretta_picata",TRUE,FALSE,FALSE,"Exact match"
"Gorsachius goisagi","栗头鳽","Japanese Night Heron","Pelecaniformes","VU",1,"Gorsachius_goisagi",NA,NA,NA,"Gorsachius_goisagi",TRUE,FALSE,FALSE,"Exact match"
"Ixobrychus cinnamomeus","栗苇鳽","Cinnamon Bittern","Pelecaniformes","LC",1,"Ixobrychus_cinnamomeus",NA,NA,NA,"Ixobrychus_cinnamomeus",TRUE,FALSE,FALSE,"Exact match"
"Ixobrychus eurhythmus","紫背苇鳽","Schrenck's Bittern","Pelecaniformes","LC",1,"Ixobrychus_eurhythmus",NA,NA,NA,"Ixobrychus_eurhythmus",TRUE,FALSE,FALSE,"Exact match"
"Ixobrychus minutus","小苇鳽","Common Little Bittern","Pelecaniformes","LC",1,"Ixobrychus_minutus",NA,NA,NA,"Ixobrychus_minutus",TRUE,FALSE,FALSE,"Exact match"
"Mycteria leucocephala","白头鹮鹳","Painted Stork","Pelecaniformes","LC",1,"Mycteria_leucocephala",NA,NA,NA,"Mycteria_leucocephala",TRUE,FALSE,FALSE,"Exact match"
"Nycticorax nycticorax","夜鹭","Black-crowned Night Heron","Pelecaniformes","LC",1,"Nycticorax_nycticorax",NA,NA,NA,"Nycticorax_nycticorax",TRUE,FALSE,FALSE,"Exact match"
"Oroanassa magnifica","海南鳽","White-eared Night Heron","Pelecaniformes","EN",7,"Oroanassa_magnifica",NA,NA,NA,"Oroanassa_magnifica",TRUE,FALSE,FALSE,"Exact match"
"Pelecanus crispus","卷羽鹈鹕","Dalmatian Pelican","Pelecaniformes","NT",1,"Pelecanus_crispus",NA,NA,NA,"Pelecanus_crispus",TRUE,FALSE,FALSE,"Exact match"
"Pelecanus onocrotalus","白鹈鹕","Great White Pelican","Pelecaniformes","LC",3,"Pelecanus_onocrotalus",NA,NA,NA,"Pelecanus_onocrotalus",TRUE,FALSE,FALSE,"Exact match"
"Plegadis falcinellus","彩鹮","Glossy Ibis","Pelecaniformes","LC",2,"Plegadis_falcinellus",NA,NA,NA,"Plegadis_falcinellus",TRUE,FALSE,FALSE,"Exact match"
"Phoenicopterus roseus","大红鹳","Greater Flamingo","Phoenicopteriformes","LC",19,"Phoenicopterus_roseus","Phoenicopterus_roseus","Direct-format safeguard","Explicit bridge retained to make the audit table complete.","Phoenicopterus_roseus",TRUE,FALSE,FALSE,"Exact match"
"Dendrocopos hyperythrus","棕腹啄木鸟","Rufous-bellied Woodpecker","Piciformes","LC",1,"Dendrocopos_hyperythrus",NA,NA,NA,"Dendrocopos_hyperythrus",TRUE,FALSE,FALSE,"Exact match"
"Indicator xanthonotus","黄腰响蜜鴷","Yellow-rumped Honeyguide","Piciformes","LC",1,"Indicator_xanthonotus",NA,NA,NA,"Indicator_xanthonotus",TRUE,FALSE,FALSE,"Exact match"
"Picumnus innominatus","斑姬啄木鸟","Speckled Piculet","Piciformes","LC",2,"Picumnus_innominatus",NA,NA,NA,"Picumnus_innominatus",TRUE,FALSE,FALSE,"Exact match"
"Picus chlorolophus","黄冠啄木鸟","Lesser Yellownape","Piciformes","LC",1,"Picus_chlorolophus",NA,NA,NA,"Picus_chlorolophus",TRUE,FALSE,FALSE,"Exact match"
"Psilopogon faber","黑眉拟啄木鸟","Chinese Barbet","Piciformes","LC",1,"Psilopogon_faber",NA,NA,NA,"Psilopogon_faber",TRUE,FALSE,FALSE,"Exact match"
"Psilopogon faiostrictus","黄纹拟啄木鸟","Green-eared Barbet","Piciformes","LC",2,"Psilopogon_faiostrictus",NA,NA,NA,"Psilopogon_faiostrictus",TRUE,FALSE,FALSE,"Exact match"
"Psilopogon virens","大拟啄木鸟","Great Barbet","Piciformes","LC",1,"Psilopogon_virens",NA,NA,NA,"Psilopogon_virens",TRUE,FALSE,FALSE,"Exact match"
"Sasia ochracea","白眉棕啄木鸟","White-browed Piculet","Piciformes","LC",2,"Sasia_ochracea",NA,NA,NA,"Sasia_ochracea",TRUE,FALSE,FALSE,"Exact match"
"Podiceps auritus","角䴙䴘","Horned Grebe","Podicipediformes","VU",2,"Podiceps_auritus",NA,NA,NA,"Podiceps_auritus",TRUE,FALSE,FALSE,"Exact match"
"Podiceps grisegena","赤颈䴙䴘","Red-necked Grebe","Podicipediformes","LC",1,"Podiceps_grisegena",NA,NA,NA,"Podiceps_grisegena",TRUE,FALSE,FALSE,"Exact match"
"Podiceps nigricollis","黑颈䴙䴘","Black-necked Grebe","Podicipediformes","LC",2,"Podiceps_nigricollis",NA,NA,NA,"Podiceps_nigricollis",TRUE,FALSE,FALSE,"Exact match"
"Ardenna pacifica","楔尾鹱","Wedge-tailed Shearwater","Procellariiformes","LC",2,"Ardenna_pacifica",NA,NA,NA,"Ardenna_pacifica",TRUE,FALSE,FALSE,"Exact match"
"Calonectris leucomelas","白额鹱","Streaked Shearwater","Procellariiformes","NT",2,"Calonectris_leucomelas",NA,NA,NA,"Calonectris_leucomelas",TRUE,FALSE,FALSE,"Exact match"
"Oceanites oceanicus","黄蹼洋海燕","Wilson's Storm-petrel","Procellariiformes","LC",1,"Oceanites_oceanicus",NA,NA,NA,"Oceanites_oceanicus",TRUE,FALSE,FALSE,"Exact match"
"Otus semitorques","日本领角鸮","Japanese Scops Owl","Procellariiformes","LC",5,"Otus_semitorques",NA,NA,NA,"Otus_semitorques",TRUE,FALSE,FALSE,"Exact match"
"Phoebastria immutabilis","黑背信天翁","Laysan Albatross","Procellariiformes","NT",1,"Phoebastria_immutabilis",NA,NA,NA,"Phoebastria_immutabilis",TRUE,FALSE,FALSE,"Exact match"
"Syrrhaptes paradoxus","毛腿沙鸡","Pallas's Sandgrouse","Pterocliformes","LC",1,"Syrrhaptes_paradoxus",NA,NA,NA,"Syrrhaptes_paradoxus",TRUE,FALSE,FALSE,"Exact match"
"Asio flammeus","短耳鸮","Short-eared Owl","Strigiformes","LC",1,"Asio_flammeus",NA,NA,NA,"Asio_flammeus",TRUE,FALSE,FALSE,"Exact match"
"Athene noctua","纵纹腹小鸮","Little Owl","Strigiformes","LC",2,"Athene_noctua",NA,NA,NA,"Athene_noctua",TRUE,FALSE,FALSE,"Exact match"
"Bubo nipalensis","林雕鸮","Spot-bellied Eagle-owl","Strigiformes","LC",2,"Bubo_nipalensis","Ketupa_nipalensis","Genus update","Eagle-owl generic revision in the tree taxonomy.","Ketupa_nipalensis",FALSE,TRUE,FALSE,"Bridged match"
"Glaucidium cuculoides","斑头鸺鹠","Asian Barred Owlet","Strigiformes","LC",1,"Glaucidium_cuculoides",NA,NA,NA,"Glaucidium_cuculoides",TRUE,FALSE,FALSE,"Exact match"
"Ketupa flavipes","黄腿渔鸮","Tawny Fish-owl","Strigiformes","LC",1,"Ketupa_flavipes",NA,NA,NA,"Ketupa_flavipes",TRUE,FALSE,FALSE,"Exact match"
"Ninox japonica","日本鹰鸮","Northern Boobook","Strigiformes","LC",1,"Ninox_japonica",NA,NA,NA,"Ninox_japonica",TRUE,FALSE,FALSE,"Exact match"
"Otus lettia","领角鸮","Collared Scops-owl","Strigiformes","LC",1,"Otus_lettia",NA,NA,NA,"Otus_lettia",TRUE,FALSE,FALSE,"Exact match"
"Otus spilocephalus","黄嘴角鸮","Mountain Scops-owl","Strigiformes","LC",1,"Otus_spilocephalus",NA,NA,NA,"Otus_spilocephalus",TRUE,FALSE,FALSE,"Exact match"
"Sula dactylatra","蓝脸鲣鸟","Blue-faced Booby","Strigiformes","LC",3,"Sula_dactylatra",NA,NA,NA,"Sula_dactylatra",TRUE,FALSE,FALSE,"Exact match"
"Tyto alba","仓鸮","Common Barn-owl","Strigiformes","LC",3,"Tyto_alba",NA,NA,NA,"Tyto_alba",TRUE,FALSE,FALSE,"Exact match"
"Tyto longimembris","草鸮","Eastern Grass-owl","Strigiformes","LC",1,"Tyto_longimembris",NA,NA,NA,"Tyto_longimembris",TRUE,FALSE,FALSE,"Exact match"
"Anhinga melanogaster","黑腹蛇鹈","Oriental Darter","Suliformes","LC",1,"Anhinga_melanogaster",NA,NA,NA,"Anhinga_melanogaster",TRUE,FALSE,FALSE,"Exact match"
"Fregata andrewsi","白腹军舰鸟","Christmas Island Frigatebird","Suliformes","VU",2,"Fregata_andrewsi",NA,NA,NA,"Fregata_andrewsi",TRUE,FALSE,FALSE,"Exact match"
"Fregata ariel","白斑军舰鸟","Lesser Frigatebird","Suliformes","LC",4,"Fregata_ariel",NA,NA,NA,"Fregata_ariel",TRUE,FALSE,FALSE,"Exact match"
"Sula granti","橙嘴鲣鸟","Nazca Booby","Suliformes","LC",1,"Sula_granti",NA,NA,NA,"Sula_granti",TRUE,FALSE,FALSE,"Exact match"
"Sula sula","红脚鲣鸟","Red-footed Booby","Suliformes","LC",4,"Sula_sula",NA,NA,NA,"Sula_sula",TRUE,FALSE,FALSE,"Exact match"
"Urile pelagicus","海鸬鹚","Pelagic Cormorant","Suliformes","LC",1,"Urile_pelagicus",NA,NA,NA,"Urile_pelagicus",TRUE,FALSE,FALSE,"Exact match"
"Harpactes wardi","红腹咬鹃","Ward's Trogon","Trogoniformes","LC",1,"Harpactes_wardi",NA,NA,NA,"Harpactes_wardi",TRUE,FALSE,FALSE,"Exact match"
