"species","species_cn","english_name","order","iucn","n_event_records"
"Accipiter badius","褐耳鹰","Accipiter badius","Accipitriformes","LC",1
"Accipiter gularis","日本松雀鹰","Japanese Sparrowhawk","Accipitriformes","LC",1
"Accipiter soloensis","赤腹鹰","Chinese Sparrowhawk","Accipitriformes","LC",3
"Accipiter trivirgatus","凤头鹰","Crested Goshawk","Accipitriformes","LC",7
"Accipiter virgatus","松雀鹰","Besra","Accipitriformes","LC",1
"Aquila fasciata","白腹隼雕","Bonelli's Eagle","Accipitriformes","LC",2
"Aquila heliaca","白肩雕","Eastern Imperial Eagle","Accipitriformes","VU",2
"Aviceda jerdoni","褐冠鹃隼","Jerdon's Baza","Accipitriformes","LC",2
"Aviceda leuphotes","黑冠鹃隼","Black Baza","Accipitriformes","LC",4
"Butastur indicus","灰脸鵟鹰","Grey-faced Buzzard","Accipitriformes","LC",2
"Circaetus gallicus","短趾雕","Short-toed Snake-eagle","Accipitriformes","LC",3
"Circus aeruginosus","白头鹞","Western Marsh Harrier","Accipitriformes","LC",2
"Circus macrourus","草原鹞","Pallid Harrier","Accipitriformes","NT",1
"Circus spilonotus","白腹鹞","Eastern Marsh-harrier","Accipitriformes","LC",1
"Clanga clanga","乌雕","Greater Spotted Eagle","Accipitriformes","VU",1
"Elanus caeruleus","黑翅鸢","Black-winged Kite","Accipitriformes","LC",8
"Gypaetus barbatus","胡兀鹫","Bearded Vulture","Accipitriformes","NT",2
"Gyps himalayensis","高山兀鹫","Himalayan Griffon","Accipitriformes","NT",2
"Gyps tenuirostris","细嘴兀鹫","Slender-billed Vulture","Accipitriformes","CR",1
"Haliaeetus leucoryphus","玉带海雕","Pallas's Fish-eagle","Accipitriformes","EN",1
"Haliaeetus pelagicus","虎头海雕","Steller's Sea-eagle","Accipitriformes","VU",1
"Haliastur indus","栗鸢","Brahminy Kite","Accipitriformes","LC",1
"Hieraaetus pennatus","靴隼雕","Booted Eagle","Accipitriformes","LC",7
"Ictinaetus malaiensis","林雕","Black Eagle","Accipitriformes","LC",2
"Lophotriorchis kienerii","棕腹隼雕","Rufous-bellied Eagle","Accipitriformes","NT",1
"Nisaetus nipalensis","鹰雕","Mountain Hawk-eagle","Accipitriformes","EN",2
"Pernis ptilorhynchus","凤头蜂鹰","Oriental Honey-buzzard","Accipitriformes","LC",2
"Spilornis cheela","蛇雕","Crested Serpent-eagle","Accipitriformes","LC",2
"Aix galericulata","鸳鸯","Mandarin Duck","Anseriformes","LC",2
"Anas carolinensis","美洲绿翅鸭","Green-Winged Teal","Anseriformes","LC",1
"Anser albifrons","白额雁","Greater White-fronted Goose","Anseriformes","LC",1
"Anser anser","灰雁","Greylag Goose","Anseriformes","LC",1
"Anser caerulescens","雪雁","Snow Goose","Anseriformes","LC",4
"Anser erythropus","小白额雁","Lesser White-fronted Goose","Anseriformes","VU",1
"Anser fabalis","豆雁","Bean Goose","Anseriformes","LC",1
"Anser indicus","斑头雁","Bar-headed Goose","Anseriformes","LC",2
"Asarcornis scutulata","白翅栖鸭","White-winged Duck","Anseriformes","CR",1
"Aythya collaris","环颈潜鸭","Ring-necked Duck","Anseriformes","LC",1
"Aythya fuligula","凤头潜鸭","Tufted Duck","Anseriformes","LC",1
"Aythya nyroca","白眼潜鸭","Ferruginous Duck","Anseriformes","NT",2
"Branta bernicla","黑雁","Brent Goose","Anseriformes","LC",2
"Branta canadensis","加拿大雁","Canada Goose","Anseriformes","LC",3
"Branta hutchinsii","小美洲黑雁","Cackling Goose","Anseriformes","LC",3
"Branta leucopsis","白颊黑雁","Barnacle Goose","Anseriformes","LC",1
"Branta ruficollis","红胸黑雁","Red-breasted Goose","Anseriformes","VU",4
"Clangula hyemalis","长尾鸭","Long-tailed Duck","Anseriformes","VU",7
"Cygnus columbianus","小天鹅","Tundra Swan","Anseriformes","LC",1
"Cygnus olor","疣鼻天鹅","Mute Swan","Anseriformes","LC",3
"Dendrocygna javanica","栗树鸭","Lesser Whistling-duck","Anseriformes","LC",1
"Histrionicus histrionicus","丑鸭","Harlequin Duck","Anseriformes","LC",3
"Mareca falcata","罗纹鸭","Falcated Duck","Anseriformes","LC",3
"Melanitta fusca","丝绒海番鸭","Velvet Scoter","Anseriformes","VU",2
"Melanitta stejnegeri","斑脸海番鸭","Siberian Scoter","Anseriformes","LC",3
"Mergus serrator","红胸秋沙鸭","Red-breasted Merganser","Anseriformes","LC",4
"Netta rufina","赤嘴潜鸭","Red-crested Pochard","Anseriformes","LC",4
"Oxyura leucocephala","白头硬尾鸭","White-headed Duck","Anseriformes","EN",1
"Sibirionetta formosa","花脸鸭","Falcated Duck","Anseriformes","EN",2
"Aerodramus brevirostris","短嘴金丝燕","Himalayan Swiftlet","Caprimulgiformes","LC",1
"Caprimulgus macrurus","长尾夜鹰","Large-tailed Nightjar","Caprimulgiformes","LC",1
"Hemiprocne coronata","凤头雨燕","Crested Treeswift","Caprimulgiformes","LC",1
"Hirundapus caudacutus","白喉针尾雨燕","White-throated Needletail","Caprimulgiformes","LC",1
"Anous stolidus","白顶玄燕鸥","Brown Noddy","Charadriiformes","LC",2
"Arenaria interpres","翻石鹬","Ruddy Turnstone","Charadriiformes","NT",2
"Brachyramphus perdix","长嘴海雀","Long-billed Murrelet","Charadriiformes","NT",1
"Calidris acuminata","尖尾滨鹬","Sharp-tailed Sandpiper","Charadriiformes","VU",2
"Calidris alba","三趾滨鹬","Sanderling","Charadriiformes","LC",1
"Calidris alpina","黑腹滨鹬","Dunlin","Charadriiformes","NT",4
"Calidris bairdii","黑腰滨鹬","Baird's Sandpiper","Charadriiformes","LC",1
"Calidris melanotos","斑胸滨鹬","Pectoral Sandpiper","Charadriiformes","LC",5
"Calidris minuta","小滨鹬","Little Stint","Charadriiformes","LC",10
"Calidris pugnax","流苏鹬","Ruff","Charadriiformes","LC",5
"Calidris pygmaea","勺嘴鹬","Spoon-billed Sandpiper","Charadriiformes","CR",1
"Calidris subminuta","长趾滨鹬","Long-toed Stint","Charadriiformes","LC",2
"Calidris tenuirostris","大滨鹬","Great Knot","Charadriiformes","EN",3
"Charadrius asiaticus","红胸鸻","Caspian Plover","Charadriiformes","LC",1
"Charadrius atrifrons","蒙古沙鸻","Siberian Sandplover","Charadriiformes","LC",6
"Charadrius dealbatus","白脸鸻","White-faced Plover","Charadriiformes","LC",1
"Charadrius hiaticula","剑鸻","Common Ringed Plover","Charadriiformes","LC",1
"Charadrius mongolus","蒙古沙鸻","Siberian Sandplover","Charadriiformes","EN",2
"Charadrius placidus","长嘴剑鸻","Long-billed Plover","Charadriiformes","LC",1
"Charadrius veredus","东方鸻","Oriental Plover","Charadriiformes","LC",4
"Chlidonias leucopterus","白翅浮鸥","White-winged Tern","Charadriiformes","LC",1
"Chlidonias niger","黑浮鸥","Black Tern","Charadriiformes","LC",2
"Gelochelidon nilotica","鸥嘴噪鸥","Common Gull-billed Tern","Charadriiformes","LC",2
"Glareola lactea","灰燕鸻","Little Pratincole","Charadriiformes","LC",2
"Gygis alba","白玄鸥","Atlantic White Tern","Charadriiformes","LC",1
"Hydrocoloeus minutus","小鸥","Little Gull","Charadriiformes","LC",1
"Hydrophasianus chirurgus","水雉","Pheasant-tailed Jacana","Charadriiformes","LC",7
"Hydroprogne caspia","红嘴巨燕鸥","Caspian Tern","Charadriiformes","LC",3
"Larus argentatus","西伯利亚银鸥","European Herring Gull","Charadriiformes","LC",1
"Larus brunnicephalus","棕头鸥","Brown-headed Gull","Charadriiformes","LC",1
"Larus cachinnans","黄腿银鸥","Caspian Gull","Charadriiformes","LC",1
"Larus canus","普通海鸥","Mew Gull","Charadriiformes","LC",1
"Larus crassirostris","黑尾鸥","Black-tailed Gull","Charadriiformes","LC",1
"Larus fuscus","小黑背银鸥","Lesser Black-backed Gull","Charadriiformes","LC",3
"Larus genei","细嘴鸥","Slender-billed Gull","Charadriiformes","LC",2
"Larus glaucescens","灰翅鸥","Glaucous-winged Gull","Charadriiformes","LC",2
"Larus hyperboreus","北极鸥","Glaucous Gull","Charadriiformes","LC",3
"Larus ichthyaetus","渔鸥","Pallas's Gull","Charadriiformes","LC",2
"Larus relictus","遗鸥","Relict Gull","Charadriiformes","VU",1
"Limnodromus scolopaceus","长嘴半蹼鹬","Long-billed Dowitcher","Charadriiformes","VU",6
"Limnodromus semipalmatus","半蹼鹬","Asian Dowitcher","Charadriiformes","NT",2
"Limosa lapponica","斑尾塍鹬","Bar-tailed Godwit","Charadriiformes","NT",1
"Limosa limosa","黑尾塍鹬","Black-tailed Godwit","Charadriiformes","NT",1
"Numenius madagascariensis","大杓鹬","Far Eastern Curlew","Charadriiformes","EN",1
"Numenius minutus","小杓鹬","Little Curlew","Charadriiformes","LC",1
"Numenius phaeopus","中杓鹬","Whimbrel","Charadriiformes","LC",1
"Onychoprion aleuticus","白腰燕鸥","Aleutian Tern","Charadriiformes","VU",4
"Onychoprion anaethetus","褐翅燕鸥","Bridled Tern","Charadriiformes","LC",4
"Onychoprion fuscatus","乌燕鸥","Sooty Tern","Charadriiformes","LC",1
"Phalaropus fulicarius","灰瓣蹼鹬","Red Phalarope","Charadriiformes","LC",4
"Phalaropus lobatus","红颈瓣蹼鹬","Red-necked Phalarope","Charadriiformes","LC",5
"Pluvialis apricaria","欧金鸻","Eurasian Golden Plover","Charadriiformes","LC",1
"Recurvirostra avosetta","反嘴鹬","Pied Avocet","Charadriiformes","LC",2
"Rissa tridactyla","三趾鸥","Black-legged Kittiwake","Charadriiformes","VU",7
"Stercorarius parasiticus","短尾贼鸥","Arctic Jaeger","Charadriiformes","LC",8
"Thalasseus bengalensis","小凤头燕鸥","Lesser Crested Tern","Charadriiformes","LC",2
"Thalasseus bergii","大凤头燕鸥","Greater Crested Tern","Charadriiformes","LC",1
"Tringa brevipes","灰尾漂鹬","Grey-tailed Tattler","Charadriiformes","LC",1
"Vanellus cinereus","灰头麦鸡","Grey-headed Lapwing","Charadriiformes","LC",1
"Vanellus vanellus","凤头麦鸡","Northern Lapwing","Charadriiformes","NT",1
"Anastomus oscitans","钳嘴鹳","Asian Openbill","Ciconiiformes","LC",8
"Ciconia boyciana","东方白鹳","Oriental Stork","Ciconiiformes","EN",3
"Ciconia episcopus","白颈鹳","Asian Woollyneck","Ciconiiformes","NT",1
"Ciconia nigra","黑鹳","Black Stork","Ciconiiformes","LC",1
"Chalcophaps indica","绿翅金鸠","Grey-capped Emerald Dove","Columbiformes","LC",3
"Columba oenas","欧鸽","Stock Dove","Columbiformes","LC",4
"Geopelia striata","斑姬地鸠","Zebra Dove","Columbiformes","LC",1
"Macropygia unchall","斑尾鹃鸠","Barred Cuckoo-Dove","Columbiformes","LC",3
"Spilopelia chinensis","珠颈斑鸠","Eastern Spotted Dove","Columbiformes","LC",2
"Spilopelia senegalensis","棕斑鸠","Laughing Dove","Columbiformes","LC",1
"Streptopelia decaocto","灰斑鸠","Eurasian Collared-dove","Columbiformes","LC",1
"Treron curvirostra","厚嘴绿鸠","Thick-billed Green-pigeon","Columbiformes","LC",1
"Treron seimundi","白腹针尾绿鸠","Yellow-vented Green-pigeon","Columbiformes","LC",1
"Treron sieboldii","红翅绿鸠","White-bellied Green-pigeon","Columbiformes","LC",3
"Treron sphenurus","楔尾绿鸠","Wedge-tailed Green-pigeon","Columbiformes","LC",1
"Alcedo hercules","斑头大翠鸟","Blyth's Kingfisher","Coraciiformes","NT",1
"Ceryle rudis","斑鱼狗","Pied Kingfisher","Coraciiformes","LC",2
"Coracias garrulus","蓝胸佛法僧","European Roller","Coraciiformes","LC",1
"Halcyon coromanda","赤翡翠","Ruddy Kingfisher","Coraciiformes","LC",1
"Halcyon smyrnensis","白胸翡翠","White-throated Kingfisher","Coraciiformes","LC",5
"Megaceryle lugubris","冠鱼狗","Crested Kingfisher","Coraciiformes","LC",3
"Merops philippinus","栗喉蜂虎","Blue-tailed Bee-eater","Coraciiformes","LC",1
"Todiramphus chloris","白领翡翠","Collared Kingfisher","Coraciiformes","LC",1
"Clamator coromandus","红翅凤头鹃","Chestnut-winged Cuckoo","Cuculiformes","LC",5
"Clamator jacobinus","斑翅凤头鹃","Jacobin Cuckoo","Cuculiformes","LC",3
"Eudynamys scolopaceus","噪鹃","Western Koel","Cuculiformes","LC",4
"Hierococcyx nisicolor","棕腹杜鹃","Whistling Hawk-cuckoo","Cuculiformes","LC",1
"Falco cherrug","猎隼","Saker Falcon","Falconiformes","EN",1
"Chrysolophus pictus","红腹锦鸡","Golden Pheasant","Galliformes","LC",1
"Crossoptilon mantchuricum","褐马鸡","Brown Eared-pheasant","Galliformes","LC",1
"Gavia adamsii","黄嘴潜鸟","Yellow-billed Loon","Galliformes","NT",6
"Lophura leucomelanos","黑鹇","Kalij Pheasant","Galliformes","LC",1
"Lophura nycthemera","白鹇","Silver pheasant","Galliformes","LC",4
"Pavo cristatus","蓝孔雀","Indian Peafowl","Galliformes","LC",1
"Perdix hodgsoniae","高原山鹑","Tibetan Partridge","Galliformes","LC",1
"Tragopan caboti","黄腹角雉","Cabot's Tragopan","Galliformes","VU",1
"Tragopan temminckii","红腹角雉","Temminck's Tragopan","Galliformes","LC",1
"Gavia arctica","黑喉潜鸟","Arctic Loon","Gaviiformes","LC",3
"Gavia pacifica","太平洋潜鸟","Pacific Diver","Gaviiformes","LC",1
"Gavia stellata","红喉潜鸟","Red-throated Loon","Gaviiformes","LC",2
"Amaurornis cinerea","白眉田鸡","White-browed Crake","Gruiformes","LC",1
"Amaurornis phoenicurus","白胸苦恶鸟","White-breasted Waterhen","Gruiformes","LC",3
"Coturnicops exquisitus","花田鸡","Swinhoe's Rail","Gruiformes","LC",1
"Grus canadensis","沙丘鹤","Sandhill Crane","Gruiformes","LC",4
"Grus japonensis","丹顶鹤","Red-crowned Crane","Gruiformes","VU",2
"Grus monacha","白头鹤","Hooded Crane","Gruiformes","VU",1
"Grus nigricollis","黑颈鹤","Black-necked Crane","Gruiformes","NT",1
"Grus vipio","白枕鹤","White-naped Crane","Gruiformes","VU",3
"Grus virgo","蓑羽鹤","Demoiselle Crane","Gruiformes","LC",2
"Leucogeranus leucogeranus","白鹤","Siberian Crane","Gruiformes","CR",2
"Porphyrio porphyrio","紫水鸡","Purple Swamphen","Gruiformes","NR",1
"Rallina eurizonoides","白喉斑秧鸡","Slaty-legged Crake","Gruiformes","LC",4
"Rallina fasciata","红脚斑秧鸡","Red-legged Crake","Gruiformes","LC",3
"Rallus aquaticus","西秧鸡","Western Water Rail","Gruiformes","LC",3
"Zapornia bicolor","棕背田鸡","Brown-backed Crake","Gruiformes","LC",1
"Tetrax tetrax","小鸨","Little Bustard","Otidiformes","NT",1
"Abroscopus albogularis","棕脸鹟莺","Rufous-faced Warbler","Passeriformes","LC",5
"Acanthis flammea","白腰朱顶雀","Redpoll","Passeriformes","LC",2
"Acridotheres tristis","家八哥","Common Myna","Passeriformes","LC",2
"Acrocephalus agricola","稻田苇莺","Paddyfield Warbler","Passeriformes","LC",1
"Acrocephalus bistrigiceps","黑眉苇莺","Black-browed Reed-warbler","Passeriformes","LC",2
"Acrocephalus concinens","钝翅苇莺","Blunt-winged Warbler","Passeriformes","LC",1
"Acrocephalus dumetorum","布氏苇莺","Blyth's Reed-warbler","Passeriformes","LC",1
"Acrocephalus tangorum","远东苇莺","White-browed Reed-warbler","Passeriformes","VU",1
"Aegithalos bonvaloti","黑眉长尾山雀","Black-browed Tit","Passeriformes","LC",1
"Aegithalos caudatus","北长尾山雀","Long-tailed Tit","Passeriformes","LC",2
"Aegithalos concinnus","红头长尾山雀","Black-Throated Bushtit","Passeriformes","LC",4
"Aegithalos fuliginosus","银脸长尾山雀","Sooty Tit","Passeriformes","LC",2
"Aethopyga christinae","叉尾太阳鸟","Hainan Sunbird","Passeriformes","LC",2
"Aethopyga gouldiae","蓝喉太阳鸟","Gould's Sunbird","Passeriformes","LC",1
"Agropsar philippensis","紫背椋鸟","Chestnut-cheeked Starling","Passeriformes","LC",1
"Agropsar sturninus","北椋鸟","Purple-backed Starling","Passeriformes","LC",1
"Alcippe morrisonia","灰眶雀鹛","Grey-cheeked Fulvetta","Passeriformes","NR",1
"Anthreptes malacensis","褐喉直嘴太阳鸟","Brown-throated Sunbird","Passeriformes","LC",1
"Anthus godlewskii","布莱氏鹨","Blyth's Pipit","Passeriformes","LC",1
"Anthus gustavi","北鹨","Pechora Pipit","Passeriformes","LC",5
"Anthus pratensis","草地鹨","Meadow Pipit","Passeriformes","LC",1
"Anthus richardi","田鹨","Richard's Pipit","Passeriformes","LC",1
"Anthus roseatus","粉红胸鹨","Rosy Pipit","Passeriformes","LC",1
"Anthus trivialis","林鹨","Tree Pipit","Passeriformes","LC",1
"Artamus fuscus","灰燕鵙","Ashy Woodswallow","Passeriformes","LC",6
"Bombycilla japonica","小太平鸟","Japanese Waxwing","Passeriformes","NT",3
"Bucanetes mongolicus","蒙古沙雀","Mongolian Finch","Passeriformes","LC",3
"Calandrella brachydactyla","大短趾百灵","Greater Short-toed Lark","Passeriformes","LC",1
"Callacanthis burtoni","红眉金翅雀","Spectacled Finch","Passeriformes","LC",1
"Calliope obscura","黑喉歌鸲","Blackthroat","Passeriformes","VU",1
"Carduelis carduelis","红额金翅雀","European Goldfinch","Passeriformes","LC",2
"Carpodacus roborowskii","藏雀","Tibetan Rosefinch","Passeriformes","LC",1
"Carpodacus vinaceus","酒红朱雀","Vinaceous Rosefinch","Passeriformes","LC",1
"Cecropis daurica","金腰燕","Red-rumped Swallow","Passeriformes","LC",1
"Cecropis striolata","斑腰燕","Striated Swallow","Passeriformes","LC",1
"Cephalopyrus flammiceps","火冠雀","Fire-capped Tit","Passeriformes","LC",2
"Cettia brunnifrons","棕顶树莺","Grey-sided Bush-warbler","Passeriformes","LC",1
"Cettia castaneocoronata","栗头树莺","Chestnut-headed Tesia","Passeriformes","LC",1
"Chloris ambigua","黑头金翅雀","Black-headed Greenfinch","Passeriformes","LC",1
"Chloris chloris","欧金翅雀","European Greenfinch","Passeriformes","LC",1
"Chloris sinica","金翅雀","Oriental Greenfinch","Passeriformes","LC",1
"Copsychus saularis","鹊鸲","Oriental Magpie-robin","Passeriformes","LC",1
"Coracina macei","大鹃鵙","Indian Cuckooshrike","Passeriformes","LC",1
"Curruca communis","灰白喉林莺","Common Whitethroat","Passeriformes","LC",1
"Curruca crassirostris","东歌林莺","Eastern Orphean Warbler","Passeriformes","LC",1
"Curruca curruca","白喉林莺","Lesser Whitethroat","Passeriformes","LC",2
"Cyanistes cyanus","灰蓝山雀","Azure Tit","Passeriformes","LC",1
"Cyanoderma pyrrhops","黑颏穗鹛","Black-chinned Babbler","Passeriformes","LC",1
"Cyanoderma rufifrons","黄喉穗鹛","Rufous-fronted Babbler","Passeriformes","LC",1
"Cyornis glaucicomans","中华仙鹟","Chinese Blue Flycatcher","Passeriformes","LC",2
"Delichon dasypus","烟腹毛脚燕","Asian House Martin","Passeriformes","LC",1
"Dendrocitta formosae","灰树鹊","Grey Treepie","Passeriformes","LC",1
"Dicaeum cruentatum","朱背啄花鸟","Scarlet-backed Flowerpecker","Passeriformes","LC",1
"Dicaeum ignipectus","红胸啄花鸟","Fire-breasted Flowerpecker","Passeriformes","LC",1
"Dicaeum minullum","纯色啄花鸟","Plain Flowerpecker","Passeriformes","LC",1
"Dicrurus annectens","鸦嘴卷尾","Crow-billed Drongo","Passeriformes","LC",1
"Dicrurus hottentottus","发冠卷尾","Hair-crested Drongo","Passeriformes","LC",1
"Dicrurus remifer","小盘尾","Lesser Racquet-tailed Drongo","Passeriformes","LC",1
"Elachura formosa","丽星鹩鹛","Spotted Elachura","Passeriformes","LC",2
"Emberiza buchanani","灰颈鹀","Grey-necked Bunting","Passeriformes","LC",1
"Emberiza chrysophrys","黄眉鹀","Yellow-browed Bunting","Passeriformes","LC",3
"Emberiza elegans","黄喉鹀","Yellow-throated Bunting","Passeriformes","LC",3
"Emberiza godlewskii","灰眉岩鹀","Godlewski's Bunting","Passeriformes","LC",2
"Emberiza hortulana","圃鹀","Ortolan Bunting","Passeriformes","LC",1
"Emberiza leucocephalos","白头鹀","Pine Bunting","Passeriformes","LC",3
"Emberiza melanocephala","黑头鹀","Black-headed Bunting","Passeriformes","LC",1
"Emberiza pusilla","小鹀","Little Bunting","Passeriformes","LC",1
"Emberiza rustica","田鹀","Rustic Bunting","Passeriformes","VU",1
"Emberiza siemsseni","蓝鹀","Slaty Bunting","Passeriformes","LC",2
"Emberiza stewarti","白顶鹀","White-capped Bunting","Passeriformes","LC",1
"Emberiza sulphurata","硫磺鹀","Yellow Bunting","Passeriformes","LC",1
"Emberiza yessoensis","红颈苇鹀","Ochre-rumped Bunting","Passeriformes","NT",2
"Enicurus leschenaulti","白冠燕尾","White-crowned Forktail","Passeriformes","LC",1
"Enicurus maculatus","斑背燕尾","Spotted Forktail","Passeriformes","LC",2
"Enicurus schistaceus","灰背燕尾","Slaty-backed Forktail","Passeriformes","LC",1
"Eremophila alpestris","角百灵","Horned Lark","Passeriformes","LC",1
"Erithacus rubecula","欧亚鸲","European Robin","Passeriformes","LC",8
"Erpornis zantholeuca","白腹凤鹛","White-bellied Erpornis","Passeriformes","LC",1
"Erythrogenys hypoleucos","长嘴钩嘴鹛","Large Scimitar-babbler","Passeriformes","LC",1
"Eumyias thalassinus","铜蓝鹟","Verditer Flycatcher","Passeriformes","LC",6
"Ficedula albicilla","红喉姬鹟","Red-throated Flycatcher","Passeriformes","LC",1
"Ficedula elisae","绿背姬鹟","Green-backed Flycatcher","Passeriformes","LC",3
"Ficedula erithacus","锈胸蓝姬鹟","Slaty-backed Flycatcher","Passeriformes","LC",2
"Ficedula mugimaki","鸲姬鹟","Mugimaki Flycatcher","Passeriformes","LC",1
"Ficedula narcissina","黄眉姬鹟","Narcissus Flycatcher","Passeriformes","LC",3
"Ficedula owstoni","琉球姬鹟","Ryukyu Flycatcher","Passeriformes","LC",1
"Ficedula parva","红胸姬鹟","Red-breasted Flycatcher","Passeriformes","LC",7
"Ficedula ruficauda","栗尾姬鹟","Rusty-tailed Flycatcher","Passeriformes","LC",1
"Ficedula strophiata","橙胸姬鹟","Rufous-gorgeted Flycatcher","Passeriformes","LC",1
"Ficedula superciliaris","白眉蓝姬鹟","Ultramarine Flycatcher","Passeriformes","LC",1
"Ficedula tricolor","灰蓝姬鹟","Slaty-blue Flycatcher","Passeriformes","LC",3
"Fringilla coelebs","苍头燕雀","Common Chaffinch","Passeriformes","LC",6
"Fringilla montifringilla","燕雀","Brambling","Passeriformes","LC",1
"Galerida cristata","凤头百灵","Crested Lark","Passeriformes","LC",1
"Garrulax maesi","褐胸噪鹛","Grey Laughingthrush","Passeriformes","LC",1
"Garrulax monileger","小黑领噪鹛","Lesser Necklaced Laughingthrush","Passeriformes","LC",3
"Geokichla citrina","橙头地鸫","Orange-headed Thrush","Passeriformes","LC",2
"Geokichla wardii","杂色地鸫","Pied Thrush","Passeriformes","LC",1
"Gracupica nigricollis","黑领椋鸟","Black-collared Starling","Passeriformes","LC",4
"Grandala coelicolor","蓝大翅鸲","Grandala","Passeriformes","LC",1
"Helopsaltes certhiola","小蝗莺","Pallas's Grasshopper-warbler","Passeriformes","LC",1
"Helopsaltes ochotensis","北蝗莺","Middendorff's Grasshopper-warbler","Passeriformes","LC",1
"Helopsaltes pleskei","史氏蝗莺","Pleske's Grasshopper Warbler","Passeriformes","LC",2
"Helopsaltes pryeri","斑背大尾莺","Marsh Grassbird","Passeriformes","NT",1
"Hemitesia pallidipes","淡脚树莺","Pale-footed Bush-warbler","Passeriformes","LC",1
"Hemixos castanonotus","栗背短脚鹎","Chestnut Bulbul","Passeriformes","LC",2
"Heterophasia desgodinsi","黑头奇鹛","Black-headed Sibia","Passeriformes","LC",2
"Heteroxenicus stellatus","栗背短翅鸫","Gould's Shortwing","Passeriformes","LC",1
"Hypothymis azurea","黑枕王鹟","Black-naped Monarch","Passeriformes","LC",1
"Hypsipetes leucocephalus","黑短脚鹎","Black Bulbul","Passeriformes","LC",1
"Ianthocincla lunulata","斑背噪鹛","Barred Laughingthrush","Passeriformes","LC",3
"Iduna caligata","靴篱莺","Booted Warbler","Passeriformes","LC",1
"Ixos mcclellandii","绿翅短脚鹎","Mountain Bulbul","Passeriformes","LC",2
"Lalage melaschistos","暗灰鹃鵙","Black-winged Cuckooshrike","Passeriformes","LC",1
"Lanius borealis","灰伯劳","Northern Grey Shrike","Passeriformes","LC",1
"Lanius collurioides","栗背伯劳","Burmese Shrike","Passeriformes","LC",1
"Lanius isabellinus","荒漠伯劳","Isabelline Shrike","Passeriformes","LC",1
"Lanius schach","棕背伯劳","Long-tailed Shrike","Passeriformes","LC",6
"Lanius sphenocercus","楔尾伯劳","Chinese Grey Shrike","Passeriformes","LC",1
"Lanius tephronotus","灰背伯劳","Grey-backed Shrike","Passeriformes","LC",2
"Larvivora akahige","日本歌鸲","Japanese Robin","Passeriformes","LC",2
"Larvivora brunnea","栗腹歌鸲","Indian Blue Robin","Passeriformes","LC",1
"Larvivora cyane","蓝歌鸲","Siberian Blue Robin","Passeriformes","LC",2
"Leptopoecile elegans","凤头雀莺","Crested Tit-warbler","Passeriformes","LC",1
"Linaria cannabina","赤胸朱顶雀","Common Linnet","Passeriformes","LC",1
"Locustella davidi","北短翅莺","Baikal Grasshopper-warbler","Passeriformes","LC",2
"Locustella mandelli","高山短翅蝗莺","Russet Grasshopper-warbler","Passeriformes","LC",2
"Lonchura striata","白腰文鸟","White-rumped Munia","Passeriformes","LC",4
"Lophophanes dichrous","褐冠山雀","Grey-crested Tit","Passeriformes","LC",1
"Loxia curvirostra","红交嘴雀","Red Crossbill","Passeriformes","LC",1
"Machlolophus xanthogenys","眼纹黄山雀","Black-lored Tit","Passeriformes","LC",1
"Melanochlora sultanea","冕雀","Sultan Tit","Passeriformes","LC",2
"Mixornis gularis","纹胸鹛","Pin-striped Tit-babbler","Passeriformes","LC",1
"Monticola gularis","白喉矶鸫","White-throated Rock-thrush","Passeriformes","LC",1
"Monticola rufiventris","栗腹矶鸫","Chestnut-bellied Rock-thrush","Passeriformes","LC",1
"Monticola solitarius","蓝矶鸫","Blue Rock-thrush","Passeriformes","LC",1
"Motacilla citreola","黄头鹡鸰","Citrine Wagtail","Passeriformes","LC",1
"Moupinia poecilotis","宝兴鹛雀","Rufous-tailed Babbler","Passeriformes","LC",1
"Muscicapa dauurica","北灰鹟","Asian Brown Flycatcher","Passeriformes","LC",1
"Muscicapa ferruginea","棕尾褐鹟","Ferruginous Flycatcher","Passeriformes","LC",3
"Muscicapa muttui","褐胸鹟","Brown-breasted Flycatcher","Passeriformes","LC",1
"Mycerobas affinis","黄颈拟蜡嘴雀","Collared Grosbeak","Passeriformes","LC",2
"Mycerobas carnipes","白斑翅拟蜡嘴雀","White-winged Grosbeak","Passeriformes","LC",1
"Myiomela leucura","白尾蓝地鸲","White-tailed Blue Robin","Passeriformes","LC",1
"Myophonus caeruleus","紫啸鸫","Blue Whistling-thrush","Passeriformes","LC",1
"Napothera malacoptila","长嘴鹩鹛","Long-billed Wren-babbler","Passeriformes","LC",1
"Niltava davidi","棕腹大仙鹟","Fujian Niltava","Passeriformes","LC",1
"Niltava grandis","大仙鹟","Large Niltava","Passeriformes","LC",1
"Niltava macgrigoriae","小仙鹟","Small Niltava","Passeriformes","LC",1
"Niltava sundara","棕腹仙鹟","Rufous-bellied Niltava","Passeriformes","LC",1
"Oenanthe deserti","漠䳭","Desert Wheatear","Passeriformes","LC",5
"Oenanthe oenanthe","穗䳭","Northern Wheatear","Passeriformes","LC",1
"Oriolus oriolus","金黄鹂","Eurasian Golden Oriole","Passeriformes","LC",1
"Otocichla mupinensis","宝兴歌鸫","Chinese Thrush","Passeriformes","LC",6
"Panurus biarmicus","文须雀","Bearded Reedling","Passeriformes","LC",2
"Paradoxornis gularis","灰头鸦雀","Grey-headed Parrotbill","Passeriformes","LC",1
"Paradoxornis guttaticollis","点胸鸦雀","Spot-breasted Parrotbill","Passeriformes","LC",1
"Paradoxornis heudei","震旦鸦雀","Reed Parrotbill","Passeriformes","NT",4
"Parayuhina diademata","白领凤鹛","White-collared Yuhina","Passeriformes","LC",1
"Pardaliparus venustulus","黄腹山雀","Yellow-bellied Tit","Passeriformes","LC",2
"Parus major","欧亚大山雀","Parus major","Passeriformes","LC",1
"Parus monticolus","绿背山雀","Green-backed Tit","Passeriformes","LC",1
"Passer cinnamomeus","山麻雀","Russet Sparrow","Passeriformes","LC",2
"Passer domesticus","家麻雀","House Sparrow","Passeriformes","LC",2
"Passer hispaniolensis","黑胸麻雀","Spanish Sparrow","Passeriformes","LC",2
"Passerculus sandwichensis","稀树草鹀","Savannah Sparrow","Passeriformes","LC",1
"Pastor roseus","粉红椋鸟","Rosy Starling","Passeriformes","LC",1
"Pellorneum albiventre","白腹幽鹛","Spot-Throated Babbler","Passeriformes","LC",1
"Pericrocotus cantonensis","小灰山椒鸟","Brown-rumped Minivet","Passeriformes","LC",1
"Pericrocotus divaricatus","灰山椒鸟","Ashy Minivet","Passeriformes","LC",1
"Pericrocotus ethologus","长尾山椒鸟","Long-tailed Minivet","Passeriformes","LC",3
"Pericrocotus solaris","灰喉山椒鸟","Grey-chinned Minivet","Passeriformes","LC",1
"Periparus rubidiventris","黑冠山雀","Rufous-vented Tit","Passeriformes","LC",1
"Phoenicurus erythronotus","红背红尾鸲","Eversmann's Redstart","Passeriformes","LC",1
"Phoenicurus frontalis","蓝额红尾鸲","Blue-fronted Redstart","Passeriformes","LC",2
"Phoenicurus ochruros","赭红尾鸲","Black Redstart","Passeriformes","LC",3
"Phoenicurus schisticeps","白喉红尾鸲","White-throated Redstart","Passeriformes","LC",1
"Phyllergates cucullatus","栗头织叶莺","Mountain Tailorbird","Passeriformes","LC",1
"Phylloscopus affinis","黄腹柳莺","Tickell's Leaf-warbler","Passeriformes","LC",4
"Phylloscopus borealoides","库页岛柳莺","Sakhalin Leaf-warbler","Passeriformes","LC",5
"Phylloscopus burkii","金眶鹟莺","Green-crowned Warbler","Passeriformes","LC",1
"Phylloscopus cantator","黄胸柳莺","Yellow-vented Warbler","Passeriformes","LC",2
"Phylloscopus castaniceps","栗头鹟莺","Chestnut-crowned Warbler","Passeriformes","LC",5
"Phylloscopus claudiae","冠纹柳莺","Claudia's Leaf-warbler","Passeriformes","LC",1
"Phylloscopus collybita","叽喳柳莺","Common Chiffchaff","Passeriformes","LC",8
"Phylloscopus coronatus","冕柳莺","Eastern Crowned Warbler","Passeriformes","LC",1
"Phylloscopus humei","淡眉柳莺","Hume's Leaf Warbler","Passeriformes","LC",1
"Phylloscopus intermedius","白眶鹟莺","White-spectacled Warbler","Passeriformes","LC",5
"Phylloscopus maculipennis","灰喉柳莺","ashy-throated warbler","Passeriformes","LC",1
"Phylloscopus magnirostris","乌嘴柳莺","Large-billed Leaf-warbler","Passeriformes","LC",1
"Phylloscopus ogilviegranti","白斑尾柳莺","Kloss's Leaf-warbler","Passeriformes","LC",1
"Phylloscopus omeiensis","峨眉鹟莺","Martens's Warbler","Passeriformes","LC",1
"Phylloscopus proregulus","黄腹柳莺","Pallas's Leaf-warbler","Passeriformes","LC",1
"Phylloscopus pulcher","橙斑翅柳莺","Buff-barred Warbler","Passeriformes","LC",1
"Phylloscopus ricketti","黑眉柳莺","Sulphur-breasted Warbler","Passeriformes","LC",3
"Phylloscopus sibilatrix","林柳莺","Wood Warbler","Passeriformes","LC",1
"Phylloscopus soror","淡尾鹟莺","Alström's Warbler","Passeriformes","LC",4
"Phylloscopus subaffinis","棕腹柳莺","Buff-throated Warbler","Passeriformes","LC",1
"Phylloscopus tenellipes","淡脚柳莺","Pale-legged Leaf-warbler","Passeriformes","LC",1
"Phylloscopus tephrocephalus","灰冠鹟莺","Grey-crowned Warbler","Passeriformes","LC",5
"Phylloscopus valentini","比氏鹟莺","Phylloscopus valentine","Passeriformes","LC",1
"Phylloscopus yunnanensis","云南柳莺","Chinese Leaf-warbler","Passeriformes","LC",1
"Pitta brachyura","印度八色鸫","Indian Pitta","Passeriformes","LC",1
"Pitta moluccensis","蓝翅八色鸫","Blue-winged Pitta","Passeriformes","LC",1
"Pitta nympha","仙八色鸫","Fairy Pitta","Passeriformes","VU",2
"Pitta sordida","绿胸八色鸫","Western Hooded Pitta","Passeriformes","LC",1
"Plectrophenax nivalis","雪鹀","Snow Bunting","Passeriformes","LC",2
"Pnoepyga immaculata","尼泊尔鹪鹛","Nepal Cupwing","Passeriformes","LC",1
"Podoces biddulphi","白尾地鸦","Xinjiang Ground-jay","Passeriformes","NT",1
"Pomatorhinus schisticeps","灰头钩嘴鹛","White-browed Scimitar-babbler","Passeriformes","LC",1
"Pomatorhinus superciliaris","细嘴钩嘴鹛","Slender-billed Scimitar-babbler","Passeriformes","LC",1
"Prinia atrogularis","黑喉山鹪莺","Black-throated Prinia","Passeriformes","LC",4
"Prinia flaviventris","黄腹山鹪莺","Yellow-bellied Prinia","Passeriformes","LC",4
"Prinia inornata","纯色山鹪莺","Plain Prinia","Passeriformes","LC",4
"Prinia rufescens","暗冕山鹪莺","rufescent prinia","Passeriformes","LC",1
"Prinia striata","山鹪莺","Rufous-fronted Prinia","Passeriformes","LC",1
"Prunella collaris","领岩鹨","Alpine Accentor","Passeriformes","LC",1
"Prunella himalayana","高原岩鹨","Altai Accentor","Passeriformes","LC",1
"Prunella immaculata","栗背岩鹨","Maroon-backed Accentor","Passeriformes","LC",1
"Prunella montanella","棕眉山岩鹨","Siberian Accentor","Passeriformes","LC",2
"Prunella strophiata","棕胸岩鹨","Rufous-breasted Accentor","Passeriformes","LC",2
"Psarisomus dalhousiae","长尾阔嘴鸟","Long-tailed Broadbill","Passeriformes","LC",1
"Pseudopodoces humilis","地山雀","Ground Tit","Passeriformes","LC",1
"Pterorhinus berthemyi","棕噪鹛","Buffy Laughingthrush","Passeriformes","LC",1
"Pterorhinus gularis","棕臀噪鹛","Rufous-vented Laughingthrush","Passeriformes","LC",1
"Pterorhinus sannio","白颊噪鹛","White-browed Laughingthrush","Passeriformes","LC",1
"Pteruthius rufiventer","棕腹鵙鹛","Black-headed Shrike-babbler","Passeriformes","LC",1
"Pteruthius xanthochlorus","淡绿鵙鹛","Green Shrike-babbler","Passeriformes","LC",3
"Ptyonoprogne rupestris","岩燕","Eurasian Crag Martin","Passeriformes","LC",1
"Pycnonotus aurigaster","白喉红臀鹎","Sooty-headed Bulbul","Passeriformes","LC",1
"Pycnonotus blanfordi","条耳鹎","Streak-eared Bulbul","Passeriformes","LC",1
"Pycnonotus goiavier","白眉黄臀鹎","Yellow-vented Bulbul","Passeriformes","LC",1
"Pycnonotus jocosus","红耳鹎","Red-whiskered Bulbul","Passeriformes","LC",3
"Pycnonotus sinensis","白头鹎","Light-vented Bulbul","Passeriformes","LC",5
"Pycnonotus xanthorrhous","黄臀鹎","Brown-breasted Bulbul","Passeriformes","LC",1
"Pyrrhula erythaca","灰头灰雀","Grey-headed Bullfinch","Passeriformes","LC",1
"Pyrrhula nipalensis","褐灰雀","Brown Bullfinch","Passeriformes","LC",3
"Pyrrhula pyrrhula","红腹灰雀","Eurasian Bullfinch","Passeriformes","LC",1
"Regulus regulus","戴菊","Goldcrest","Passeriformes","LC",2
"Remiz consobrinus","中华攀雀","Chinese Penduline-tit","Passeriformes","LC",4
"Remiz coronatus","白冠攀雀","White-crowned Penduline-tit","Passeriformes","LC",4
"Remiz pendulinus","欧亚攀雀","Eurasian penduline tit","Passeriformes","LC",1
"Rhodospiza obsoleta","巨嘴沙雀","Desert Finch","Passeriformes","LC",1
"Riparia riparia","崖沙燕","Collared Sand Martin","Passeriformes","LC",1
"Rubigula flaviventris","黑冠黄鹎","Black-crested Bulbul","Passeriformes","LC",1
"Saxicola ferreus","灰林䳭","Grey Bushchat","Passeriformes","LC",1
"Saxicola rubetra","草原石䳭","Whinchat","Passeriformes","LC",1
"Sitta cinnamoventris","栗腹䴓","Chestnut-bellied Nuthatch","Passeriformes","LC",1
"Sitta formosa","丽䴓","Beautiful Nuthatch","Passeriformes","VU",1
"Sittiparus varius","杂色山雀","Varied Tit","Passeriformes","LC",1
"Spinus spinus","黄雀","Eurasian Siskin","Passeriformes","LC",1
"Spizixos semitorques","领雀嘴鹎","Collared Finchbill","Passeriformes","LC",3
"Spodiopsar cineraceus","灰椋鸟","White-cheeked Starling","Passeriformes","LC",1
"Spodiopsar sericeus","丝光椋鸟","Red-billed Starling","Passeriformes","LC",9
"Stachyris humei","黑胸楔嘴穗鹛","Blackish-breasted Babbler","Passeriformes","NT",1
"Stachyris nonggangensis","弄岗穗鹛","Nonggang Babbler","Passeriformes","VU",1
"Staphida castaniceps","栗耳凤鹛","Striated Yuhina","Passeriformes","LC",1
"Staphida torqueola","栗颈凤鹛","Indochinese Yuhina","Passeriformes","LC",1
"Sturnia pagodarum","黑冠椋鸟","Brahminy Starling","Passeriformes","LC",1
"Sturnia sinensis","灰背椋鸟","White-shouldered Starling","Passeriformes","LC",1
"Sturnus vulgaris","紫翅椋鸟","Common Starling","Passeriformes","LC",4
"Suthora alphonsiana","灰喉鸦雀","Ashy-throated Parrotbill","Passeriformes","LC",1
"Suthora conspicillata","白眶鸦雀","Spectacled Parrotbill","Passeriformes","LC",1
"Suthora fulvifrons","黄额鸦雀","Fulvous Parrotbill","Passeriformes","LC",1
"Suthora przewalskii","灰冠鸦雀","Rusty-throated Parrotbill","Passeriformes","LC",1
"Suthora webbiana","棕头鸦雀","Vinous-throated Parrotbill","Passeriformes","LC",1
"Sylvia atricapilla","黑顶林莺","Eurasian Blackcap","Passeriformes","LC",1
"Sylviparus modestus","黄眉林雀","Yellow-browed Tit","Passeriformes","LC",1
"Tarsiger chrysaeus","金色林鸲","Golden Bush-robin","Passeriformes","LC",5
"Tarsiger indicus","白眉林鸲","White-browed Bush-robin","Passeriformes","LC",1
"Temnurus temnurus","塔尾树鹊","Ratchet-tailed Treepie","Passeriformes","LC",1
"Tephrodornis virgatus","钩嘴林鵙","Large Woodshrike","Passeriformes","LC",1
"Timalia pileata","红顶鹛","Chestnut-capped Babbler","Passeriformes","LC",1
"Turdus boulboul","灰翅鸫","Grey-winged Blackbird","Passeriformes","LC",10
"Turdus cardis","乌灰鸫","Japanese Thrush","Passeriformes","LC",2
"Turdus feae","褐头鸫","Grey-sided Thrush","Passeriformes","VU",2
"Turdus migratorius","旅鸫","American Robin","Passeriformes","LC",1
"Turdus naumanni","红尾斑鸫","Naumann's Thrush","Passeriformes","LC",1
"Turdus pilaris","田鸫","Fieldfare","Passeriformes","LC",2
"Turdus rubrocanus","灰头鸫","Chestnut Thrush","Passeriformes","LC",4
"Turdus ruficollis","赤颈鸫","Rufous-throated Thrush","Passeriformes","LC",1
"Turdus viscivorus","槲鸫","Mistle Thrush","Passeriformes","LC",2
"Urosphena squameiceps","鳞头树莺","Asian Stubtail","Passeriformes","LC",1
"Yuhina nigrimenta","黑颏凤鹛","Black-chinned Yuhina","Passeriformes","LC",2
"Zoothera dixoni","长尾地鸫","Long-tailed Thrush","Passeriformes","LC",2
"Zoothera mollissima","光背地鸫","Alpine Thrush","Passeriformes","LC",5
"Zoothera monticola","大长嘴地鸫","Long-billed Thrush","Passeriformes","LC",2
"Zosterops erythropleurus","红胁绣眼鸟","Chestnut-flanked White-eye","Passeriformes","LC",1
"Zosterops meyeni","日本绣眼鸟","Lowland White-eye","Passeriformes","LC",1
"Ardea intermedia","中白鹭","Intermediate Egret","Pelecaniformes","LC",2
"Ardea purpurea","草鹭","Purple Heron","Pelecaniformes","LC",1
"Ardeola grayii","印度池鹭","Indian Pond Heron","Pelecaniformes","LC",1
"Ardeola speciosa","爪哇池鹭","Javan Pond-Heron","Pelecaniformes","LC",1
"Bubulcus ibis","牛背鹭","Cattle Egret","Pelecaniformes","NR",3
"Egretta eulophotes","黄嘴白鹭","Chinese Egret","Pelecaniformes","VU",2
"Egretta garzetta","白鹭","Little Egret","Pelecaniformes","LC",1
"Egretta picata","斑鹭","Pied Heron","Pelecaniformes","LC",1
"Gorsachius goisagi","栗头鳽","Japanese Night Heron","Pelecaniformes","VU",1
"Ixobrychus cinnamomeus","栗苇鳽","Cinnamon Bittern","Pelecaniformes","LC",1
"Ixobrychus eurhythmus","紫背苇鳽","Schrenck's Bittern","Pelecaniformes","LC",1
"Ixobrychus minutus","小苇鳽","Common Little Bittern","Pelecaniformes","LC",1
"Mycteria leucocephala","白头鹮鹳","Painted Stork","Pelecaniformes","LC",1
"Nycticorax nycticorax","夜鹭","Black-crowned Night Heron","Pelecaniformes","LC",1
"Oroanassa magnifica","海南鳽","White-eared Night Heron","Pelecaniformes","EN",7
"Pelecanus crispus","卷羽鹈鹕","Dalmatian Pelican","Pelecaniformes","NT",1
"Pelecanus onocrotalus","白鹈鹕","Great White Pelican","Pelecaniformes","LC",3
"Plegadis falcinellus","彩鹮","Glossy Ibis","Pelecaniformes","LC",2
"Phoenicopterus roseus","大红鹳","Greater Flamingo","Phoenicopteriformes","LC",19
"Dendrocopos hyperythrus","棕腹啄木鸟","Rufous-bellied Woodpecker","Piciformes","LC",1
"Indicator xanthonotus","黄腰响蜜鴷","Yellow-rumped Honeyguide","Piciformes","LC",1
"Picumnus innominatus","斑姬啄木鸟","Speckled Piculet","Piciformes","LC",2
"Picus chlorolophus","黄冠啄木鸟","Lesser Yellownape","Piciformes","LC",1
"Psilopogon faber","黑眉拟啄木鸟","Chinese Barbet","Piciformes","LC",1
"Psilopogon faiostrictus","黄纹拟啄木鸟","Green-eared Barbet","Piciformes","LC",2
"Psilopogon virens","大拟啄木鸟","Great Barbet","Piciformes","LC",1
"Sasia ochracea","白眉棕啄木鸟","White-browed Piculet","Piciformes","LC",2
"Podiceps auritus","角䴙䴘","Horned Grebe","Podicipediformes","VU",2
"Podiceps grisegena","赤颈䴙䴘","Red-necked Grebe","Podicipediformes","LC",1
"Podiceps nigricollis","黑颈䴙䴘","Black-necked Grebe","Podicipediformes","LC",2
"Ardenna pacifica","楔尾鹱","Wedge-tailed Shearwater","Procellariiformes","LC",2
"Calonectris leucomelas","白额鹱","Streaked Shearwater","Procellariiformes","NT",2
"Oceanites oceanicus","黄蹼洋海燕","Wilson's Storm-petrel","Procellariiformes","LC",1
"Otus semitorques","日本领角鸮","Japanese Scops Owl","Procellariiformes","LC",5
"Phoebastria immutabilis","黑背信天翁","Laysan Albatross","Procellariiformes","NT",1
"Syrrhaptes paradoxus","毛腿沙鸡","Pallas's Sandgrouse","Pterocliformes","LC",1
"Asio flammeus","短耳鸮","Short-eared Owl","Strigiformes","LC",1
"Athene noctua","纵纹腹小鸮","Little Owl","Strigiformes","LC",2
"Bubo nipalensis","林雕鸮","Spot-bellied Eagle-owl","Strigiformes","LC",2
"Glaucidium cuculoides","斑头鸺鹠","Asian Barred Owlet","Strigiformes","LC",1
"Ketupa flavipes","黄腿渔鸮","Tawny Fish-owl","Strigiformes","LC",1
"Ninox japonica","日本鹰鸮","Northern Boobook","Strigiformes","LC",1
"Otus lettia","领角鸮","Collared Scops-owl","Strigiformes","LC",1
"Otus spilocephalus","黄嘴角鸮","Mountain Scops-owl","Strigiformes","LC",1
"Sula dactylatra","蓝脸鲣鸟","Blue-faced Booby","Strigiformes","LC",3
"Tyto alba","仓鸮","Common Barn-owl","Strigiformes","LC",3
"Tyto longimembris","草鸮","Eastern Grass-owl","Strigiformes","LC",1
"Anhinga melanogaster","黑腹蛇鹈","Oriental Darter","Suliformes","LC",1
"Fregata andrewsi","白腹军舰鸟","Christmas Island Frigatebird","Suliformes","VU",2
"Fregata ariel","白斑军舰鸟","Lesser Frigatebird","Suliformes","LC",4
"Sula granti","橙嘴鲣鸟","Nazca Booby","Suliformes","LC",1
"Sula sula","红脚鲣鸟","Red-footed Booby","Suliformes","LC",4
"Urile pelagicus","海鸬鹚","Pelagic Cormorant","Suliformes","LC",1
"Harpactes wardi","红腹咬鹃","Ward's Trogon","Trogoniformes","LC",1
